{"display":{"gui":{"rotation":[-150.0,-45.0,180.0]}},"elements":[{"from":[6.5,0.5,8.0],"to":[9.5,15.5,8.0],"faces":{"south":{"uv":[0.0,0.0,15.0,3.0],"texture":"#0","rotation":90,"tintindex":0},"north":{"uv":[0.0,0.0,15.0,3.0],"texture":"#0","rotation":90,"tintindex":0}}},{"from":[8.0,0.5,6.5],"to":[8.0,15.5,9.5],"faces":{"east":{"uv":[0.0,0.0,15.0,3.0],"texture":"#0","rotation":90,"tintindex":0},"west":{"uv":[0.0,0.0,15.0,3.0],"texture":"#0","rotation":90,"tintindex":0}}}],"textures":{"0":"modelengine:4c309deb-cdd5-43ef-8092-8a07ff9b5e02","particle":"#0"}}