{"display":{"gui":{"rotation":[-150.0,-45.0,180.0]}},"elements":[{"from":[6.5,0.5,8.0],"to":[9.5,15.5,8.0],"faces":{"south":{"uv":[0.0,0.0,15.0,3.0],"texture":"#0","rotation":90,"tintindex":0},"north":{"uv":[0.0,0.0,15.0,3.0],"texture":"#0","rotation":90,"tintindex":0}}},{"from":[8.0,0.5,6.5],"to":[8.0,15.5,9.5],"faces":{"east":{"uv":[0.0,0.0,15.0,3.0],"texture":"#0","rotation":90,"tintindex":0},"west":{"uv":[0.0,0.0,15.0,3.0],"texture":"#0","rotation":90,"tintindex":0}}}],"textures":{"0":"modelengine:3df51fef-a946-4701-a6e9-d2bb6bff37c6","particle":"#0"}}