{"display":{"gui":{"rotation":[-150.0,-45.0,180.0]}},"elements":[{"from":[2.0,-3.0,1.0],"to":[14.0,8.0,10.0],"faces":{"east":{"uv":[3.375,1.125,4.5,2.5],"texture":"#0","tintindex":0},"south":{"uv":[1.875,1.375,3.375,2.75],"texture":"#0","tintindex":0},"north":{"uv":[1.875,0.0,3.375,1.375],"texture":"#0","tintindex":0},"west":{"uv":[3.5,2.5,4.625,3.875],"texture":"#0","tintindex":0},"up":{"uv":[3.5,3.875,2.0,2.75],"texture":"#0","tintindex":0},"down":{"uv":[4.875,0.0,3.375,1.125],"texture":"#0","tintindex":0}}}],"textures":{"0":"modelengine:bf0636e1-dad6-4b1e-8046-4e93bb3af525","particle":"#0"}}