{"display":{"gui":{"rotation":[-150.0,-45.0,180.0]}},"elements":[{"from":[7.0,5.0,7.0],"to":[9.0,15.0,10.000002],"faces":{"east":{"uv":[5.125,7.375,5.5,8.625],"texture":"#0","tintindex":0},"south":{"uv":[7.875,4.0,8.125,5.25],"texture":"#0","tintindex":0},"north":{"uv":[4.0,7.875,4.25,9.125],"texture":"#0","tintindex":0},"west":{"uv":[7.5,4.125,7.875,5.375],"texture":"#0","tintindex":0},"up":{"uv":[0.75,6.625,0.5,6.25],"texture":"#0","tintindex":0},"down":{"uv":[6.625,5.125,6.375,5.5],"texture":"#0","tintindex":0}}},{"from":[7.5,15.0,8.0],"to":[8.5,22.0,10.000002],"rotation":{"origin":[7.0,15.0,8.0],"x":22.5,"y":0.0,"z":0.0},"faces":{"east":{"uv":[5.875,8.0,6.125,8.875],"texture":"#0","tintindex":0},"south":{"uv":[5.125,5.75,5.25,6.625],"texture":"#0","tintindex":0},"north":{"uv":[4.375,4.875,4.5,5.75],"texture":"#0","tintindex":0},"west":{"uv":[6.125,8.0,6.375,8.875],"texture":"#0","tintindex":0},"up":{"uv":[1.875,2.75,1.75,2.5],"texture":"#0","tintindex":0},"down":{"uv":[3.5,2.5,3.375,2.75],"texture":"#0","tintindex":0}}},{"from":[8.0,21.467157,10.678785],"to":[8.0,29.467155,12.678785],"rotation":{"origin":[8.0,21.467157,10.678785],"x":45.0,"y":0.0,"z":0.0},"faces":{"east":{"uv":[5.875,2.125,6.125,3.125],"texture":"#0","tintindex":0},"west":{"uv":[6.125,2.125,5.875,3.125],"texture":"#0","tintindex":0}}}],"textures":{"0":"modelengine:fd984d28-bd9b-4e3a-931e-a56c17e04592","particle":"#0"}}