{"display":{"gui":{"rotation":[-150.0,-45.0,180.0]}},"elements":[{"from":[6.5,-16.0,5.0],"to":[9.5,8.0,9.0],"faces":{"east":{"uv":[2.0,3.875,2.5,6.875],"texture":"#0","tintindex":0},"south":{"uv":[5.25,4.375,5.625,7.375],"texture":"#0","tintindex":0},"north":{"uv":[4.0,4.875,4.375,7.875],"texture":"#0","tintindex":0},"west":{"uv":[2.5,3.875,3.0,6.875],"texture":"#0","tintindex":0},"up":{"uv":[8.375,6.875,8.0,6.375],"texture":"#0","tintindex":0},"down":{"uv":[8.375,6.875,8.0,7.375],"texture":"#0","tintindex":0}}}],"textures":{"0":"modelengine:4c11c38f-c290-4e63-ae72-70faa1f88c4b","particle":"#0"}}