{"display":{"gui":{"rotation":[-150.0,-45.0,180.0]}},"elements":[{"from":[4.5,-3.0,6.0],"to":[8.5,14.0,10.0],"faces":{"east":{"uv":[3.5,6.125,4.0,8.25],"texture":"#0","tintindex":0},"south":{"uv":[0.0,6.25,0.5,8.375],"texture":"#0","tintindex":0},"north":{"uv":[3.0,6.125,3.5,8.25],"texture":"#0","tintindex":0},"west":{"uv":[6.25,2.125,6.75,4.25],"texture":"#0","tintindex":0},"up":{"uv":[2.0,8.5,1.5,8.0],"texture":"#0","tintindex":0},"down":{"uv":[8.5,5.25,8.0,5.75],"texture":"#0","tintindex":0}}},{"from":[5.5,9.0,9.5],"to":[9.5,16.0,14.5],"rotation":{"origin":[5.5,8.5,9.5],"x":-22.5,"y":0.0,"z":0.0},"faces":{"east":{"uv":[7.375,7.375,8.0,8.25],"texture":"#0","tintindex":0},"south":{"uv":[7.5,6.25,8.0,7.125],"texture":"#0","tintindex":0},"north":{"uv":[7.5,5.375,8.0,6.25],"texture":"#0","tintindex":0},"west":{"uv":[7.5,1.75,8.125,2.625],"texture":"#0","tintindex":0},"up":{"uv":[8.125,4.0,7.625,3.375],"texture":"#0","tintindex":0},"down":{"uv":[8.375,0.75,7.875,1.375],"texture":"#0","tintindex":0}}}],"textures":{"0":"modelengine:6c074baf-1eb9-4cc0-af1c-efa9fc0dce6a","particle":"#0"}}