{"display":{"gui":{"rotation":[-150.0,-45.0,180.0]}},"elements":[{"from":[6.0,-4.0,5.0],"to":[10.0,11.0,11.0],"faces":{"east":{"uv":[0.0,4.375,0.75,6.25],"texture":"#0","tintindex":0},"south":{"uv":[1.0,6.75,1.5,8.625],"texture":"#0","tintindex":0},"north":{"uv":[0.5,6.75,1.0,8.625],"texture":"#0","tintindex":0},"west":{"uv":[4.5,3.875,5.25,5.75],"texture":"#0","tintindex":0},"up":{"uv":[5.125,3.875,4.625,3.125],"texture":"#0","tintindex":0},"down":{"uv":[8.125,2.625,7.625,3.375],"texture":"#0","tintindex":0}}}],"textures":{"0":"modelengine:59c40570-0f9b-4d1d-a213-4f09a884b245","particle":"#0"}}