{"display":{"gui":{"rotation":[-150.0,-45.0,180.0]}},"elements":[{"from":[0.0,8.0,8.0],"to":[8.0,10.0,8.0],"faces":{"east":{"uv":[15.875,15.875,16.0,16.0],"texture":"#0","tintindex":0},"south":{"uv":[9.625,6.5,8.625,6.75],"texture":"#0","tintindex":0},"north":{"uv":[8.625,6.5,9.625,6.75],"texture":"#0","tintindex":0},"west":{"uv":[15.875,15.875,16.0,16.0],"texture":"#0","tintindex":0},"up":{"uv":[15.875,15.875,16.0,16.0],"texture":"#0","tintindex":0},"down":{"uv":[15.875,15.875,16.0,16.0],"texture":"#0","tintindex":0}}}],"textures":{"0":"modelengine:756985ac-a42c-43b7-aa39-093f37748dd6","particle":"#0"}}