{"display":{"thirdperson_righthand":{"translation":[0.5,2.0,0.5],"scale":[0.9,0.9,0.9]},"thirdperson_lefthand":{"translation":[0.5,2.0,0.5],"scale":[0.9,0.9,0.9]},"ground":{"rotation":[0.0,0.0,90.0],"translation":[6.0,-2.25,0.5]},"gui":{"rotation":[-90.0,-45.0,-90.0],"translation":[-3.5,-3.5,0.0],"scale":[0.6,0.6,0.6]},"fixed":{"rotation":[-90.0,45.0,90.0],"translation":[4.5,-4.75,0.0],"scale":[0.8,0.8,0.8]}},"elements":[{"from":[7.0,-1.0,5.5],"to":[9.0,2.0,8.5],"rotation":{"origin":[8.0,-0.5,8.0],"x":45.0,"y":0.0,"z":0.0},"faces":{"north":{"uv":[10.0,3.0,11.0,4.5],"texture":"#0"},"east":{"uv":[9.0,0.0,10.5,1.5],"texture":"#0"},"south":{"uv":[10.0,4.5,11.0,6.0],"texture":"#0"},"west":{"uv":[10.5,1.5,9.0,3.0],"texture":"#0"},"up":{"uv":[11.0,7.5,10.0,6.0],"texture":"#0"},"down":{"uv":[8.0,10.0,7.0,11.5],"texture":"#0"}}},{"from":[7.001,2.001,7.001],"to":[8.999,7.999,8.999],"rotation":{"origin":[7.0,5.0,7.0],"x":0.0,"y":0.0,"z":0.0},"faces":{"north":{"uv":[7.0,4.0,8.0,7.0],"texture":"#0"},"east":{"uv":[7.0,7.0,8.0,10.0],"texture":"#0"},"south":{"uv":[8.0,4.0,9.0,7.0],"texture":"#0"},"west":{"uv":[8.0,7.0,9.0,10.0],"texture":"#0"},"up":{"uv":[12.0,3.5,11.0,2.5],"texture":"#0"},"down":{"uv":[4.0,11.0,3.0,12.0],"texture":"#0"}}},{"from":[7.0,6.0,4.0],"to":[9.0,8.0,7.0],"rotation":{"origin":[8.0,8.0,6.0],"x":45.0,"y":0.0,"z":0.0},"faces":{"north":{"uv":[11.0,3.5,12.0,4.5],"texture":"#0"},"east":{"uv":[11.5,8.5,10.0,7.5],"texture":"#0"},"south":{"uv":[4.0,11.0,5.0,12.0],"texture":"#0"},"west":{"uv":[10.0,8.5,11.5,9.5],"texture":"#0"},"up":{"uv":[9.0,11.5,8.0,10.0],"texture":"#0"},"down":{"uv":[11.0,9.5,10.0,11.0],"texture":"#0"}}},{"from":[7.5,8.0,5.0],"to":[8.5,30.0,11.0],"rotation":{"origin":[7.0,11.0,7.0],"x":0.0,"y":0.0,"z":0.0},"faces":{"north":{"uv":[6.0,0.0,6.5,11.0],"texture":"#0"},"east":{"uv":[3.0,0.0,6.0,11.0],"texture":"#0"},"south":{"uv":[6.5,0.0,7.0,11.0],"texture":"#0"},"west":{"uv":[3.0,0.0,6.0,11.0],"texture":"#0"},"up":{"uv":[11.0,3.0,10.5,0.0],"texture":"#0"},"down":{"uv":[0.5,11.0,0.0,14.0],"texture":"#0"}}},{"from":[6.999,5.999,5.999],"to":[9.001,10.001,10.001],"rotation":{"origin":[8.0,8.0,8.0],"x":45.0,"y":0.0,"z":0.0},"faces":{"north":{"uv":[9.0,3.0,10.0,5.0],"texture":"#0"},"east":{"uv":[7.0,2.0,9.0,4.0],"texture":"#0"},"south":{"uv":[9.0,5.0,10.0,7.0],"texture":"#0"},"west":{"uv":[9.0,2.0,7.0,4.0],"texture":"#0"},"up":{"uv":[10.0,9.0,9.0,7.0],"texture":"#0"},"down":{"uv":[10.0,9.0,9.0,11.0],"texture":"#0"}}},{"from":[7.0,6.0,9.0],"to":[9.0,8.0,12.0],"rotation":{"origin":[8.0,8.0,10.0],"x":-45.0,"y":0.0,"z":0.0},"faces":{"north":{"uv":[5.0,11.0,4.0,12.0],"texture":"#0"},"east":{"uv":[10.0,8.5,11.5,7.5],"texture":"#0"},"south":{"uv":[12.0,3.5,11.0,4.5],"texture":"#0"},"west":{"uv":[11.5,8.5,10.0,9.5],"texture":"#0"},"up":{"uv":[9.0,10.0,8.0,11.5],"texture":"#0"},"down":{"uv":[11.0,11.0,10.0,9.5],"texture":"#0"}}}],"textures":{"0":"polished-amethyst-armor-weapons-wastudio:d7939232-c39f-4192-89e4-684977130dc3","particle":"polished-amethyst-armor-weapons-wastudio:d7939232-c39f-4192-89e4-684977130dc3"},"gui_light":"front"}