{"display":{"thirdperson_righthand":{"translation":[0.0,-8.5,0.0],"scale":[0.6,0.6,0.6]},"thirdperson_lefthand":{"translation":[0.0,-8.5,0.0],"scale":[0.6,0.6,0.6]},"firstperson_righthand":{"translation":[0.75,-8.5,0.0],"scale":[0.7,0.7,0.7]},"firstperson_lefthand":{"translation":[0.75,-8.5,0.0],"scale":[0.7,0.7,0.7]},"ground":{"translation":[0.0,-6.5,1.0],"scale":[0.6,0.6,0.6]},"gui":{"rotation":[0.0,180.0,0.0],"translation":[0.0,-11.5,2.0],"scale":[0.9,0.9,0.9]},"head":{"translation":[0.5,-18.5,0.75],"scale":[1.6,1.6,1.6]},"fixed":{"translation":[-0.25,-12.5,2.0]}},"elements":[{"from":[11.0,19.0,2.4],"to":[14.0,21.0,4.4],"rotation":{"origin":[8.0,20.0,3.4],"x":0.0,"y":0.0,"z":45.0},"faces":{"north":{"uv":[6.5,5.0,7.25,5.5],"texture":"#0"},"east":{"uv":[7.0,1.0,7.5,1.5],"texture":"#0"},"south":{"uv":[6.5,5.5,7.25,6.0],"texture":"#0"},"west":{"uv":[7.0,1.5,7.5,2.0],"texture":"#0"},"up":{"uv":[3.25,7.25,2.5,6.75],"texture":"#0"},"down":{"uv":[4.0,6.75,3.25,7.25],"texture":"#0"}}},{"from":[14.0,19.0,2.4],"to":[15.0,23.0,4.4],"rotation":{"origin":[8.0,20.0,3.4],"x":0.0,"y":0.0,"z":45.0},"faces":{"north":{"uv":[7.0,2.0,7.25,3.0],"texture":"#0"},"east":{"uv":[1.0,6.5,1.5,7.5],"texture":"#0"},"south":{"uv":[7.0,3.0,7.25,4.0],"texture":"#0"},"west":{"uv":[6.5,1.0,7.0,2.0],"texture":"#0"},"up":{"uv":[3.0,7.75,2.75,7.25],"texture":"#0"},"down":{"uv":[3.25,7.25,3.0,7.75],"texture":"#0"}}},{"from":[1.0,19.0,2.4],"to":[2.0,23.0,4.4],"rotation":{"origin":[8.0,20.0,3.4],"x":0.0,"y":0.0,"z":-45.0},"faces":{"north":{"uv":[7.25,2.0,7.0,3.0],"texture":"#0"},"east":{"uv":[7.0,1.0,6.5,2.0],"texture":"#0"},"south":{"uv":[7.25,3.0,7.0,4.0],"texture":"#0"},"west":{"uv":[1.5,6.5,1.0,7.5],"texture":"#0"},"up":{"uv":[2.75,7.75,3.0,7.25],"texture":"#0"},"down":{"uv":[3.0,7.25,3.25,7.75],"texture":"#0"}}},{"from":[2.0,19.0,2.4],"to":[5.0,21.0,4.4],"rotation":{"origin":[8.0,20.0,3.4],"x":0.0,"y":0.0,"z":-45.0},"faces":{"north":{"uv":[7.25,5.0,6.5,5.5],"texture":"#0"},"east":{"uv":[7.5,1.5,7.0,2.0],"texture":"#0"},"south":{"uv":[7.25,5.5,6.5,6.0],"texture":"#0"},"west":{"uv":[7.5,1.0,7.0,1.5],"texture":"#0"},"up":{"uv":[2.5,7.25,3.25,6.75],"texture":"#0"},"down":{"uv":[3.25,6.75,4.0,7.25],"texture":"#0"}}},{"from":[7.0,19.0,2.4],"to":[11.0,23.0,4.4],"rotation":{"origin":[8.0,20.0,3.4],"x":0.0,"y":0.0,"z":45.0},"faces":{"north":{"uv":[0.0,6.5,1.0,7.5],"texture":"#0"},"east":{"uv":[6.5,2.0,7.0,3.0],"texture":"#0"},"south":{"uv":[7.5,0.0,6.5,1.0],"texture":"#0"},"west":{"uv":[6.5,3.0,7.0,4.0],"texture":"#0"},"up":{"uv":[7.5,4.5,6.5,4.0],"texture":"#0"},"down":{"uv":[7.5,4.5,6.5,5.0],"texture":"#0"}}},{"from":[3.0,14.8,3.0],"to":[13.0,17.8,13.0],"rotation":{"origin":[8.0,-7.6,8.0],"x":0.0,"y":0.0,"z":0.0},"faces":{"north":{"uv":[0.0,5.0,2.5,5.75],"texture":"#0"},"east":{"uv":[0.0,5.75,2.5,6.5],"texture":"#0"},"south":{"uv":[2.5,6.0,5.0,6.75],"texture":"#0"},"west":{"uv":[5.0,6.0,7.5,6.75],"texture":"#0"},"up":{"uv":[2.5,2.5,0.0,0.0],"texture":"#0"},"down":{"uv":[2.5,2.5,0.0,5.0],"texture":"#0"}}},{"from":[3.4,14.8,3.4],"to":[12.6,24.0,12.6],"rotation":{"origin":[8.0,-8.0,8.0],"x":0.0,"y":0.0,"z":0.0},"faces":{"north":{"uv":[2.5,0.0,4.5,2.0],"texture":"#0"},"east":{"uv":[2.5,2.0,4.5,4.0],"texture":"#0"},"south":{"uv":[2.5,4.0,4.5,6.0],"texture":"#0"},"west":{"uv":[4.5,0.0,6.5,2.0],"texture":"#0"},"up":{"uv":[6.5,4.0,4.5,2.0],"texture":"#0"},"down":{"uv":[6.5,4.0,4.5,6.0],"texture":"#0"}}}],"textures":{"0":"polished-amethyst-armor-weapons-wastudio:281e53ea-8b1e-4429-839d-54e8cadf6a99","particle":"polished-amethyst-armor-weapons-wastudio:281e53ea-8b1e-4429-839d-54e8cadf6a99"}}