{"display":{"thirdperson_righthand":{"translation":[-1.5,-5.75,0.0]},"thirdperson_lefthand":{"translation":[1.5,-5.75,0.0]},"firstperson_lefthand":{"translation":[3.0,0.0,0.0]},"ground":{"rotation":[-90.0,90.0,0.0],"translation":[-1.0,0.0,4.25]},"gui":{"rotation":[-90.0,-45.0,-90.0],"translation":[-0.25,-3.25,0.0],"scale":[0.6,0.6,0.6]},"fixed":{"rotation":[-90.0,45.0,90.0],"translation":[0.25,-3.5,1.75],"scale":[0.7,0.7,0.7]}},"elements":[{"from":[9.001,15.101,7.001],"to":[9.999,25.099,10.999],"rotation":{"origin":[9.0,0.1,9.0],"x":0.0,"y":0.0,"z":0.0},"faces":{"north":{"uv":[10.0,2.0,11.0,12.0],"texture":"#1"},"east":{"uv":[0.0,0.0,4.0,10.0],"texture":"#1"},"south":{"uv":[11.0,2.0,12.0,12.0],"texture":"#1"},"west":{"uv":[4.0,0.0,0.0,10.0],"texture":"#1"},"up":{"uv":[5.0,15.0,4.0,11.0],"texture":"#1"},"down":{"uv":[6.0,11.0,5.0,15.0],"texture":"#1"}}},{"from":[9.0,22.1,7.0],"to":[10.0,26.1,11.0],"rotation":{"origin":[10.0,24.6,8.5],"x":-45.0,"y":0.0,"z":0.0},"faces":{"north":{"uv":[6.0,11.0,7.0,15.0],"texture":"#1"},"east":{"uv":[4.0,0.0,8.0,4.0],"texture":"#1"},"south":{"uv":[7.0,11.0,8.0,15.0],"texture":"#1"},"west":{"uv":[8.0,0.0,4.0,4.0],"texture":"#1"},"up":{"uv":[13.0,6.0,12.0,2.0],"texture":"#1"},"down":{"uv":[13.0,6.0,12.0,10.0],"texture":"#1"}}},{"from":[9.0,25.1,11.0],"to":[10.0,26.1,14.0],"rotation":{"origin":[10.0,24.6,8.5],"x":-45.0,"y":0.0,"z":0.0},"faces":{"north":{"uv":[13.0,9.0,14.0,10.0],"texture":"#1"},"east":{"uv":[13.0,4.0,16.0,5.0],"texture":"#1"},"south":{"uv":[8.0,14.0,9.0,15.0],"texture":"#1"},"west":{"uv":[13.0,5.0,16.0,6.0],"texture":"#1"},"up":{"uv":[14.0,9.0,13.0,6.0],"texture":"#1"},"down":{"uv":[15.0,6.0,14.0,9.0],"texture":"#1"}}},{"from":[9.0,24.1,11.0],"to":[10.0,25.1,12.0],"rotation":{"origin":[10.0,24.6,8.5],"x":-45.0,"y":0.0,"z":0.0},"faces":{"north":{"uv":[9.0,14.0,10.0,15.0],"texture":"#1"},"east":{"uv":[14.0,9.0,15.0,10.0],"texture":"#1"},"south":{"uv":[10.0,14.0,11.0,15.0],"texture":"#1"},"west":{"uv":[14.0,10.0,15.0,11.0],"texture":"#1"},"up":{"uv":[12.0,15.0,11.0,14.0],"texture":"#1"},"down":{"uv":[15.0,11.0,14.0,12.0],"texture":"#1"}}},{"from":[8.5,14.0,7.0],"to":[10.5,16.0,13.0],"rotation":{"origin":[10.0,14.5,8.5],"x":-45.0,"y":0.0,"z":0.0},"faces":{"north":{"uv":[10.0,12.0,12.0,14.0],"texture":"#1"},"east":{"uv":[10.0,0.0,16.0,2.0],"texture":"#1"},"south":{"uv":[12.0,10.0,14.0,12.0],"texture":"#1"},"west":{"uv":[16.0,0.0,10.0,2.0],"texture":"#1"},"up":{"uv":[2.0,16.0,0.0,10.0],"texture":"#1"},"down":{"uv":[4.0,10.0,2.0,16.0],"texture":"#1"}}},{"from":[9.001,-1.099,7.001],"to":[9.999,8.899,10.999],"rotation":{"origin":[9.0,23.9,9.0],"x":0.0,"y":0.0,"z":0.0},"faces":{"north":{"uv":[10.0,12.0,11.0,2.0],"texture":"#1"},"east":{"uv":[0.0,10.0,4.0,0.0],"texture":"#1"},"south":{"uv":[11.0,12.0,12.0,2.0],"texture":"#1"},"west":{"uv":[4.0,10.0,0.0,0.0],"texture":"#1"},"up":{"uv":[5.0,11.0,6.0,15.0],"texture":"#1"},"down":{"uv":[4.0,11.0,5.0,15.0],"texture":"#1"}}},{"from":[9.0,-2.1,7.0],"to":[10.0,1.9,11.0],"rotation":{"origin":[10.0,-0.6,8.5],"x":45.0,"y":0.0,"z":0.0},"faces":{"north":{"uv":[6.0,15.0,7.0,11.0],"texture":"#1"},"east":{"uv":[4.0,4.0,8.0,0.0],"texture":"#1"},"south":{"uv":[7.0,15.0,8.0,11.0],"texture":"#1"},"west":{"uv":[8.0,4.0,4.0,0.0],"texture":"#1"},"up":{"uv":[12.0,6.0,13.0,10.0],"texture":"#1"},"down":{"uv":[12.0,2.0,13.0,6.0],"texture":"#1"}}},{"from":[9.0,-2.1,11.0],"to":[10.0,-1.1,14.0],"rotation":{"origin":[10.0,-0.6,8.5],"x":45.0,"y":0.0,"z":0.0},"faces":{"north":{"uv":[13.0,10.0,14.0,9.0],"texture":"#1"},"east":{"uv":[13.0,5.0,16.0,4.0],"texture":"#1"},"south":{"uv":[8.0,15.0,9.0,14.0],"texture":"#1"},"west":{"uv":[13.0,6.0,16.0,5.0],"texture":"#1"},"up":{"uv":[14.0,6.0,15.0,9.0],"texture":"#1"},"down":{"uv":[13.0,6.0,14.0,9.0],"texture":"#1"}}},{"from":[9.0,-1.1,11.0],"to":[10.0,-0.1,12.0],"rotation":{"origin":[10.0,-0.6,8.5],"x":45.0,"y":0.0,"z":0.0},"faces":{"north":{"uv":[9.0,15.0,10.0,14.0],"texture":"#1"},"east":{"uv":[14.0,10.0,15.0,9.0],"texture":"#1"},"south":{"uv":[10.0,15.0,11.0,14.0],"texture":"#1"},"west":{"uv":[14.0,11.0,15.0,10.0],"texture":"#1"},"up":{"uv":[14.0,11.0,15.0,12.0],"texture":"#1"},"down":{"uv":[11.0,14.0,12.0,15.0],"texture":"#1"}}},{"from":[8.5,8.0,7.0],"to":[10.5,10.0,13.0],"rotation":{"origin":[10.0,9.5,8.5],"x":45.0,"y":0.0,"z":0.0},"faces":{"north":{"uv":[10.0,14.0,12.0,12.0],"texture":"#1"},"east":{"uv":[10.0,2.0,16.0,0.0],"texture":"#1"},"south":{"uv":[12.0,12.0,14.0,10.0],"texture":"#1"},"west":{"uv":[16.0,2.0,10.0,0.0],"texture":"#1"},"up":{"uv":[2.0,10.0,4.0,16.0],"texture":"#1"},"down":{"uv":[0.0,10.0,2.0,16.0],"texture":"#1"}}},{"from":[8.501,8.301,8.001],"to":[10.499,15.299,9.999],"rotation":{"origin":[8.5,-8.7,10.0],"x":0.0,"y":0.0,"z":0.0},"faces":{"north":{"uv":[4.0,4.0,6.0,11.0],"texture":"#1"},"east":{"uv":[6.0,4.0,8.0,11.0],"texture":"#1"},"south":{"uv":[8.0,0.0,10.0,7.0],"texture":"#1"},"west":{"uv":[8.0,7.0,10.0,14.0],"texture":"#1"},"up":{"uv":[14.0,14.0,12.0,12.0],"texture":"#1"},"down":{"uv":[15.0,2.0,13.0,4.0],"texture":"#1"}}}],"textures":{"1":"polished-amethyst-armor-weapons-wastudio:97ea4b49-47bb-4e10-be79-60c8a6d97269","particle":"polished-amethyst-armor-weapons-wastudio:97ea4b49-47bb-4e10-be79-60c8a6d97269"}}