{"display":{"thirdperson_righthand":{"translation":[0.5,2.0,0.5],"scale":[0.9,0.9,0.9]},"thirdperson_lefthand":{"translation":[0.5,2.0,0.5],"scale":[0.9,0.9,0.9]},"ground":{"rotation":[0.0,0.0,90.0],"translation":[0.25,-2.25,-0.5]},"gui":{"rotation":[-90.0,-45.0,-90.0],"translation":[-1.5,0.25,0.0],"scale":[0.8,0.8,0.8]},"fixed":{"rotation":[-90.0,45.0,90.0],"translation":[1.5,0.75,0.0]}},"elements":[{"from":[7.001,1.001,7.001],"to":[8.999,15.999,8.999],"rotation":{"origin":[15.0,-2.0,16.0],"x":0.0,"y":0.0,"z":0.0},"faces":{"north":{"uv":[2.0,0.0,1.0,7.5],"texture":"#0"},"east":{"uv":[2.0,0.0,1.0,7.5],"texture":"#0"},"south":{"uv":[2.0,0.0,1.0,7.5],"texture":"#0"},"west":{"uv":[2.0,0.0,1.0,7.5],"texture":"#0"},"up":{"uv":[7.5,10.5,6.5,11.5],"texture":"#0"},"down":{"uv":[8.5,11.5,7.5,10.5],"texture":"#0"}}},{"from":[7.501,11.001,2.001],"to":[8.499,15.999,4.999],"rotation":{"origin":[15.0,9.0,15.5],"x":0.0,"y":0.0,"z":0.0},"faces":{"north":{"uv":[5.0,8.0,4.0,10.5],"texture":"#0"},"east":{"uv":[8.5,0.0,7.0,2.5],"texture":"#0"},"south":{"uv":[4.0,7.5,3.0,10.0],"texture":"#0"},"west":{"uv":[7.0,0.0,8.5,2.5],"texture":"#0"},"up":{"uv":[10.5,8.0,9.5,9.5],"texture":"#0"},"down":{"uv":[10.5,11.0,9.5,9.5],"texture":"#0"}}},{"from":[7.0,12.0,5.0],"to":[9.0,15.0,10.0],"rotation":{"origin":[15.0,9.0,15.5],"x":0.0,"y":0.0,"z":0.0},"faces":{"north":{"uv":[9.5,0.0,8.5,1.5],"texture":"#0"},"east":{"uv":[9.5,5.0,7.0,6.5],"texture":"#0"},"south":{"uv":[9.0,8.0,8.0,9.5],"texture":"#0"},"west":{"uv":[7.0,5.0,9.5,6.5],"texture":"#0"},"up":{"uv":[1.0,7.5,0.0,10.0],"texture":"#0"},"down":{"uv":[2.5,10.0,1.5,7.5],"texture":"#0"}}},{"from":[7.5,15.5,2.5],"to":[8.5,18.5,5.5],"rotation":{"origin":[8.0,17.0,3.5],"x":22.5,"y":0.0,"z":0.0},"faces":{"north":{"uv":[11.0,0.0,10.0,1.5],"texture":"#0"},"east":{"uv":[10.0,1.5,8.5,3.0],"texture":"#0"},"south":{"uv":[1.0,10.0,0.0,11.5],"texture":"#0"},"west":{"uv":[8.5,1.5,10.0,3.0],"texture":"#0"},"up":{"uv":[2.0,10.0,1.0,11.5],"texture":"#0"},"down":{"uv":[11.0,3.0,10.0,1.5],"texture":"#0"}}},{"from":[7.5,8.5,2.5],"to":[8.5,11.5,5.5],"rotation":{"origin":[8.0,10.0,3.5],"x":-22.5,"y":0.0,"z":0.0},"faces":{"north":{"uv":[4.0,10.0,3.0,11.5],"texture":"#0"},"east":{"uv":[11.0,4.5,9.5,6.0],"texture":"#0"},"south":{"uv":[3.0,10.0,2.0,11.5],"texture":"#0"},"west":{"uv":[9.5,4.5,11.0,6.0],"texture":"#0"},"up":{"uv":[11.0,3.0,10.0,4.5],"texture":"#0"},"down":{"uv":[5.0,12.0,4.0,10.5],"texture":"#0"}}},{"from":[7.0,-2.0,7.0],"to":[9.0,0.0,9.0],"rotation":{"origin":[8.0,-1.0,8.0],"x":-45.0,"y":0.0,"z":0.0},"faces":{"north":{"uv":[11.5,9.0,10.5,10.0],"texture":"#0"},"east":{"uv":[9.5,10.5,8.5,11.5],"texture":"#0"},"south":{"uv":[11.5,8.0,10.5,9.0],"texture":"#0"},"west":{"uv":[10.5,10.0,11.5,11.0],"texture":"#0"},"up":{"uv":[12.0,0.0,11.0,1.0],"texture":"#0"},"down":{"uv":[12.0,2.0,11.0,1.0],"texture":"#0"}}},{"from":[6.5,-1.0,6.5],"to":[9.5,1.0,9.5],"rotation":{"origin":[15.0,-3.0,16.0],"x":0.0,"y":0.0,"z":0.0},"faces":{"north":{"uv":[11.0,7.0,9.5,8.0],"texture":"#0"},"east":{"uv":[8.0,9.5,6.5,10.5],"texture":"#0"},"south":{"uv":[11.0,6.0,9.5,7.0],"texture":"#0"},"west":{"uv":[9.5,9.5,8.0,10.5],"texture":"#0"},"up":{"uv":[6.5,8.0,5.0,9.5],"texture":"#0"},"down":{"uv":[8.0,9.5,6.5,8.0],"texture":"#0"}}}],"textures":{"0":"polished-amethyst-armor-weapons-wastudio:e8126e77-d7dd-4d9f-9a84-bbf0d846f77e","particle":"polished-amethyst-armor-weapons-wastudio:e8126e77-d7dd-4d9f-9a84-bbf0d846f77e"},"gui_light":"front"}