{"display":{"thirdperson_righthand":{"translation":[0.5,3.5,0.5],"scale":[0.9,0.9,0.9]},"thirdperson_lefthand":{"translation":[0.5,3.5,0.5],"scale":[0.9,0.9,0.9]},"ground":{"rotation":[0.0,0.0,90.0],"translation":[6.5,-2.25,-0.5]},"gui":{"rotation":[-90.0,-45.0,-90.0],"translation":[-3.0,-3.0,0.0],"scale":[0.6,0.6,0.6]},"fixed":{"rotation":[-90.0,45.0,90.0],"translation":[3.5,-3.5,0.0],"scale":[0.75,0.75,0.75]}},"elements":[{"from":[7.5,6.5,6.5],"to":[8.5,30.5,9.5],"rotation":{"origin":[9.0,8.5,7.0],"x":0.0,"y":0.0,"z":0.0},"faces":{"north":{"uv":[1.75,2.5,2.0,8.5],"texture":"#0"},"east":{"uv":[0.0,0.0,0.75,6.0],"texture":"#0"},"south":{"uv":[1.5,2.5,1.75,8.5],"texture":"#0"},"west":{"uv":[0.75,0.0,0.0,6.0],"texture":"#0"},"up":{"uv":[4.25,4.25,3.5,4.0],"texture":"#0","rotation":90},"down":{"uv":[4.75,3.5,4.0,3.75],"texture":"#0","rotation":270}}},{"from":[7.501,29.701,7.501],"to":[8.499,31.699,9.499],"rotation":{"origin":[8.0,31.2,8.0],"x":45.0,"y":0.0,"z":0.0},"faces":{"north":{"uv":[4.25,1.5,4.5,2.0],"texture":"#0"},"east":{"uv":[3.25,1.5,3.75,2.0],"texture":"#0"},"south":{"uv":[2.75,2.0,3.0,2.5],"texture":"#0"},"west":{"uv":[3.5,2.0,4.0,2.5],"texture":"#0"},"up":{"uv":[4.5,4.0,4.0,3.75],"texture":"#0","rotation":90},"down":{"uv":[4.0,4.25,3.5,4.5],"texture":"#0","rotation":270}}},{"from":[7.1,-1.5,7.1],"to":[8.9,6.5,8.9],"rotation":{"origin":[9.0,-15.5,6.0],"x":0.0,"y":0.0,"z":0.0},"faces":{"north":{"uv":[3.0,2.0,3.5,4.0],"texture":"#0"},"east":{"uv":[2.0,2.5,2.5,4.5],"texture":"#0"},"south":{"uv":[2.5,2.5,3.0,4.5],"texture":"#0"},"west":{"uv":[2.75,0.0,3.25,2.0],"texture":"#0"},"up":{"uv":[16.0,3.0,15.5,2.5],"texture":"#0","rotation":90},"down":{"uv":[4.0,3.0,3.5,3.5],"texture":"#0","rotation":270}}},{"from":[7.0,-2.5,7.0],"to":[9.0,-0.5,9.0],"rotation":{"origin":[8.0,-1.5,8.0],"x":45.0,"y":0.0,"z":0.0},"faces":{"north":{"uv":[4.0,2.5,4.5,3.0],"texture":"#0"},"east":{"uv":[3.5,3.5,4.0,4.0],"texture":"#0"},"south":{"uv":[3.75,1.5,4.25,2.0],"texture":"#0"},"west":{"uv":[4.0,2.0,4.5,2.5],"texture":"#0"},"up":{"uv":[3.5,4.5,3.0,4.0],"texture":"#0","rotation":90},"down":{"uv":[4.5,3.0,4.0,3.5],"texture":"#0","rotation":270}}},{"from":[6.999,4.499,6.999],"to":[9.001,6.501,9.001],"rotation":{"origin":[8.0,5.5,8.0],"x":45.0,"y":0.0,"z":0.0},"faces":{"north":{"uv":[4.0,2.5,4.5,3.0],"texture":"#0"},"east":{"uv":[3.5,3.5,4.0,4.0],"texture":"#0"},"south":{"uv":[3.75,1.5,4.25,2.0],"texture":"#0"},"west":{"uv":[4.0,2.0,4.5,2.5],"texture":"#0"},"up":{"uv":[3.5,4.5,3.0,4.0],"texture":"#0","rotation":90},"down":{"uv":[4.5,3.0,4.0,3.5],"texture":"#0","rotation":270}}},{"from":[7.0,5.5,4.0],"to":[9.0,6.5,12.0],"rotation":{"origin":[9.0,-15.5,6.0],"x":0.0,"y":0.0,"z":0.0},"faces":{"north":{"uv":[4.25,4.0,4.75,4.25],"texture":"#0"},"east":{"uv":[3.25,1.0,5.25,1.25],"texture":"#0"},"south":{"uv":[4.0,4.25,4.5,4.5],"texture":"#0"},"west":{"uv":[3.25,1.25,5.25,1.5],"texture":"#0"},"up":{"uv":[5.25,0.5,3.25,0.0],"texture":"#0","rotation":90},"down":{"uv":[5.25,0.5,3.25,1.0],"texture":"#0","rotation":270}}},{"from":[8.0,4.1,11.0],"to":[8.0,9.1,16.0],"rotation":{"origin":[8.0,6.6,13.5],"x":22.5,"y":0.0,"z":0.0},"faces":{"north":{"uv":[0.0,0.0,0.0,1.25],"texture":"#0"},"east":{"uv":[1.5,0.0,2.75,1.25],"texture":"#0"},"south":{"uv":[0.0,0.0,0.0,1.25],"texture":"#0"},"west":{"uv":[2.75,0.0,1.5,1.25],"texture":"#0"},"up":{"uv":[1.25,0.0,0.0,0.0],"texture":"#0","rotation":90},"down":{"uv":[1.25,0.0,0.0,0.0],"texture":"#0","rotation":270}}},{"from":[8.0,4.1,0.0],"to":[8.0,9.1,5.0],"rotation":{"origin":[8.0,6.6,2.5],"x":-22.5,"y":0.0,"z":0.0},"faces":{"north":{"uv":[0.0,0.0,0.0,1.25],"texture":"#0"},"east":{"uv":[2.75,0.0,1.5,1.25],"texture":"#0"},"south":{"uv":[0.0,0.0,0.0,1.25],"texture":"#0"},"west":{"uv":[1.5,0.0,2.75,1.25],"texture":"#0"},"up":{"uv":[0.0,0.0,1.25,0.0],"texture":"#0","rotation":90},"down":{"uv":[0.0,0.0,1.25,0.0],"texture":"#0","rotation":270}}}],"textures":{"0":"polished-amethyst-armor-weapons-wastudio:3cdff838-fa17-4679-b785-edfa8fe61292","particle":"polished-amethyst-armor-weapons-wastudio:3cdff838-fa17-4679-b785-edfa8fe61292"},"gui_light":"front"}