{"display":{"thirdperson_righthand":{"translation":[-1.75,0.75,0.75]},"thirdperson_lefthand":{"translation":[2.0,0.75,0.75]},"firstperson_lefthand":{"translation":[4.0,0.0,0.0]},"ground":{"rotation":[0.0,0.0,90.0],"translation":[0.0,-4.25,0.0]},"gui":{"rotation":[-90.0,-45.0,-90.0],"translation":[-1.5,-1.5,0.0],"scale":[0.8,0.8,0.8]},"fixed":{"rotation":[-90.0,45.0,90.0],"translation":[1.75,-2.0,2.25]}},"elements":[{"from":[9.001,3.001,7.001],"to":[10.999,17.999,8.999],"rotation":{"origin":[9.0,1.0,7.0],"x":0.0,"y":0.0,"z":0.0},"faces":{"north":{"uv":[1.0,0.0,0.0,7.5],"texture":"#0"},"east":{"uv":[1.0,0.0,2.0,7.5],"texture":"#0"},"south":{"uv":[3.0,0.0,2.0,7.5],"texture":"#0"},"west":{"uv":[3.0,0.0,4.0,7.5],"texture":"#0"},"up":{"uv":[9.5,7.5,8.5,6.5],"texture":"#0"},"down":{"uv":[9.5,7.5,8.5,8.5],"texture":"#0"}}},{"from":[8.5,1.0,6.5],"to":[11.5,3.0,9.5],"rotation":{"origin":[9.0,1.0,7.0],"x":0.0,"y":0.0,"z":0.0},"faces":{"north":{"uv":[7.0,6.0,8.5,7.0],"texture":"#0"},"east":{"uv":[7.0,7.0,8.5,8.0],"texture":"#0"},"south":{"uv":[0.0,7.5,1.5,8.5],"texture":"#0"},"west":{"uv":[1.5,7.5,3.0,8.5],"texture":"#0"},"up":{"uv":[5.5,7.5,4.0,6.0],"texture":"#0"},"down":{"uv":[7.0,6.0,5.5,7.5],"texture":"#0"}}},{"from":[9.001,0.001,7.001],"to":[10.999,1.999,8.999],"rotation":{"origin":[10.0,1.0,8.0],"x":45.0,"y":0.0,"z":0.0},"faces":{"north":{"uv":[8.5,8.5,9.5,9.5],"texture":"#0"},"east":{"uv":[2.5,9.0,3.5,10.0],"texture":"#0"},"south":{"uv":[3.5,9.0,4.5,10.0],"texture":"#0"},"west":{"uv":[5.5,9.0,4.5,10.0],"texture":"#0"},"up":{"uv":[6.5,10.0,5.5,9.0],"texture":"#0"},"down":{"uv":[7.5,9.0,6.5,10.0],"texture":"#0"}}},{"from":[9.0,8.0,6.0],"to":[11.0,11.0,9.0],"rotation":{"origin":[10.0,9.0,8.0],"x":45.0,"y":0.0,"z":0.0},"faces":{"north":{"uv":[3.0,7.5,4.0,9.0],"texture":"#0"},"east":{"uv":[7.0,0.0,8.5,1.5],"texture":"#0"},"south":{"uv":[4.0,7.5,5.0,9.0],"texture":"#0"},"west":{"uv":[8.5,1.5,7.0,3.0],"texture":"#0"},"up":{"uv":[6.0,9.0,5.0,7.5],"texture":"#0"},"down":{"uv":[7.0,7.5,6.0,9.0],"texture":"#0"}}},{"from":[9.0,11.0,7.0],"to":[11.0,13.0,9.0],"rotation":{"origin":[10.0,9.0,8.0],"x":45.0,"y":0.0,"z":0.0},"faces":{"north":{"uv":[7.5,9.0,8.5,10.0],"texture":"#0"},"east":{"uv":[0.0,9.5,1.0,10.5],"texture":"#0"},"south":{"uv":[9.5,0.0,10.5,1.0],"texture":"#0"},"west":{"uv":[9.5,3.5,10.5,4.5],"texture":"#0"},"up":{"uv":[10.5,5.5,9.5,4.5],"texture":"#0"},"down":{"uv":[10.5,5.5,9.5,6.5],"texture":"#0"}}},{"from":[9.0,12.0,9.0],"to":[11.0,13.0,11.0],"rotation":{"origin":[10.0,9.0,8.0],"x":45.0,"y":0.0,"z":0.0},"faces":{"north":{"uv":[10.5,5.0,11.5,5.5],"texture":"#0"},"east":{"uv":[10.5,5.5,11.5,6.0],"texture":"#0"},"south":{"uv":[10.5,6.0,11.5,6.5],"texture":"#0"},"west":{"uv":[10.5,6.5,11.5,7.0],"texture":"#0"},"up":{"uv":[10.5,7.5,9.5,6.5],"texture":"#0"},"down":{"uv":[10.5,7.5,9.5,8.5],"texture":"#0"}}},{"from":[9.0,11.0,7.0],"to":[11.0,13.0,9.0],"rotation":{"origin":[10.0,9.0,8.0],"x":-45.0,"y":0.0,"z":0.0},"faces":{"north":{"uv":[10.5,0.0,9.5,1.0],"texture":"#0"},"east":{"uv":[1.0,9.5,0.0,10.5],"texture":"#0"},"south":{"uv":[8.5,9.0,7.5,10.0],"texture":"#0"},"west":{"uv":[10.5,3.5,9.5,4.5],"texture":"#0"},"up":{"uv":[10.5,4.5,9.5,5.5],"texture":"#0"},"down":{"uv":[10.5,6.5,9.5,5.5],"texture":"#0"}}},{"from":[9.0,12.0,5.0],"to":[11.0,13.0,7.0],"rotation":{"origin":[10.0,9.0,8.0],"x":-45.0,"y":0.0,"z":0.0},"faces":{"north":{"uv":[11.5,6.0,10.5,6.5],"texture":"#0"},"east":{"uv":[11.5,5.5,10.5,6.0],"texture":"#0"},"south":{"uv":[11.5,5.0,10.5,5.5],"texture":"#0"},"west":{"uv":[11.5,6.5,10.5,7.0],"texture":"#0"},"up":{"uv":[10.5,6.5,9.5,7.5],"texture":"#0"},"down":{"uv":[10.5,8.5,9.5,7.5],"texture":"#0"}}},{"from":[8.501,14.001,5.001],"to":[11.499,16.999,10.999],"rotation":{"origin":[17.0,-2.0,0.0],"x":0.0,"y":0.0,"z":0.0},"faces":{"north":{"uv":[7.0,3.0,8.5,4.5],"texture":"#0"},"east":{"uv":[4.0,0.0,7.0,1.5],"texture":"#0"},"south":{"uv":[7.0,4.5,8.5,6.0],"texture":"#0"},"west":{"uv":[4.0,1.5,7.0,3.0],"texture":"#0"},"up":{"uv":[7.0,6.0,5.5,3.0],"texture":"#0"},"down":{"uv":[7.0,3.0,5.5,6.0],"texture":"#0"}}},{"from":[9.0,13.9,10.4],"to":[11.0,15.9,13.4],"rotation":{"origin":[10.0,14.9,12.4],"x":22.5,"y":0.0,"z":0.0},"faces":{"north":{"uv":[6.0,10.0,7.0,11.0],"texture":"#0"},"east":{"uv":[8.5,1.5,10.0,2.5],"texture":"#0"},"south":{"uv":[7.0,10.0,8.0,11.0],"texture":"#0"},"west":{"uv":[8.5,2.5,10.0,3.5],"texture":"#0"},"up":{"uv":[9.5,5.0,8.5,3.5],"texture":"#0"},"down":{"uv":[9.5,5.0,8.5,6.5],"texture":"#0"}}},{"from":[9.0,14.9,13.4],"to":[11.0,15.9,15.4],"rotation":{"origin":[10.0,14.9,12.4],"x":22.5,"y":0.0,"z":0.0},"faces":{"north":{"uv":[10.5,8.5,11.5,9.0],"texture":"#0"},"east":{"uv":[9.0,10.5,10.0,11.0],"texture":"#0"},"south":{"uv":[10.5,9.0,11.5,9.5],"texture":"#0"},"west":{"uv":[10.5,9.5,11.5,10.0],"texture":"#0"},"up":{"uv":[1.0,11.5,0.0,10.5],"texture":"#0"},"down":{"uv":[11.5,0.0,10.5,1.0],"texture":"#0"}}},{"from":[9.0,13.9,2.6],"to":[11.0,15.9,5.6],"rotation":{"origin":[10.0,14.9,3.6],"x":-22.5,"y":0.0,"z":0.0},"faces":{"north":{"uv":[8.0,10.0,7.0,11.0],"texture":"#0"},"east":{"uv":[10.0,1.5,8.5,2.5],"texture":"#0"},"south":{"uv":[7.0,10.0,6.0,11.0],"texture":"#0"},"west":{"uv":[10.0,2.5,8.5,3.5],"texture":"#0"},"up":{"uv":[9.5,3.5,8.5,5.0],"texture":"#0"},"down":{"uv":[9.5,6.5,8.5,5.0],"texture":"#0"}}},{"from":[9.0,14.9,0.6],"to":[11.0,15.9,2.6],"rotation":{"origin":[10.0,14.9,3.6],"x":-22.5,"y":0.0,"z":0.0},"faces":{"north":{"uv":[11.5,9.0,10.5,9.5],"texture":"#0"},"east":{"uv":[10.0,10.5,9.0,11.0],"texture":"#0"},"south":{"uv":[11.5,8.5,10.5,9.0],"texture":"#0"},"west":{"uv":[11.5,9.5,10.5,10.0],"texture":"#0"},"up":{"uv":[1.0,10.5,0.0,11.5],"texture":"#0"},"down":{"uv":[11.5,1.0,10.5,0.0],"texture":"#0"}}}],"textures":{"0":"polished-amethyst-armor-weapons-wastudio:df431cf1-33f4-421b-b1d5-b578b159f4fb","particle":"polished-amethyst-armor-weapons-wastudio:df431cf1-33f4-421b-b1d5-b578b159f4fb"}}