{"display":{"thirdperson_righthand":{"translation":[0.5,2.0,0.5],"scale":[0.9,0.9,0.9]},"thirdperson_lefthand":{"translation":[0.5,2.0,0.5],"scale":[0.9,0.9,0.9]},"ground":{"rotation":[0.0,0.0,90.0],"translation":[0.25,-2.25,-0.5]},"gui":{"rotation":[-90.0,-45.0,-90.0],"translation":[-1.75,-1.75,0.0],"scale":[0.7,0.7,0.7]},"fixed":{"rotation":[-90.0,45.0,90.0],"translation":[2.0,-2.0,0.0],"scale":[0.8,0.8,0.8]}},"elements":[{"from":[7.001,1.001,7.001],"to":[8.999,15.999,8.999],"rotation":{"origin":[15.0,-2.0,0.0],"x":0.0,"y":0.0,"z":0.0},"faces":{"north":{"uv":[2.0,3.5,3.0,11.0],"texture":"#0"},"east":{"uv":[2.0,3.5,3.0,11.0],"texture":"#0"},"south":{"uv":[2.0,3.5,3.0,11.0],"texture":"#0"},"west":{"uv":[2.0,3.5,3.0,11.0],"texture":"#0"},"up":{"uv":[5.0,10.5,4.0,9.5],"texture":"#0"},"down":{"uv":[10.5,4.0,9.5,5.0],"texture":"#0"}}},{"from":[7.5,16.0,5.0],"to":[8.5,23.0,11.0],"rotation":{"origin":[15.0,2.0,0.0],"x":0.0,"y":0.0,"z":0.0},"faces":{"north":{"uv":[6.5,8.0,7.0,11.5],"texture":"#0"},"east":{"uv":[6.0,0.0,3.0,3.5],"texture":"#0"},"south":{"uv":[8.0,8.5,8.5,12.0],"texture":"#0"},"west":{"uv":[3.0,0.0,6.0,3.5],"texture":"#0"},"up":{"uv":[9.0,11.5,8.5,8.5],"texture":"#0"},"down":{"uv":[9.5,8.5,9.0,11.5],"texture":"#0"}}},{"from":[7.0,16.0,3.5],"to":[9.0,18.0,7.5],"rotation":{"origin":[8.0,17.0,4.5],"x":22.5,"y":0.0,"z":0.0},"faces":{"north":{"uv":[10.5,4.0,11.5,5.0],"texture":"#0"},"east":{"uv":[7.5,2.0,9.5,3.0],"texture":"#0"},"south":{"uv":[10.5,5.0,11.5,6.0],"texture":"#0"},"west":{"uv":[8.0,7.5,10.0,8.5],"texture":"#0"},"up":{"uv":[9.5,5.0,8.5,3.0],"texture":"#0"},"down":{"uv":[9.5,5.0,8.5,7.0],"texture":"#0"}}},{"from":[7.0,16.0,8.5],"to":[9.0,18.0,12.5],"rotation":{"origin":[8.0,17.0,11.5],"x":-22.5,"y":0.0,"z":0.0},"faces":{"north":{"uv":[11.5,5.0,10.5,6.0],"texture":"#0"},"east":{"uv":[9.5,2.0,7.5,3.0],"texture":"#0"},"south":{"uv":[11.5,4.0,10.5,5.0],"texture":"#0"},"west":{"uv":[10.0,7.5,8.0,8.5],"texture":"#0"},"up":{"uv":[9.5,3.0,8.5,5.0],"texture":"#0"},"down":{"uv":[9.5,7.0,8.5,5.0],"texture":"#0"}}},{"from":[6.5,-1.0,6.5],"to":[9.5,1.0,9.5],"rotation":{"origin":[15.0,-3.0,0.0],"x":0.0,"y":0.0,"z":0.0},"faces":{"north":{"uv":[9.5,0.0,11.0,1.0],"texture":"#0"},"east":{"uv":[9.5,1.0,11.0,2.0],"texture":"#0"},"south":{"uv":[9.5,2.0,11.0,3.0],"texture":"#0"},"west":{"uv":[9.5,3.0,11.0,4.0],"texture":"#0"},"up":{"uv":[8.5,6.0,7.0,4.5],"texture":"#0"},"down":{"uv":[8.5,6.0,7.0,7.5],"texture":"#0"}}},{"from":[7.0,-2.0,7.0],"to":[9.0,0.0,9.0],"rotation":{"origin":[8.0,-1.0,8.0],"x":45.0,"y":0.0,"z":0.0},"faces":{"north":{"uv":[9.5,5.0,10.5,6.0],"texture":"#0"},"east":{"uv":[9.5,6.0,10.5,7.0],"texture":"#0"},"south":{"uv":[7.0,9.5,8.0,10.5],"texture":"#0"},"west":{"uv":[10.5,8.5,9.5,9.5],"texture":"#0"},"up":{"uv":[10.5,10.5,9.5,9.5],"texture":"#0"},"down":{"uv":[6.0,10.0,5.0,11.0],"texture":"#0"}}},{"from":[6.9,10.9,6.9],"to":[9.1,13.1,9.1],"rotation":{"origin":[8.0,12.0,8.0],"x":45.0,"y":0.0,"z":0.0},"faces":{"north":{"uv":[9.5,5.0,10.5,6.0],"texture":"#0"},"east":{"uv":[9.5,6.0,10.5,7.0],"texture":"#0"},"south":{"uv":[7.0,9.5,8.0,10.5],"texture":"#0"},"west":{"uv":[10.5,8.5,9.5,9.5],"texture":"#0"},"up":{"uv":[10.5,10.5,9.5,9.5],"texture":"#0"},"down":{"uv":[6.0,10.0,5.0,11.0],"texture":"#0"}}}],"textures":{"0":"polished-amethyst-armor-weapons-wastudio:5abea84a-70a3-4038-aefc-64bfe3075552","particle":"polished-amethyst-armor-weapons-wastudio:5abea84a-70a3-4038-aefc-64bfe3075552"},"gui_light":"front"}