{"display":{"thirdperson_righthand":{"translation":[-1.75,0.5,0.0],"scale":[0.9,0.9,0.9]},"thirdperson_lefthand":{"translation":[1.75,0.5,0.0],"scale":[0.9,0.9,0.9]},"firstperson_righthand":{"translation":[1.5,-2.5,0.0]},"firstperson_lefthand":{"translation":[5.0,-2.5,0.0]},"ground":{"rotation":[0.0,0.0,90.0],"translation":[5.75,-3.5,0.0],"scale":[0.8,0.8,0.8]},"gui":{"rotation":[-90.0,-45.0,-90.0],"translation":[-3.5,-3.5,0.0],"scale":[0.7,0.7,0.7]},"fixed":{"rotation":[-90.0,45.0,90.0],"translation":[3.75,-4.0,0.0],"scale":[0.8,0.8,0.8]}},"elements":[{"from":[9.001,3.001,7.001],"to":[10.999,8.999,8.999],"rotation":{"origin":[9.0,1.0,7.0],"x":0.0,"y":0.0,"z":0.0},"faces":{"north":{"uv":[6.0,4.0,5.0,7.0],"texture":"#0"},"east":{"uv":[6.0,4.0,7.0,7.0],"texture":"#0"},"south":{"uv":[8.0,0.0,7.0,3.0],"texture":"#0"},"west":{"uv":[7.0,3.0,8.0,6.0],"texture":"#0"},"up":{"uv":[10.0,11.0,9.0,10.0],"texture":"#0"},"down":{"uv":[11.0,9.5,10.0,10.5],"texture":"#0"}}},{"from":[9.501,10.001,6.001],"to":[10.499,27.999,9.999],"rotation":{"origin":[9.0,11.0,7.0],"x":0.0,"y":0.0,"z":0.0},"faces":{"north":{"uv":[4.0,0.0,4.5,9.0],"texture":"#0"},"east":{"uv":[2.0,0.0,4.0,9.0],"texture":"#0"},"south":{"uv":[4.5,0.0,5.0,9.0],"texture":"#0"},"west":{"uv":[2.0,0.0,4.0,9.0],"texture":"#0"},"up":{"uv":[3.5,12.5,3.0,10.5],"texture":"#0"},"down":{"uv":[11.0,3.0,10.5,5.0],"texture":"#0"}}},{"from":[8.5,1.0,6.5],"to":[11.5,3.0,9.5],"rotation":{"origin":[9.0,1.0,7.0],"x":0.0,"y":0.0,"z":0.0},"faces":{"north":{"uv":[9.0,4.5,10.5,5.5],"texture":"#0"},"east":{"uv":[6.0,9.0,7.5,10.0],"texture":"#0"},"south":{"uv":[7.5,9.0,9.0,10.0],"texture":"#0"},"west":{"uv":[9.0,7.5,10.5,8.5],"texture":"#0"},"up":{"uv":[6.5,8.5,5.0,7.0],"texture":"#0"},"down":{"uv":[8.5,6.0,7.0,7.5],"texture":"#0"}}},{"from":[9.001,0.001,7.001],"to":[10.999,1.999,8.999],"rotation":{"origin":[10.0,1.0,8.0],"x":45.0,"y":0.0,"z":0.0},"faces":{"north":{"uv":[0.0,10.5,1.0,11.5],"texture":"#0"},"east":{"uv":[10.5,0.0,11.5,1.0],"texture":"#0"},"south":{"uv":[1.0,10.5,2.0,11.5],"texture":"#0"},"west":{"uv":[11.5,1.0,10.5,2.0],"texture":"#0"},"up":{"uv":[3.0,11.5,2.0,10.5],"texture":"#0"},"down":{"uv":[11.5,2.0,10.5,3.0],"texture":"#0"}}},{"from":[9.0,7.0,6.0],"to":[11.0,10.0,9.0],"rotation":{"origin":[10.0,8.0,8.0],"x":45.0,"y":0.0,"z":0.0},"faces":{"north":{"uv":[4.0,9.0,5.0,10.5],"texture":"#0"},"east":{"uv":[8.0,0.0,9.5,1.5],"texture":"#0"},"south":{"uv":[9.0,8.5,10.0,10.0],"texture":"#0"},"west":{"uv":[9.5,0.0,8.0,1.5],"texture":"#0"},"up":{"uv":[10.5,1.5,9.5,0.0],"texture":"#0"},"down":{"uv":[10.5,1.5,9.5,3.0],"texture":"#0"}}},{"from":[9.5,16.0,6.0],"to":[10.5,20.0,10.0],"rotation":{"origin":[10.0,18.0,8.0],"x":45.0,"y":0.0,"z":0.0},"faces":{"north":{"uv":[3.5,10.5,4.0,12.5],"texture":"#0"},"east":{"uv":[5.0,2.0,7.0,4.0],"texture":"#0"},"south":{"uv":[4.0,10.5,4.5,12.5],"texture":"#0"},"west":{"uv":[7.0,2.0,5.0,4.0],"texture":"#0"},"up":{"uv":[5.0,12.5,4.5,10.5],"texture":"#0"},"down":{"uv":[11.0,5.0,10.5,7.0],"texture":"#0"}}},{"from":[9.5,26.3,6.0],"to":[10.5,29.3,9.0],"rotation":{"origin":[10.0,27.3,8.0],"x":45.0,"y":0.0,"z":0.0},"faces":{"north":{"uv":[10.5,7.0,11.0,8.5],"texture":"#0"},"east":{"uv":[8.0,3.0,9.5,4.5],"texture":"#0"},"south":{"uv":[10.0,10.5,10.5,12.0],"texture":"#0"},"west":{"uv":[9.5,3.0,8.0,4.5],"texture":"#0"},"up":{"uv":[11.0,12.0,10.5,10.5],"texture":"#0"},"down":{"uv":[11.5,3.0,11.0,4.5],"texture":"#0"}}},{"from":[9.0,10.0,7.0],"to":[11.0,13.0,9.0],"rotation":{"origin":[10.0,8.0,8.0],"x":45.0,"y":0.0,"z":0.0},"faces":{"north":{"uv":[8.0,4.5,9.0,6.0],"texture":"#0"},"east":{"uv":[8.0,7.5,9.0,9.0],"texture":"#0"},"south":{"uv":[5.0,8.5,6.0,10.0],"texture":"#0"},"west":{"uv":[8.5,6.0,9.5,7.5],"texture":"#0"},"up":{"uv":[10.5,4.0,9.5,3.0],"texture":"#0"},"down":{"uv":[10.5,5.5,9.5,6.5],"texture":"#0"}}},{"from":[9.0,12.0,9.0],"to":[11.0,13.0,11.0],"rotation":{"origin":[10.0,8.0,8.0],"x":45.0,"y":0.0,"z":0.0},"faces":{"north":{"uv":[9.5,4.0,10.5,4.5],"texture":"#0"},"east":{"uv":[11.0,4.5,12.0,5.0],"texture":"#0"},"south":{"uv":[5.0,11.0,6.0,11.5],"texture":"#0"},"west":{"uv":[11.0,5.0,12.0,5.5],"texture":"#0"},"up":{"uv":[10.5,7.5,9.5,6.5],"texture":"#0"},"down":{"uv":[6.0,10.0,5.0,11.0],"texture":"#0"}}},{"from":[9.0,10.0,7.0],"to":[11.0,13.0,9.0],"rotation":{"origin":[10.0,8.0,8.0],"x":-45.0,"y":0.0,"z":0.0},"faces":{"north":{"uv":[0.0,9.0,1.0,10.5],"texture":"#0"},"east":{"uv":[1.0,9.0,2.0,10.5],"texture":"#0"},"south":{"uv":[2.0,9.0,3.0,10.5],"texture":"#0"},"west":{"uv":[3.0,9.0,4.0,10.5],"texture":"#0"},"up":{"uv":[7.0,11.0,6.0,10.0],"texture":"#0"},"down":{"uv":[8.0,10.0,7.0,11.0],"texture":"#0"}}},{"from":[9.0,12.0,5.0],"to":[11.0,13.0,7.0],"rotation":{"origin":[10.0,8.0,8.0],"x":-45.0,"y":0.0,"z":0.0},"faces":{"north":{"uv":[11.0,5.5,12.0,6.0],"texture":"#0"},"east":{"uv":[6.0,11.0,7.0,11.5],"texture":"#0"},"south":{"uv":[11.0,6.0,12.0,6.5],"texture":"#0"},"west":{"uv":[11.0,6.5,12.0,7.0],"texture":"#0"},"up":{"uv":[9.0,11.0,8.0,10.0],"texture":"#0"},"down":{"uv":[11.0,8.5,10.0,9.5],"texture":"#0"}}}],"textures":{"0":"polished-amethyst-armor-weapons-wastudio:1e93774c-0da1-4528-b0d6-82c7ffc625a0","particle":"polished-amethyst-armor-weapons-wastudio:1e93774c-0da1-4528-b0d6-82c7ffc625a0"},"gui_light":"front"}