{"display":{"thirdperson_righthand":{"translation":[0.5,0.5,0.5],"scale":[0.9,0.9,0.9]},"thirdperson_lefthand":{"translation":[0.5,0.5,0.5],"scale":[0.9,0.9,0.9]},"ground":{"rotation":[0.0,0.0,90.0],"translation":[0.25,-2.25,-0.5]},"gui":{"rotation":[-90.0,-45.0,-90.0],"translation":[-2.0,-0.75,0.0],"scale":[0.8,0.8,0.8]},"fixed":{"rotation":[-90.0,45.0,90.0],"translation":[2.5,-1.0,0.0]}},"elements":[{"from":[6.5,1.0,6.5],"to":[9.5,3.0,9.5],"rotation":{"origin":[15.0,-1.0,0.0],"x":0.0,"y":0.0,"z":0.0},"faces":{"north":{"uv":[8.5,0.0,10.0,1.0],"texture":"#0"},"east":{"uv":[8.5,1.0,10.0,2.0],"texture":"#0"},"south":{"uv":[8.5,2.0,10.0,3.0],"texture":"#0"},"west":{"uv":[8.5,3.0,10.0,4.0],"texture":"#0"},"up":{"uv":[7.0,8.5,5.5,7.0],"texture":"#0"},"down":{"uv":[8.5,5.5,7.0,7.0],"texture":"#0"}}},{"from":[7.001,3.001,7.001],"to":[8.999,17.999,8.999],"rotation":{"origin":[8.0,9.5,8.0],"x":0.0,"y":0.0,"z":0.0},"faces":{"north":{"uv":[1.0,0.0,0.0,7.5],"texture":"#0"},"east":{"uv":[2.0,0.0,1.0,7.5],"texture":"#0"},"south":{"uv":[3.0,0.0,2.0,7.5],"texture":"#0"},"west":{"uv":[3.0,0.0,4.0,7.5],"texture":"#0"},"up":{"uv":[9.5,8.0,8.5,7.0],"texture":"#0"},"down":{"uv":[8.5,8.5,7.5,9.5],"texture":"#0"}}},{"from":[7.001,15.801,4.401],"to":[8.999,18.799,8.399],"rotation":{"origin":[8.0,17.8,6.9],"x":-22.5,"y":0.0,"z":0.0},"faces":{"north":{"uv":[7.5,3.5,8.5,5.0],"texture":"#0"},"east":{"uv":[5.5,2.5,7.5,4.0],"texture":"#0"},"south":{"uv":[4.5,7.5,5.5,9.0],"texture":"#0"},"west":{"uv":[5.5,4.0,7.5,5.5],"texture":"#0"},"up":{"uv":[2.5,9.5,1.5,7.5],"texture":"#0"},"down":{"uv":[8.5,1.5,7.5,3.5],"texture":"#0"}}},{"from":[7.0,17.8,2.4],"to":[9.0,18.8,4.4],"rotation":{"origin":[8.0,17.8,6.9],"x":-22.5,"y":0.0,"z":0.0},"faces":{"north":{"uv":[7.5,5.0,8.5,5.5],"texture":"#0"},"east":{"uv":[9.5,6.0,10.5,6.5],"texture":"#0"},"south":{"uv":[9.5,6.5,10.5,7.0],"texture":"#0"},"west":{"uv":[9.5,7.0,10.5,7.5],"texture":"#0"},"up":{"uv":[4.0,10.5,3.0,9.5],"texture":"#0"},"down":{"uv":[10.5,4.0,9.5,5.0],"texture":"#0"}}},{"from":[7.0,16.8,0.4],"to":[9.0,17.8,4.4],"rotation":{"origin":[8.0,17.8,6.9],"x":-22.5,"y":0.0,"z":0.0},"faces":{"north":{"uv":[7.5,9.5,8.5,10.0],"texture":"#0"},"east":{"uv":[9.5,5.0,11.5,5.5],"texture":"#0"},"south":{"uv":[9.5,7.5,10.5,8.0],"texture":"#0"},"west":{"uv":[9.5,5.5,11.5,6.0],"texture":"#0"},"up":{"uv":[3.5,9.5,2.5,7.5],"texture":"#0"},"down":{"uv":[4.5,7.5,3.5,9.5],"texture":"#0"}}},{"from":[7.0,0.0,7.0],"to":[9.0,2.0,9.0],"rotation":{"origin":[8.0,1.0,8.0],"x":45.0,"y":0.0,"z":0.0},"faces":{"north":{"uv":[8.5,8.0,9.5,9.0],"texture":"#0"},"east":{"uv":[0.0,9.0,1.0,10.0],"texture":"#0"},"south":{"uv":[4.5,9.0,5.5,10.0],"texture":"#0"},"west":{"uv":[9.5,9.0,8.5,10.0],"texture":"#0"},"up":{"uv":[2.0,10.5,1.0,9.5],"texture":"#0"},"down":{"uv":[3.0,9.5,2.0,10.5],"texture":"#0"}}},{"from":[7.0,15.7,5.9],"to":[9.0,18.7,8.9],"rotation":{"origin":[8.0,16.7,7.9],"x":45.0,"y":0.0,"z":0.0},"faces":{"north":{"uv":[8.5,4.0,9.5,5.5],"texture":"#0"},"east":{"uv":[7.0,7.0,8.5,8.5],"texture":"#0"},"south":{"uv":[5.5,8.5,6.5,10.0],"texture":"#0"},"west":{"uv":[8.5,7.0,7.0,8.5],"texture":"#0"},"up":{"uv":[9.5,7.0,8.5,5.5],"texture":"#0"},"down":{"uv":[7.5,8.5,6.5,10.0],"texture":"#0"}}}],"textures":{"0":"polished-amethyst-armor-weapons-wastudio:06ee4806-b82f-4af0-aa5e-adf3b408be87","particle":"polished-amethyst-armor-weapons-wastudio:06ee4806-b82f-4af0-aa5e-adf3b408be87"},"gui_light":"front"}