{"display":{"gui":{"rotation":[-150.0,-45.0,180.0]}},"elements":[{"from":[-0.10000038,-14.5,23.05625],"to":[3.0500002,-0.25,23.05625],"faces":{"south":{"uv":[1.75,0.0,0.0,4.75],"texture":"#0","tintindex":0},"north":{"uv":[0.0,0.0,1.75,4.75],"texture":"#0","tintindex":0}}},{"from":[1.3625002,-14.5,21.34375],"to":[1.3625002,-0.25,24.49375],"faces":{"east":{"uv":[0.0,0.0,1.75,4.75],"texture":"#0","tintindex":0},"west":{"uv":[1.75,0.0,0.0,4.75],"texture":"#0","tintindex":0}}}],"textures":{"0":"modelengine:a25a4fa7-815c-4d63-a993-67ed7b48a7fd","particle":"#0"}}