{"display":{"gui":{"rotation":[-150.0,-45.0,180.0]}},"elements":[{"from":[14.543,-10.0,-4.6209993],"to":[14.543,1.4000001,1.8470001],"faces":{"east":{"uv":[0.0,0.0,1.75,4.75],"texture":"#0","tintindex":0},"west":{"uv":[1.75,0.0,0.0,4.75],"texture":"#0","tintindex":0}}},{"from":[-2.1999998,-14.5,-1.6000004],"to":[2.0,-0.8199997,-1.6000004],"faces":{"south":{"uv":[1.75,0.0,0.0,4.75],"texture":"#0","tintindex":0},"north":{"uv":[0.0,0.0,1.75,4.75],"texture":"#0","tintindex":0}}},{"from":[-0.25,-14.5,-3.5500002],"to":[-0.25,-0.8199997,0.6500001],"faces":{"east":{"uv":[0.0,0.0,1.75,4.75],"texture":"#0","tintindex":0},"west":{"uv":[1.75,0.0,0.0,4.75],"texture":"#0","tintindex":0}}},{"from":[11.54,-10.0,-1.6179991],"to":[18.008,1.4000001,-1.6179991],"faces":{"south":{"uv":[1.75,0.0,0.0,4.75],"texture":"#0","tintindex":0},"north":{"uv":[0.0,0.0,1.75,4.75],"texture":"#0","tintindex":0}}}],"textures":{"0":"modelengine:a25a4fa7-815c-4d63-a993-67ed7b48a7fd","particle":"#0"}}