{"display":{"gui":{"rotation":[-150.0,-45.0,180.0]}},"elements":[{"from":[3.5749998,-7.4195004,5.862498],"to":[5.125,-4.7294006,7.4375],"rotation":{"origin":[5.25,-10.5,8.0],"x":0.0,"y":0.0,"z":22.5},"faces":{"east":{"uv":[3.75,9.375,4.125,10.0],"texture":"#0","tintindex":0},"south":{"uv":[4.5,9.375,4.875,10.0],"texture":"#0","tintindex":0},"north":{"uv":[3.375,9.375,3.75,10.0],"texture":"#0","tintindex":0},"west":{"uv":[5.625,9.375,6.0,10.0],"texture":"#0","tintindex":0},"up":{"uv":[10.375,3.875,10.0,3.5],"texture":"#0","tintindex":0},"down":{"uv":[4.0,10.0,3.625,10.375],"texture":"#0","tintindex":0}}},{"from":[3.375,-11.049,6.537501],"to":[4.95,-7.755,8.337499],"faces":{"east":{"uv":[2.5,7.25,3.0,8.125],"texture":"#0","tintindex":0},"south":{"uv":[8.0,3.125,8.375,4.0],"texture":"#0","tintindex":0},"north":{"uv":[3.0,8.0,3.375,8.875],"texture":"#0","tintindex":0},"west":{"uv":[7.25,2.625,7.75,3.5],"texture":"#0","tintindex":0},"up":{"uv":[10.0,9.375,9.625,8.875],"texture":"#0","tintindex":0},"down":{"uv":[10.0,9.375,9.625,9.875],"texture":"#0","tintindex":0}}},{"from":[2.3649998,-12.33,5.299998],"to":[4.75,-7.4070005,7.8650002],"faces":{"east":{"uv":[3.5,1.25,4.125,2.5],"texture":"#0","tintindex":0},"south":{"uv":[3.5,2.5,4.125,3.75],"texture":"#0","tintindex":0},"north":{"uv":[3.5,0.0,4.125,1.25],"texture":"#0","tintindex":0},"west":{"uv":[3.5,3.75,4.125,5.0],"texture":"#0","tintindex":0},"up":{"uv":[8.375,3.125,7.75,2.5],"texture":"#0","tintindex":0},"down":{"uv":[8.375,4.125,7.75,4.75],"texture":"#0","tintindex":0}}},{"from":[14.625,-10.950001,2.7875009],"to":[16.2,-8.25,4.5874987],"rotation":{"origin":[16.125,-10.5,4.25],"x":-22.5,"y":0.0,"z":0.0},"faces":{"east":{"uv":[2.0,8.25,2.5,8.875],"texture":"#0","tintindex":0},"south":{"uv":[6.875,9.375,7.25,10.0],"texture":"#0","tintindex":0},"north":{"uv":[6.5,9.375,6.875,10.0],"texture":"#0","tintindex":0},"west":{"uv":[4.875,8.25,5.375,8.875],"texture":"#0","tintindex":0},"up":{"uv":[0.75,10.25,0.375,9.75],"texture":"#0","tintindex":0},"down":{"uv":[10.125,0.5,9.75,1.0],"texture":"#0","tintindex":0}}},{"from":[4.0999994,-12.269001,4.9624987],"to":[5.8999996,-7.755,6.7625017],"rotation":{"origin":[5.25,-10.5,8.0],"x":0.0,"y":0.0,"z":22.5},"faces":{"east":{"uv":[6.125,1.125,6.625,2.25],"texture":"#0","tintindex":0},"south":{"uv":[6.125,2.25,6.625,3.375],"texture":"#0","tintindex":0},"north":{"uv":[6.125,0.0,6.625,1.125],"texture":"#0","tintindex":0},"west":{"uv":[2.75,6.125,3.25,7.25],"texture":"#0","tintindex":0},"up":{"uv":[9.5,6.75,9.0,6.25],"texture":"#0","tintindex":0},"down":{"uv":[9.5,6.75,9.0,7.25],"texture":"#0","tintindex":0}}},{"from":[13.825001,-7.9750004,1.8624978],"to":[15.375,-5.7700005,3.6875],"rotation":{"origin":[16.125,-10.5,4.25],"x":-22.5,"y":0.0,"z":0.0},"faces":{"east":{"uv":[8.125,9.0,8.625,9.5],"texture":"#0","tintindex":0},"south":{"uv":[9.75,1.0,10.125,1.5],"texture":"#0","tintindex":0},"north":{"uv":[0.75,9.75,1.125,10.25],"texture":"#0","tintindex":0},"west":{"uv":[8.625,9.0,9.125,9.5],"texture":"#0","tintindex":0},"up":{"uv":[1.5,10.375,1.125,9.875],"texture":"#0","tintindex":0},"down":{"uv":[2.5,9.875,2.125,10.375],"texture":"#0","tintindex":0}}},{"from":[13.240001,-12.0,1.5499978],"to":[15.625,-7.3500004,4.1150002],"rotation":{"origin":[16.125,-10.5,4.25],"x":-22.5,"y":0.0,"z":0.0},"faces":{"east":{"uv":[5.0,5.125,5.625,6.25],"texture":"#0","tintindex":0},"south":{"uv":[5.375,3.375,6.0,4.5],"texture":"#0","tintindex":0},"north":{"uv":[4.375,5.125,5.0,6.25],"texture":"#0","tintindex":0},"west":{"uv":[5.5,0.0,6.125,1.125],"texture":"#0","tintindex":0},"up":{"uv":[8.375,5.375,7.75,4.75],"texture":"#0","tintindex":0},"down":{"uv":[8.375,5.375,7.75,6.0],"texture":"#0","tintindex":0}}},{"from":[14.075001,-5.6000004,2.2374978],"to":[15.125,-4.5200005,3.3125],"rotation":{"origin":[16.125,-10.5,4.25],"x":-22.5,"y":0.0,"z":0.0},"faces":{"east":{"uv":[10.0,9.5,10.25,9.75],"texture":"#0","tintindex":0},"south":{"uv":[10.125,0.5,10.375,0.75],"texture":"#0","tintindex":0},"north":{"uv":[10.0,9.25,10.25,9.5],"texture":"#0","tintindex":0},"west":{"uv":[10.125,0.75,10.375,1.0],"texture":"#0","tintindex":0},"up":{"uv":[10.375,1.25,10.125,1.0],"texture":"#0","tintindex":0},"down":{"uv":[10.375,1.25,10.125,1.5],"texture":"#0","tintindex":0}}}],"textures":{"0":"modelengine:a25a4fa7-815c-4d63-a993-67ed7b48a7fd","particle":"#0"}}