{"display":{"gui":{"rotation":[-150.0,-45.0,180.0]}},"elements":[{"from":[5.75,-0.95000076,3.3625002],"to":[7.5500007,1.2549996,4.9375],"rotation":{"origin":[8.0,-6.5,8.0],"x":-22.5,"y":0.0,"z":0.0},"faces":{"east":{"uv":[9.5,5.625,9.875,6.125],"texture":"#0","tintindex":0},"south":{"uv":[9.0,2.25,9.5,2.75],"texture":"#0","tintindex":0},"north":{"uv":[7.125,8.875,7.625,9.375],"texture":"#0","tintindex":0},"west":{"uv":[9.5,6.125,9.875,6.625],"texture":"#0","tintindex":0},"up":{"uv":[10.0,7.0,9.5,6.625],"texture":"#0","tintindex":0},"down":{"uv":[8.5,9.5,8.0,9.875],"texture":"#0","tintindex":0}}},{"from":[10.775001,-10.300001,-2.7875013],"to":[12.575,-6.6000004,-0.98750114],"rotation":{"origin":[8.0,-6.5,8.0],"x":0.0,"y":0.0,"z":22.5},"faces":{"east":{"uv":[6.125,7.0,6.625,7.875],"texture":"#0","tintindex":0},"south":{"uv":[0.0,7.125,0.5,8.0],"texture":"#0","tintindex":0},"north":{"uv":[6.875,3.625,7.375,4.5],"texture":"#0","tintindex":0},"west":{"uv":[7.125,0.0,7.625,0.875],"texture":"#0","tintindex":0},"up":{"uv":[9.5,3.25,9.0,2.75],"texture":"#0","tintindex":0},"down":{"uv":[9.5,3.25,9.0,3.75],"texture":"#0","tintindex":0}}},{"from":[11.075,-6.800001,-2.3374996],"to":[12.075,-5.6000004,-1.2375011],"rotation":{"origin":[8.0,-6.5,8.0],"x":0.0,"y":0.0,"z":22.5},"faces":{"east":{"uv":[8.75,2.25,9.0,2.5],"texture":"#0","tintindex":0},"south":{"uv":[8.125,8.75,8.375,9.0],"texture":"#0","tintindex":0},"north":{"uv":[7.625,8.375,7.875,8.625],"texture":"#0","tintindex":0},"west":{"uv":[9.0,7.25,9.25,7.5],"texture":"#0","tintindex":0},"up":{"uv":[3.0,9.5,2.75,9.25],"texture":"#0","tintindex":0},"down":{"uv":[2.375,9.375,2.125,9.625],"texture":"#0","tintindex":0}}},{"from":[5.6150002,-5.6000004,2.8000002],"to":[8.0,-0.95000076,5.3650002],"rotation":{"origin":[8.0,-6.5,8.0],"x":-22.5,"y":0.0,"z":0.0},"faces":{"east":{"uv":[2.5,4.75,3.125,5.875],"texture":"#0","tintindex":0},"south":{"uv":[4.75,4.0,5.375,5.125],"texture":"#0","tintindex":0},"north":{"uv":[1.875,4.75,2.5,5.875],"texture":"#0","tintindex":0},"west":{"uv":[4.875,0.0,5.5,1.125],"texture":"#0","tintindex":0},"up":{"uv":[8.25,1.875,7.625,1.25],"texture":"#0","tintindex":0},"down":{"uv":[8.25,1.875,7.625,2.5],"texture":"#0","tintindex":0}}},{"from":[5.0749993,-4.550001,4.037501],"to":[6.65,-1.8500004,5.8374987],"rotation":{"origin":[8.0,-6.5,8.0],"x":-22.5,"y":0.0,"z":0.0},"faces":{"east":{"uv":[8.25,0.0,8.75,0.625],"texture":"#0","tintindex":0},"south":{"uv":[7.625,9.25,8.0,9.875],"texture":"#0","tintindex":0},"north":{"uv":[9.25,7.25,9.625,7.875],"texture":"#0","tintindex":0},"west":{"uv":[8.25,0.625,8.75,1.25],"texture":"#0","tintindex":0},"up":{"uv":[8.875,10.0,8.5,9.5],"texture":"#0","tintindex":0},"down":{"uv":[9.25,9.5,8.875,10.0],"texture":"#0","tintindex":0}}}],"textures":{"0":"modelengine:a25a4fa7-815c-4d63-a993-67ed7b48a7fd","particle":"#0"}}