{"display":{"gui":{"rotation":[-150.0,-45.0,180.0]}},"elements":[{"from":[4.9925003,-5.96875,4.2875004],"to":[6.78125,-3.2312498,6.2112503],"rotation":{"origin":[8.0,-5.875,8.0],"x":-22.5,"y":0.0,"z":0.0},"faces":{"east":{"uv":[3.875,6.25,4.5,7.125],"texture":"#0","tintindex":0},"south":{"uv":[6.25,4.125,6.875,5.0],"texture":"#0","tintindex":0},"north":{"uv":[3.25,6.25,3.875,7.125],"texture":"#0","tintindex":0},"west":{"uv":[4.5,6.25,5.125,7.125],"texture":"#0","tintindex":0},"up":{"uv":[8.25,0.625,7.625,0.0],"texture":"#0","tintindex":0},"down":{"uv":[8.25,0.625,7.625,1.25],"texture":"#0","tintindex":0}}},{"from":[5.09375,-3.7937498,4.7093754],"to":[6.44375,-1.7650003,5.890625],"rotation":{"origin":[8.0,-5.875,8.0],"x":-22.5,"y":0.0,"z":0.0},"faces":{"east":{"uv":[9.25,1.5,9.625,2.125],"texture":"#0","tintindex":0},"south":{"uv":[2.5,8.125,3.0,8.75],"texture":"#0","tintindex":0},"north":{"uv":[3.875,8.0,4.375,8.625],"texture":"#0","tintindex":0},"west":{"uv":[2.375,9.25,2.75,9.875],"texture":"#0","tintindex":0},"up":{"uv":[10.0,4.0,9.5,3.625],"texture":"#0","tintindex":0},"down":{"uv":[10.0,4.0,9.5,4.375],"texture":"#0","tintindex":0}}},{"from":[-0.28750038,-2.2749996,-2.3781242],"to":[0.8937502,-0.25,-1.0281258],"rotation":{"origin":[8.0,-5.875,8.0],"x":-22.5,"y":0.0,"z":0.0},"faces":{"east":{"uv":[4.375,8.125,4.875,8.75],"texture":"#0","tintindex":0},"south":{"uv":[6.125,9.25,6.5,9.875],"texture":"#0","tintindex":0},"north":{"uv":[4.125,9.25,4.5,9.875],"texture":"#0","tintindex":0},"west":{"uv":[7.875,8.125,8.375,8.75],"texture":"#0","tintindex":0},"up":{"uv":[9.875,5.625,9.5,5.125],"texture":"#0","tintindex":0},"down":{"uv":[5.625,9.5,5.25,10.0],"texture":"#0","tintindex":0}}},{"from":[5.76875,-5.9312496,4.034375],"to":[7.11875,-2.78125,5.3843746],"rotation":{"origin":[8.0,-5.875,8.0],"x":-22.5,"y":0.0,"z":0.0},"faces":{"east":{"uv":[5.125,6.25,5.625,7.25],"texture":"#0","tintindex":0},"south":{"uv":[6.25,6.0,6.75,7.0],"texture":"#0","tintindex":0},"north":{"uv":[6.25,5.0,6.75,6.0],"texture":"#0","tintindex":0},"west":{"uv":[6.625,0.0,7.125,1.0],"texture":"#0","tintindex":0},"up":{"uv":[1.875,9.25,1.375,8.75],"texture":"#0","tintindex":0},"down":{"uv":[9.25,1.75,8.75,2.25],"texture":"#0","tintindex":0}}},{"from":[3.2015,-1.1702499,-7.1098747],"to":[4.57175,0.30875015,-5.5438747],"rotation":{"origin":[8.66,-5.875,6.8149996],"x":-22.5,"y":0.0,"z":0.0},"faces":{"east":{"uv":[8.75,7.5,9.25,8.0],"texture":"#0","tintindex":0},"south":{"uv":[7.625,8.75,8.125,9.25],"texture":"#0","tintindex":0},"north":{"uv":[6.125,8.75,6.625,9.25],"texture":"#0","tintindex":0},"west":{"uv":[8.75,8.0,9.25,8.5],"texture":"#0","tintindex":0},"up":{"uv":[9.25,9.0,8.75,8.5],"texture":"#0","tintindex":0},"down":{"uv":[2.375,8.875,1.875,9.375],"texture":"#0","tintindex":0}}},{"from":[6.07175,-0.5402498,-11.386375],"to":[7.63775,3.11375,-9.820375],"rotation":{"origin":[8.66,-5.875,6.8149996],"x":-22.5,"y":0.0,"z":0.0},"faces":{"east":{"uv":[0.5,5.875,1.0,7.125],"texture":"#0","tintindex":0},"south":{"uv":[1.0,5.875,1.5,7.125],"texture":"#0","tintindex":0},"north":{"uv":[0.0,5.875,0.5,7.125],"texture":"#0","tintindex":0},"west":{"uv":[1.5,5.875,2.0,7.125],"texture":"#0","tintindex":0},"up":{"uv":[3.0,9.25,2.5,8.75],"texture":"#0","tintindex":0},"down":{"uv":[4.625,8.75,4.125,9.25],"texture":"#0","tintindex":0}}},{"from":[-0.10000038,-0.30624962,-2.1906242],"to":[0.6125002,0.59375,-1.3093758],"rotation":{"origin":[8.0,-5.875,8.0],"x":-22.5,"y":0.0,"z":0.0},"faces":{"east":{"uv":[2.5,7.0,2.75,7.25],"texture":"#0","tintindex":0},"south":{"uv":[3.0,7.625,3.25,7.875],"texture":"#0","tintindex":0},"north":{"uv":[5.375,4.875,5.625,5.125],"texture":"#0","tintindex":0},"west":{"uv":[5.875,7.625,6.125,7.875],"texture":"#0","tintindex":0},"up":{"uv":[8.0,3.375,7.75,3.125],"texture":"#0","tintindex":0},"down":{"uv":[6.625,7.875,6.375,8.125],"texture":"#0","tintindex":0}}},{"from":[4.5875,-5.1812496,5.215625],"to":[5.76875,-3.90625,6.565625],"rotation":{"origin":[8.0,-5.875,8.0],"x":-22.5,"y":0.0,"z":0.0},"faces":{"east":{"uv":[9.5,4.375,10.0,4.75],"texture":"#0","tintindex":0},"south":{"uv":[3.25,10.0,3.625,10.375],"texture":"#0","tintindex":0},"north":{"uv":[10.0,3.125,10.375,3.5],"texture":"#0","tintindex":0},"west":{"uv":[9.5,4.75,10.0,5.125],"texture":"#0","tintindex":0},"up":{"uv":[0.375,10.0,0.0,9.5],"texture":"#0","tintindex":0},"down":{"uv":[5.25,9.5,4.875,10.0],"texture":"#0","tintindex":0}}},{"from":[5.1713,-0.5837498,-11.092751],"to":[7.24625,2.5917501,-8.8612],"rotation":{"origin":[8.66,-5.875,6.8149996],"x":-22.5,"y":0.0,"z":0.0},"faces":{"east":{"uv":[4.125,1.0,4.875,2.0],"texture":"#0","tintindex":0},"south":{"uv":[4.125,2.0,4.875,3.0],"texture":"#0","tintindex":0},"north":{"uv":[4.125,0.0,4.875,1.0],"texture":"#0","tintindex":0},"west":{"uv":[4.125,3.0,4.875,4.0],"texture":"#0","tintindex":0},"up":{"uv":[2.75,6.625,2.0,5.875],"texture":"#0","tintindex":0},"down":{"uv":[6.75,3.375,6.0,4.125],"texture":"#0","tintindex":0}}},{"from":[5.2887497,1.93925,-10.6033745],"to":[6.85475,4.2925997,-9.233126],"rotation":{"origin":[8.66,-5.875,6.8149996],"x":-22.5,"y":0.0,"z":0.0},"faces":{"east":{"uv":[5.875,7.875,6.375,8.625],"texture":"#0","tintindex":0},"south":{"uv":[7.875,6.625,8.375,7.375],"texture":"#0","tintindex":0},"north":{"uv":[2.0,7.5,2.5,8.25],"texture":"#0","tintindex":0},"west":{"uv":[7.875,7.375,8.375,8.125],"texture":"#0","tintindex":0},"up":{"uv":[5.125,9.375,4.625,8.875],"texture":"#0","tintindex":0},"down":{"uv":[7.125,8.875,6.625,9.375],"texture":"#0","tintindex":0}}}],"textures":{"0":"modelengine:a25a4fa7-815c-4d63-a993-67ed7b48a7fd","particle":"#0"}}