{"display":{"gui":{"rotation":[-150.0,-45.0,180.0]}},"elements":[{"from":[6.65,-9.950001,4.9624987],"to":[8.45,-6.25,6.7624993],"faces":{"east":{"uv":[6.625,1.875,7.125,2.75],"texture":"#0","tintindex":0},"south":{"uv":[2.0,6.625,2.5,7.5],"texture":"#0","tintindex":0},"north":{"uv":[6.625,1.0,7.125,1.875],"texture":"#0","tintindex":0},"west":{"uv":[6.75,2.75,7.25,3.625],"texture":"#0","tintindex":0},"up":{"uv":[0.875,9.25,0.375,8.75],"texture":"#0","tintindex":0},"down":{"uv":[9.25,0.75,8.75,1.25],"texture":"#0","tintindex":0}}},{"from":[5.075,-8.950001,6.537501],"to":[6.65,-7.25,8.337499],"faces":{"east":{"uv":[9.5,2.875,10.0,3.25],"texture":"#0","tintindex":0},"south":{"uv":[7.375,4.125,7.75,4.5],"texture":"#0","tintindex":0},"north":{"uv":[5.25,7.25,5.625,7.625],"texture":"#0","tintindex":0},"west":{"uv":[9.5,3.25,10.0,3.625],"texture":"#0","tintindex":0},"up":{"uv":[7.25,5.0,6.875,4.5],"texture":"#0","tintindex":0},"down":{"uv":[7.625,9.375,7.25,9.875],"texture":"#0","tintindex":0}}},{"from":[12.150001,-8.950001,2.9624987],"to":[13.95,-5.25,4.7624993],"rotation":{"origin":[8.0,-8.5,8.0],"x":-22.5,"y":0.0,"z":0.0},"faces":{"east":{"uv":[5.625,6.75,6.125,7.625],"texture":"#0","tintindex":0},"south":{"uv":[6.75,5.875,7.25,6.75],"texture":"#0","tintindex":0},"north":{"uv":[6.75,5.0,7.25,5.875],"texture":"#0","tintindex":0},"west":{"uv":[6.75,6.75,7.25,7.625],"texture":"#0","tintindex":0},"up":{"uv":[1.375,9.25,0.875,8.75],"texture":"#0","tintindex":0},"down":{"uv":[9.25,1.25,8.75,1.75],"texture":"#0","tintindex":0}}},{"from":[5.75,-5.3500004,5.8625],"to":[7.5500007,-2.6450005,7.4375],"faces":{"east":{"uv":[3.0,8.875,3.375,9.5],"texture":"#0","tintindex":0},"south":{"uv":[3.375,8.0,3.875,8.625],"texture":"#0","tintindex":0},"north":{"uv":[4.875,3.375,5.375,4.0],"texture":"#0","tintindex":0},"west":{"uv":[1.375,9.25,1.75,9.875],"texture":"#0","tintindex":0},"up":{"uv":[10.0,2.875,9.5,2.5],"texture":"#0","tintindex":0},"down":{"uv":[3.25,9.5,2.75,9.875],"texture":"#0","tintindex":0}}},{"from":[12.650001,-6.7,2.2124987],"to":[13.95,-3.5,3.5124993],"rotation":{"origin":[8.0,-8.5,8.0],"x":-22.5,"y":0.0,"z":0.0},"faces":{"east":{"uv":[8.375,7.5,8.75,8.25],"texture":"#0","tintindex":0},"south":{"uv":[8.375,8.25,8.75,9.0],"texture":"#0","tintindex":0},"north":{"uv":[5.375,8.25,5.75,9.0],"texture":"#0","tintindex":0},"west":{"uv":[3.375,8.625,3.75,9.375],"texture":"#0","tintindex":0},"up":{"uv":[0.375,10.375,0.0,10.0],"texture":"#0","tintindex":0},"down":{"uv":[10.375,2.75,10.0,3.125],"texture":"#0","tintindex":0}}},{"from":[5.615,-10.0,5.3],"to":[8.0,-5.3500004,7.8650002],"faces":{"east":{"uv":[0.0,4.75,0.625,5.875],"texture":"#0","tintindex":0},"south":{"uv":[0.625,4.75,1.25,5.875],"texture":"#0","tintindex":0},"north":{"uv":[4.125,4.0,4.75,5.125],"texture":"#0","tintindex":0},"west":{"uv":[1.25,4.75,1.875,5.875],"texture":"#0","tintindex":0},"up":{"uv":[7.875,7.75,7.25,7.125],"texture":"#0","tintindex":0},"down":{"uv":[8.0,3.5,7.375,4.125],"texture":"#0","tintindex":0}}}],"textures":{"0":"modelengine:a25a4fa7-815c-4d63-a993-67ed7b48a7fd","particle":"#0"}}