{"sources":[{"type":"directory","source":"entity","prefix":"entity/"},{"type":"filter","pattern":{"namespace":"minecraft","path":"entity/fishing_hook"}},{"type":"filter","pattern":{"namespace":"minecraft","path":"entity/fishing_hook"}},{"type":"single","resource":"block/dark_oak_planks"},{"type":"single","resource":"block/fire_0"},{"type":"single","resource":"block/fire_1"},{"type":"single","resource":"modelengine:59ac2e0b-90b1-4f05-a784-61b26f051e16"},{"type":"single","resource":"modelengine:1b808ad4-95b6-4560-9bfa-eded4ff7741a"},{"type":"single","resource":"modelengine:81c34658-a83a-4591-b32d-f0a77ef1aa07"},{"type":"single","resource":"modelengine:a2789ba9-23fc-4cb3-bbe7-30b09fd7d4ce"},{"type":"single","resource":"modelengine:9c276db0-8dc1-4e2f-a6fc-79d4de29d3d6"},{"type":"single","resource":"modelengine:67c0b8bf-1883-4e16-b2ab-8387fd647093"},{"type":"single","resource":"modelengine:1bf94a64-d0fa-4ff0-b561-dddb91033c27"},{"type":"single","resource":"modelengine:bf472fea-67f4-4e13-a5b1-eca031ec11f5"},{"type":"single","resource":"modelengine:4098d1dd-91ab-4f49-8dfc-ab142911b01c"},{"type":"single","resource":"modelengine:709c4dc3-1377-47d2-bab4-c0a7235fa0f1"},{"type":"single","resource":"modelengine:1f8f5cdf-f133-4c67-a14c-1788156a30d7"},{"type":"single","resource":"modelengine:146ff53b-11cf-4e82-b6a6-eec761e3fc55"},{"type":"single","resource":"modelengine:9997d777-f48a-44ac-a831-7094f5596622"},{"type":"single","resource":"modelengine:ba842234-e268-40ab-90d9-310d9a8b3926"},{"type":"single","resource":"modelengine:a798404d-c2c4-4e7d-8e84-7f02c8f50afb"},{"type":"single","resource":"modelengine:0c51db6c-2468-46e8-8337-194fb81d53ec"},{"type":"single","resource":"modelengine:82a9dcbb-e9dc-4695-b967-92ae5b11366c"},{"type":"single","resource":"modelengine:4c309deb-cdd5-43ef-8092-8a07ff9b5e02"},{"type":"single","resource":"workshop_six:7ef9e879-abb8-4280-9004-2c06f3acb130"},{"type":"single","resource":"workshop_six:307d7ac5-e2b9-4ee1-b65b-cf7f671ebe82"},{"type":"single","resource":"workshop_six:34ebf457-e89d-4a68-bc56-014cbf542071"},{"type":"single","resource":"workshop_six:4f23ae86-d3f0-48f5-a5a1-52b78106662c"},{"type":"single","resource":"workshop_six:9a89fe82-98da-467a-8fa4-2c84ae90df65"},{"type":"single","resource":"workshop_six:0c18c16b-e09c-47da-be48-a63109aea101"},{"type":"single","resource":"workshop_six:291b6f54-a0ef-44b1-8667-c9da3a824159"},{"type":"single","resource":"workshop_six:f2218b2d-61dd-450d-b4a4-973b6e6df7f6"},{"type":"single","resource":"workshop_six:32af3d87-c639-4dae-b600-7b4180c0892e"},{"type":"single","resource":"workshop_six:cfd1c42e-47da-4d14-833f-dffa5ba89b1f"},{"type":"single","resource":"workshop_six:83ee6296-87c1-474b-a70a-0e5bb12984a7"},{"type":"single","resource":"workshop_six:4525b870-336b-4734-ab13-a8f66ea1fad8"},{"type":"single","resource":"workshop_six:5aa89583-5492-4aed-9822-a3e1cd19605c"},{"type":"single","resource":"workshop_six:b7fc46cf-43f5-4a1a-8ebe-ee2f09877fd1"},{"type":"single","resource":"workshop_six:4f2336b7-e9fb-4762-a3b5-55a6714a48e7"},{"type":"single","resource":"workshop_six:40dffd1d-069e-440e-8052-1ee81ee65f17"},{"type":"single","resource":"workshop_six:4fb64e61-5064-429e-bb16-c8db8ae2346e"},{"type":"single","resource":"workshop_six:e9ef0d16-92ef-47d0-8559-e5ee25545860"},{"type":"single","resource":"workshop_six:7ef18d2c-c3ab-4a36-a41c-3eef8605d17d"},{"type":"single","resource":"workshop_six:14acc694-fd8e-433a-8b60-75f8f9376666"},{"type":"single","resource":"workshop_six:334f0cc7-92e8-4487-9533-373486590eba"},{"type":"single","resource":"workshop_six:554881d6-cf27-43d3-b426-6899c35d5298"},{"type":"single","resource":"workshop_six:f8e35468-5ea5-46a2-a507-b6bc5a77bf32"},{"type":"single","resource":"workshop_six:1f6a6149-d7da-4575-9e7f-233a9bfb09bd"},{"type":"single","resource":"workshop_six:7d85c19f-92fa-4b72-8c1a-4181dea8c51d"},{"type":"single","resource":"workshop_six:03bac157-dc29-4607-b7e9-267ed4a18db1"},{"type":"single","resource":"workshop_six:5140003a-c2ae-4a3a-a85b-a58c3ae1a09b"},{"type":"single","resource":"workshop_six:32acc219-c33c-48e7-a2f8-774202e520ce"},{"type":"single","resource":"workshop_six:6d87fbc4-e2c6-4b04-b5f5-114b5d01ebd2"},{"type":"single","resource":"workshop_six:bf23b334-d3f4-40db-b77b-a1a0ec26ea11"},{"type":"single","resource":"workshop_six:455c4cbc-dd6c-4174-9c15-6c0831ca3951"},{"type":"single","resource":"workshop_six:22e5be63-e74e-4eb5-ad91-c773485599dd"},{"type":"single","resource":"workshop_six:dbf31cc0-9068-435b-9bfa-5e7957728451"},{"type":"single","resource":"workshop_six:69a534ee-e44f-4c47-9e64-4e298bd185ef"},{"type":"single","resource":"workshop_six:6ac8afbb-bb96-4c3e-9f39-f0d737c25730"},{"type":"single","resource":"workshop_six:e95ef1dc-7cbd-4986-b13e-8864e1514b73"},{"type":"single","resource":"workshop_six:7336ece4-f996-4048-a38a-c3c969ad75fb"},{"type":"single","resource":"workshop_six:7d7fed0e-c39b-483d-83d3-52ebd3bb0960"},{"type":"single","resource":"workshop_six:ded71330-f8a0-4773-bc40-ad5e4f07f196"},{"type":"single","resource":"workshop_six:948c7cea-858f-4093-b590-81eb3e849a37"},{"type":"single","resource":"workshop_six:cb302f77-d985-493e-9111-404f8d02beaf"},{"type":"single","resource":"workshop_six:6c190180-5fc4-4017-b4f3-49b2bd7ae43d"},{"type":"single","resource":"workshop_six:d57d6bb3-fe6a-4b6d-a248-6d99f0c994f6"},{"type":"single","resource":"workshop_six:98cd4567-e2e6-40b6-bf1e-c740e871f0c1"},{"type":"single","resource":"workshop_six:2e5807db-167c-4f7c-afad-01366961aa23"},{"type":"single","resource":"workshop_six:d1cf19ef-4fbb-43eb-9ff2-7393b85e02dd"},{"type":"single","resource":"workshop_six:9f93f0ee-b7c1-4dc9-92b7-e4b20a6dbc23"},{"type":"single","resource":"workshop_six:7321acc3-0227-49bf-bd0e-85af13cccd25"},{"type":"single","resource":"workshop_six:46379d05-3c61-4ca9-8393-0f07fdf0a638"},{"type":"single","resource":"workshop_six:3fc61bb4-e1fc-4b48-858e-0b176eae89c5"},{"type":"single","resource":"workshop_six:a2048c3e-d447-4b05-92c4-b1fe06001a11"},{"type":"single","resource":"workshop_six:906096c4-5cfb-4ddd-add7-e3f96b263809"},{"type":"single","resource":"workshop_six:127e433c-5497-433d-a824-1fdfe83faa19"},{"type":"single","resource":"workshop_six:dac9f620-96be-40f4-8a39-6ea9a7ea3e9f"},{"type":"single","resource":"workshop_six:55f8e81a-f0ef-4e7d-aeed-e699f3efe215"},{"type":"single","resource":"workshop_six:b13f101c-aabf-4820-9be6-cfc0ba66ab8a"},{"type":"single","resource":"workshop_six:3d122f06-fb1f-48b6-affd-56b58eddb325"},{"type":"single","resource":"workshop_six:cfb9006e-5fa6-40eb-b487-0ef6eec8196b"},{"type":"single","resource":"workshop_six:1c9f01ca-2a01-4b12-9372-3543879c369b"},{"type":"single","resource":"workshop_six:e4b5b049-6a50-40f4-a93e-e0fad7936923"},{"type":"single","resource":"workshop_six:63846bb9-1647-4f04-9d24-d418a52e51ad"},{"type":"single","resource":"workshop_six:402b4350-8af6-4cd7-be7c-f7d3701288ba"},{"type":"single","resource":"workshop_six:7bff3f2b-a54a-4422-a473-6f78e66614af"},{"type":"single","resource":"workshop_six:e896ea2c-6cd1-481e-929d-a4d020377b34"},{"type":"single","resource":"workshop_six:74986a3d-6c09-44ce-84ba-2e5db0c0c221"},{"type":"single","resource":"workshop_six:f1cd92b1-7363-4bba-9bd0-d74b85f5afeb"},{"type":"single","resource":"workshop_six:92a2dafe-8a8e-487e-b713-26fbd6de838a"},{"type":"single","resource":"workshop_six:61cc29a1-6e4d-4811-b66c-b444b261b3ee"},{"type":"single","resource":"workshop_six:e62a3c33-1177-46cc-ade8-cb4301c6855b"},{"type":"single","resource":"workshop_six:9bc16cc4-2388-4494-9a9d-eab804422215"},{"type":"single","resource":"workshop_six:5f945788-a765-446c-a6ea-0cba401a7d3b"},{"type":"single","resource":"workshop_six:a9c4a281-1e9a-41eb-a015-de5e8e116b6c"},{"type":"single","resource":"workshop_six:7ddbdcd2-189e-4b02-b2d9-af499f633f7d"},{"type":"single","resource":"workshop_six:e9189da7-bf01-4ee8-8aac-c68e58717af3"},{"type":"single","resource":"workshop_six:478c0ec1-d870-4944-8d9a-7068f0dfa34c"},{"type":"single","resource":"workshop_six:0cd5deac-965a-4e88-af3c-e525d6633bea"},{"type":"single","resource":"workshop_six:93f73515-fe84-4cb5-8747-9dbc6fbd651b"},{"type":"single","resource":"workshop_six:3844fe41-47a9-4c31-a558-a484f1b5210e"},{"type":"single","resource":"workshop_six:822054c9-31fd-4cd4-8e08-85587d8039e1"},{"type":"single","resource":"workshop_six:0f094413-46b0-4a19-a670-08790a391c63"},{"type":"single","resource":"workshop_six:aaa418bb-4a34-4ed0-8136-3e811b67ffd2"},{"type":"single","resource":"workshop_six:e3f716f2-3b8b-49ab-aba7-577215994ed1"},{"type":"single","resource":"workshop_six:2a5ca37b-c102-4616-a778-6376c490d013"},{"type":"single","resource":"workshop_six:0a639ca8-4e23-476e-b739-f223d51c784e"},{"type":"single","resource":"workshop_six:a1eb36fd-7f83-4919-9ec4-a3c3e51825a1"},{"type":"single","resource":"workshop_six:2b94abef-a3f3-42f6-9ef2-e67f6324d52d"},{"type":"single","resource":"workshop_six:35900e71-d5a3-4165-a560-40297cfa1b09"},{"type":"single","resource":"workshop_six:5066ae9c-c7d4-4236-9d97-09d2f61ee278"},{"type":"single","resource":"workshop_six:6f0c0069-1ee8-43d3-b4cc-06a97a645088"},{"type":"single","resource":"workshop_six:4714bea1-3211-4b7c-a33a-8ad66b5c6901"},{"type":"single","resource":"workshop_six:33e11182-c320-46db-b89d-27595376a8fb"},{"type":"single","resource":"item/chainmail_boots"},{"type":"single","resource":"item/chainmail_chestplate"},{"type":"single","resource":"item/chainmail_helmet"},{"type":"single","resource":"item/chainmail_leggings"},{"type":"single","resource":"item/charcoal"},{"type":"single","resource":"item/crossbow_standby"},{"type":"single","resource":"item/diamond_horse_armor"},{"type":"single","resource":"item/elytra"},{"type":"single","resource":"item/leather_boots"},{"type":"single","resource":"item/leather_boots_overlay"},{"type":"single","resource":"item/leather_horse_armor"},{"type":"single","resource":"item/netherite_axe"},{"type":"single","resource":"item/netherite_hoe"},{"type":"single","resource":"item/netherite_pickaxe"},{"type":"single","resource":"item/netherite_shovel"},{"type":"single","resource":"item/netherite_sword"},{"type":"single","resource":"nexo:a6caf0ef-9a7e-446f-af6d-2884ae27b924"},{"type":"single","resource":"nexo:4c148fcb-9801-4ed2-90b4-2f9d72bcba8e"},{"type":"single","resource":"nexo:141ecbc4-d40e-4122-903b-7569a09abb38"},{"type":"single","resource":"nexo:b18fbcb5-e984-4116-8393-0a41c38e07b7"},{"type":"single","resource":"nexo:81355cc3-c560-4369-99ac-751fbe9d1b40"},{"type":"single","resource":"nexo:a538c816-2145-4205-b61a-cff497b4424a"},{"type":"single","resource":"nexo:bbddda4b-0544-4e00-a33e-082d0cd920f1"},{"type":"single","resource":"nexo:48fc1f02-c35e-4bbc-b6df-47fee415661d"},{"type":"single","resource":"nexo:ed78c9a0-398a-488d-b595-592031179259"},{"type":"single","resource":"nexo:de5dc59a-9ea3-4e78-9206-1c6eb3724956"},{"type":"single","resource":"nexo:83112b13-0948-4485-bdcf-4f20341ae70b"},{"type":"single","resource":"nexo:73587317-84b6-421f-bb25-7e54b2c6dd35"},{"type":"single","resource":"nexo:debb2761-2ba6-496e-a066-adfc3d21b217"},{"type":"single","resource":"nexo:b1cce8b6-e64e-429f-a94f-1b95b6f95d7d"},{"type":"single","resource":"nexo:232ebba4-f046-43f7-90de-1829e2ecb72c"},{"type":"single","resource":"nexo:bb5efba0-687b-40ad-a17c-ae5fc813d2f0"},{"type":"single","resource":"nexo:53b0d7a0-37e6-4aa4-9033-fb2dfe738b29"},{"type":"single","resource":"nexo:6e64d14b-a369-486f-b4ea-02ca3d4342fd"},{"type":"single","resource":"nexo:c35c143b-e266-48b0-bddc-9f31e239a287"},{"type":"single","resource":"nexo:9bfdf81f-31bf-4ce2-8c8f-bc6f7367dff0"},{"type":"single","resource":"nexo:119048ef-d32f-40bd-9d5a-3e444f5b72ed"},{"type":"single","resource":"nexo:941a45e6-3a66-42dd-ac0c-7a2a5494036f"},{"type":"single","resource":"nexo:f17313ad-f996-441a-b486-1f33765f2c1d"},{"type":"single","resource":"nexo:a036f154-9836-4f35-b6b1-e68c6d1e4fc3"},{"type":"single","resource":"nexo:66508973-f784-4f8e-9120-dcd9ea46c718"},{"type":"single","resource":"nexo:fd3c71ac-4641-45d8-9260-b5835d540d83"},{"type":"single","resource":"nexo:b8c57570-2223-4784-baf6-9dbdcbfba39c"},{"type":"single","resource":"nexo:537d0454-c3f9-457f-9151-16d3cc60e121"},{"type":"single","resource":"nexo:76435698-7efd-46dc-b028-61c0cadfb012"},{"type":"single","resource":"nexo:6d721c55-8abb-4a73-9e90-89f438c3a3e6"},{"type":"single","resource":"nexo:7ca2c18c-9bac-4842-9e64-4080e7f47fde"},{"type":"single","resource":"nexo:1fa9e20c-52fa-4956-a5fe-8c74a68b51bd"},{"type":"single","resource":"nexo:117d5d43-359c-4a62-bab7-42778f0f1a01"},{"type":"single","resource":"nexo:d7e8181f-2a4c-43c3-b548-a240c732ddae"},{"type":"single","resource":"nexo:af001fde-3692-4f12-a6c3-ab9da3ca5f5e"},{"type":"single","resource":"nexo:07ca6d71-a98a-485f-ba0b-fdbb7ce4d443"},{"type":"single","resource":"nexo:0a4eaf09-db80-4f12-a783-9c45ebd7f0d6"},{"type":"single","resource":"nexo:2e2db148-1a6f-41ca-83fd-b77475e5e92f"},{"type":"single","resource":"item/paper"},{"type":"single","resource":"item/trident"},{"type":"single","resource":"item/wolf_armor"},{"type":"single","resource":"07337673-3f41-4aa3-a523-08ab8280595a"},{"type":"single","resource":"65d23540-118a-4db5-956a-f0c071db338c"},{"type":"single","resource":"992ad9fa-2918-4018-8b86-4922c463ca7b"},{"type":"single","resource":"d87510ab-65e1-4824-a8bc-4e1f81dbebb6"},{"type":"single","resource":"f67a0505-a487-4468-b5f4-28875f057565"},{"type":"single","resource":"4acc5d1f-0b89-472c-9507-655b0f6a928a"},{"type":"single","resource":"7843ba86-0512-426e-afd4-cc0431f59b6b"},{"type":"single","resource":"05a7331a-3899-4b43-83ec-bf0e877efee7"},{"type":"single","resource":"896d0e11-0261-4d7c-b8d0-007997fd0668"},{"type":"single","resource":"866cc6c5-b671-401b-a208-785f079dc660"},{"type":"single","resource":"c9f73d05-1fa3-47c8-9c6d-59be22f95ba8"},{"type":"single","resource":"209f74a7-d5e6-4b35-85fe-42034b58c582"},{"type":"single","resource":"b07af38c-f1b9-424a-9b1c-db2b80b0a19d"},{"type":"single","resource":"8045d70f-5f0e-4f33-a7ed-c9516b760a53"},{"type":"single","resource":"11fac4ff-a93a-497b-8c45-bddca960719c"},{"type":"single","resource":"53d50e60-1e06-4643-b317-9fcfe197b194"},{"type":"single","resource":"b3c7f6ab-4f2f-4002-a4fe-86cff28e67cf"},{"type":"single","resource":"4ffe3730-a6af-4ed6-bc58-ea00efa61564"}]}