{"sources":[{"type":"directory","source":"entity","prefix":"entity/"},{"type":"filter","pattern":{"namespace":"minecraft","path":"entity/fishing_hook"}},{"type":"filter","pattern":{"namespace":"minecraft","path":"entity/fishing_hook"}},{"type":"single","resource":"block/dark_oak_planks"},{"type":"single","resource":"block/fire_0"},{"type":"single","resource":"block/fire_1"},{"type":"single","resource":"modelengine:6e661c6b-bdbe-4111-a68a-1bdac80cef15"},{"type":"single","resource":"modelengine:e409be0a-fb48-4bdf-9bc3-bc50643e4b6b"},{"type":"single","resource":"modelengine:c2dc390c-ff44-4fb2-be6b-69341381fbc8"},{"type":"single","resource":"modelengine:4c11c38f-c290-4e63-ae72-70faa1f88c4b"},{"type":"single","resource":"modelengine:1729de71-29e2-43e8-a6c4-c049d2ad0dcd"},{"type":"single","resource":"modelengine:54c4116a-9238-4a5b-abd1-a4bdc7c95939"},{"type":"single","resource":"modelengine:c077b079-fbd0-44f1-99b1-6f3fa5cf2672"},{"type":"single","resource":"modelengine:38cac502-4be4-46aa-8153-e0063154514c"},{"type":"single","resource":"modelengine:8c7af546-aa29-442e-8e8f-9a38e3c7cf33"},{"type":"single","resource":"modelengine:cf3b7eed-19a8-42f3-86d8-2fc4abcaf66a"},{"type":"single","resource":"modelengine:9cad4f57-f99a-4c00-b28d-31014e51c16e"},{"type":"single","resource":"modelengine:dcfdf7aa-a2e7-4c9a-b3d5-5204b31d3dac"},{"type":"single","resource":"modelengine:403b863d-f53f-4424-aa0c-b1eb89e94484"},{"type":"single","resource":"modelengine:af705f87-bf73-4235-b7d8-21f0dfaa6664"},{"type":"single","resource":"modelengine:1c887b8f-f272-4dfb-9eb7-1d707cb1cc79"},{"type":"single","resource":"modelengine:11d177c9-03bc-4be0-b2de-3d30d97ab320"},{"type":"single","resource":"modelengine:1c63e6f8-adcf-46e2-a423-814cb29cf3c1"},{"type":"single","resource":"modelengine:00e7ec54-e368-4418-a3ef-5384c7962000"},{"type":"single","resource":"item/chainmail_boots"},{"type":"single","resource":"item/chainmail_chestplate"},{"type":"single","resource":"item/chainmail_helmet"},{"type":"single","resource":"item/chainmail_leggings"},{"type":"single","resource":"item/crossbow_standby"},{"type":"single","resource":"item/diamond_horse_armor"},{"type":"single","resource":"item/elytra"},{"type":"single","resource":"item/leather_horse_armor"},{"type":"single","resource":"item/netherite_axe"},{"type":"single","resource":"item/netherite_hoe"},{"type":"single","resource":"item/netherite_pickaxe"},{"type":"single","resource":"item/netherite_shovel"},{"type":"single","resource":"item/netherite_sword"},{"type":"single","resource":"nexo:05b1343d-47ed-4598-9296-2c9b33da5bf9"},{"type":"single","resource":"nexo:3e65fc38-3fa1-446e-b3f9-c8cf713d5aba"},{"type":"single","resource":"nexo:209561a9-aa8d-4cc4-8d34-9d47b029d325"},{"type":"single","resource":"nexo:1d5fa0a3-c0cb-4553-8c94-f789ac3ed911"},{"type":"single","resource":"nexo:abca1e85-85e9-411a-bcb0-f452af3b6140"},{"type":"single","resource":"nexo:eb8cbc75-9be3-41c8-91a4-863f6397b9c6"},{"type":"single","resource":"nexo:ebe24a3d-f6af-4cab-ac00-4cb8d58255c7"},{"type":"single","resource":"nexo:1b483dbe-7737-456a-ac6e-87ae7d9fa59c"},{"type":"single","resource":"nexo:630c0f30-5627-494f-815c-848061dea109"},{"type":"single","resource":"nexo:8874d4e7-b7b0-4791-92f8-4d1a83a13f76"},{"type":"single","resource":"nexo:25c99271-fe02-4aab-a808-fe883460b874"},{"type":"single","resource":"nexo:42dfb29a-3fcf-432d-a995-7eb55e376e28"},{"type":"single","resource":"nexo:283faf7a-735f-4747-b142-78c05090e28c"},{"type":"single","resource":"nexo:291d5577-6aa4-458c-a8d5-c741b2f1d034"},{"type":"single","resource":"nexo:dcb91226-3a71-4f2a-9bc4-1d429e7cfa6e"},{"type":"single","resource":"nexo:7ba9bf3d-f778-44e7-a66f-9dfdcf884ec7"},{"type":"single","resource":"nexo:6f13a15c-b3b4-4163-b263-1eb6ab8d42af"},{"type":"single","resource":"nexo:9361949b-c2dc-4c7b-a86a-f2715b141a41"},{"type":"single","resource":"nexo:07fae746-4781-444e-b6b0-7dc59c3e8910"},{"type":"single","resource":"nexo:764fb896-816b-4a92-a8e5-e9784210e501"},{"type":"single","resource":"nexo:c6238d7b-204a-4cdc-93f0-2944df8de3c3"},{"type":"single","resource":"nexo:d90b1982-5445-4706-a4f8-b6353f6c8423"},{"type":"single","resource":"nexo:2b80507a-2f91-4b23-8ab4-a00fbbf50264"},{"type":"single","resource":"nexo:ec2cce95-ea73-4feb-b1d2-c1d3ba9301aa"},{"type":"single","resource":"nexo:4274d9b5-7994-463a-9922-0447be5ef1ab"},{"type":"single","resource":"nexo:2a8c2b58-a95e-44aa-85a2-5de498fab31e"},{"type":"single","resource":"nexo:7e66a9f6-fd06-409e-bbb1-6554453c2a9c"},{"type":"single","resource":"nexo:09232bb8-0129-4a09-bac6-0985bb0445f1"},{"type":"single","resource":"nexo:ed922ded-06cc-48e2-9296-1b3b14e3c4fc"},{"type":"single","resource":"nexo:7b9d1298-da51-4107-a99c-13374c227f5c"},{"type":"single","resource":"nexo:a9ac1807-68db-4ac5-970d-58e106cbeb9e"},{"type":"single","resource":"nexo:34dab516-5480-4ea4-b2d7-5dd2fcbe911c"},{"type":"single","resource":"nexo:4528a121-978f-4087-817a-0686e39a74f5"},{"type":"single","resource":"nexo:75a8192f-366b-4f59-9d7f-0ccb207686ab"},{"type":"single","resource":"nexo:fbbaa9f0-dc81-489a-bc27-7054172a7c3c"},{"type":"single","resource":"nexo:145464ed-3a43-472c-92db-602334c517c5"},{"type":"single","resource":"nexo:f60b76e3-9f1e-45c4-ae3f-c05a64db7a08"},{"type":"single","resource":"nexo:e3721007-7cf3-469c-a463-a9f17b0bb4bf"},{"type":"single","resource":"item/paper"},{"type":"single","resource":"item/trident"},{"type":"single","resource":"item/wolf_armor"},{"type":"single","resource":"1ac1eff1-f407-438f-abdc-3f0afb68f91d"},{"type":"single","resource":"a7a536ae-6338-4662-b9b4-3d817d255d4a"},{"type":"single","resource":"f8d07276-cc1a-4c0c-b2d9-ebd66196ac4e"},{"type":"single","resource":"6bbc827b-24d0-47c3-bf17-59b730c31a44"},{"type":"single","resource":"45f9c45e-dcda-489b-ae0d-dffd74c35d60"},{"type":"single","resource":"3622aa10-d5e1-4758-b943-8a1f2f503d95"},{"type":"single","resource":"7bc09308-db93-4baa-a843-624e2ac8adf6"},{"type":"single","resource":"7d999bac-d6fa-4e0c-a6ad-3b61d4af6b91"},{"type":"single","resource":"6f198c9d-1f92-4dab-827b-8c1096dfbf92"},{"type":"single","resource":"06b78919-ea5d-478a-a5f8-307bde303657"},{"type":"single","resource":"652302b3-389f-44e7-9052-90374434bc8d"},{"type":"single","resource":"d9dce006-4dd5-4f3b-812a-a26460231b6f"},{"type":"single","resource":"b20a6471-7c36-47a7-8201-817f3d742858"},{"type":"single","resource":"27727077-09f3-4cbd-b79e-860216aa4cf1"},{"type":"single","resource":"2f9e289b-ed06-47fb-8e72-fc0699966d62"},{"type":"single","resource":"4b7ab730-c1d4-4f9e-b242-a37d02cbde45"},{"type":"single","resource":"330ef427-6207-4a42-93bc-991b437cf628"},{"type":"single","resource":"350e3f42-bd4f-44e8-ad46-04ae14832252"}]}