{"sources":[{"type":"directory","source":"entity","prefix":"entity/"},{"type":"filter","pattern":{"namespace":"minecraft","path":"entity/fishing_hook"}},{"type":"filter","pattern":{"namespace":"minecraft","path":"entity/fishing_hook"}},{"type":"single","resource":"block/dark_oak_planks"},{"type":"single","resource":"block/fire_0"},{"type":"single","resource":"block/fire_1"},{"type":"single","resource":"modelengine:4d6e07eb-38a8-4dbb-bf37-a3584f874643"},{"type":"single","resource":"modelengine:f3d575a5-2fcd-40a7-85f3-daa173921775"},{"type":"single","resource":"modelengine:921ea498-9865-40b3-9805-1d5298c66057"},{"type":"single","resource":"modelengine:0906e695-32dc-47b6-896a-50a1cca18d55"},{"type":"single","resource":"modelengine:756985ac-a42c-43b7-aa39-093f37748dd6"},{"type":"single","resource":"modelengine:b85136ce-6f1c-4dcb-a5b0-34078c4170cb"},{"type":"single","resource":"modelengine:3803a507-0a6a-4219-bc8c-f699f1540b99"},{"type":"single","resource":"modelengine:61c45a33-01e6-462a-a1a7-acb79fad985c"},{"type":"single","resource":"modelengine:422b0e09-f2ae-4f9e-8bde-6890244dbb0e"},{"type":"single","resource":"modelengine:9ec19d87-47f9-49d0-b138-d056d5829762"},{"type":"single","resource":"modelengine:25085f54-d4b7-4412-96b3-76d7930ab6d8"},{"type":"single","resource":"modelengine:7b04b2ac-5df9-4240-8db5-17d1ae95f584"},{"type":"single","resource":"modelengine:fd0715b7-d959-41b2-8f9b-8994d8a91bd5"},{"type":"single","resource":"modelengine:37200ef8-9607-4c51-b20b-7bc0eaa6b091"},{"type":"single","resource":"modelengine:318f15a7-87f4-4dfa-9e71-67f7ddfdc69f"},{"type":"single","resource":"modelengine:426a8fb9-79c3-4d21-b722-5ef60d318b3e"},{"type":"single","resource":"modelengine:197ee123-3919-48b4-b0a1-c953a2aab25b"},{"type":"single","resource":"modelengine:aa829054-08c4-4fe5-b65e-cea8040761c8"},{"type":"single","resource":"modelengine:0facf9b8-a393-414a-b808-f4f06966fc55"},{"type":"single","resource":"modelengine:215bef5f-a975-4954-97f8-38efafcc9368"},{"type":"single","resource":"modelengine:a25a4fa7-815c-4d63-a993-67ed7b48a7fd"},{"type":"single","resource":"modelengine:4d9308be-08d2-4b2e-8a4d-6160fa4d6f42"},{"type":"single","resource":"workshop_six:3a03bde0-6f9d-4c98-9536-8b05d985126f"},{"type":"single","resource":"workshop_six:7b46378c-e515-4c47-8fd8-2bd1b54f0805"},{"type":"single","resource":"workshop_six:f62bd535-75b7-4f5e-ad0d-864ebb0dffcc"},{"type":"single","resource":"workshop_six:8087f048-8642-4129-b459-7de936989efd"},{"type":"single","resource":"workshop_six:109c93ca-46d3-4751-8b08-31c8a8aecac6"},{"type":"single","resource":"workshop_six:70c529f7-0de5-4520-8f7f-13386421bdfe"},{"type":"single","resource":"workshop_six:26b6a8ca-fb5f-4226-94da-4244dbb528e5"},{"type":"single","resource":"workshop_six:3e217eaf-463b-45a8-973d-a431bc9a75ea"},{"type":"single","resource":"workshop_six:5d559926-c614-4897-8cb4-d333ba0ca372"},{"type":"single","resource":"workshop_six:7f9185e5-53d4-47f6-a057-9041d4ffacd3"},{"type":"single","resource":"workshop_six:ac3a966f-f258-447c-8cec-a6a421d36640"},{"type":"single","resource":"workshop_six:59ab0560-ef45-413a-ba66-f34c2268a29d"},{"type":"single","resource":"workshop_six:0d9deea1-be18-4f86-a67f-db06f53c8fd1"},{"type":"single","resource":"workshop_six:eb516b2b-dcc1-4a0a-b39a-28b8736a607e"},{"type":"single","resource":"workshop_six:4509d8f9-9c02-4f36-bd3e-d0e67da45aa6"},{"type":"single","resource":"workshop_six:06489d48-9207-46d1-9fac-c2462a73609c"},{"type":"single","resource":"workshop_six:383a2463-0276-426e-8a28-20440e5c47e0"},{"type":"single","resource":"workshop_six:d42d551c-b0fc-469c-bc2e-62a261202f8c"},{"type":"single","resource":"workshop_six:f25a6834-5507-4635-b3de-df517e40930c"},{"type":"single","resource":"workshop_six:0c16e27f-4254-4fac-ab98-de4a44d65d15"},{"type":"single","resource":"workshop_six:be8ffdb7-b7aa-403f-82cd-d55f1daa1d62"},{"type":"single","resource":"workshop_six:a6deb41e-ff23-44f1-8cbd-e21c9a916212"},{"type":"single","resource":"workshop_six:4fd5aa36-148d-4433-ae60-49ed5f2a9588"},{"type":"single","resource":"workshop_six:5e6e9ee3-6bbc-4a98-ac05-da04f60b4170"},{"type":"single","resource":"workshop_six:8340a653-e29b-424f-b642-3b9cb28c6ae0"},{"type":"single","resource":"workshop_six:d8e17769-8d55-4c6c-9f09-2c3fedb865c3"},{"type":"single","resource":"workshop_six:c2db636d-9d07-4a8a-adef-b1b51a960f6d"},{"type":"single","resource":"workshop_six:0a73ed29-df69-47f7-a5ce-c43a65f83ebe"},{"type":"single","resource":"workshop_six:712bdb97-80a5-49ad-9b51-f36b3f629c89"},{"type":"single","resource":"workshop_six:ca006ed4-5ad9-44f5-8355-7e1de6dc32d2"},{"type":"single","resource":"workshop_six:8b198c48-6978-477a-97d9-abc08d9706a0"},{"type":"single","resource":"workshop_six:2f8fee7a-ebbf-42c8-abf6-55476dff3bb8"},{"type":"single","resource":"workshop_six:4ac195b0-17b6-44e8-88c6-e98d62dc4f37"},{"type":"single","resource":"workshop_six:d9ec540c-784c-496c-9da0-6475630b402f"},{"type":"single","resource":"workshop_six:ae1f28ec-dcdc-4817-bea8-0513447cd0d7"},{"type":"single","resource":"workshop_six:abc6c1e2-492e-413d-af9e-40a6dafbb313"},{"type":"single","resource":"workshop_six:13c126ad-52ef-467e-872a-6bd51607a22d"},{"type":"single","resource":"workshop_six:b9ddeae1-0c32-4e14-b356-54d4bf48bc52"},{"type":"single","resource":"workshop_six:9a3b52b1-ab80-490e-9aeb-394bf302d6e4"},{"type":"single","resource":"workshop_six:dab39e80-31c9-45ef-bacd-704f29f017a5"},{"type":"single","resource":"workshop_six:d885f779-cc46-4aad-93e9-fbcf78cdfe7a"},{"type":"single","resource":"workshop_six:dcc4a699-4a4b-4405-8349-6e3b68708e5b"},{"type":"single","resource":"workshop_six:110df0f8-7785-48fd-b1bf-87b6dc922851"},{"type":"single","resource":"workshop_six:82d5863c-6ebc-4712-82a6-9735440a32a0"},{"type":"single","resource":"workshop_six:2a38977c-dfbd-409d-9b72-5ceb704eb9c4"},{"type":"single","resource":"workshop_six:6b0d8f34-8392-458e-b7e6-e33a67b0702c"},{"type":"single","resource":"workshop_six:8f14ff58-f9ce-41af-b10b-8503a14f968e"},{"type":"single","resource":"workshop_six:579d9f6e-6a72-4d96-a68a-6f0402d0e625"},{"type":"single","resource":"workshop_six:c50702c9-af79-4e85-ba84-43168543443b"},{"type":"single","resource":"workshop_six:a64024e1-d784-455a-8e69-d426eeaed1e0"},{"type":"single","resource":"workshop_six:c3931aac-d85e-45af-8b96-aee25bfb5d13"},{"type":"single","resource":"workshop_six:7ee5fdb0-b901-499f-9de0-f3797db17b8f"},{"type":"single","resource":"workshop_six:6fbb21ce-78f7-479d-9874-96f03dc1026d"},{"type":"single","resource":"workshop_six:8aae571b-7306-4d13-8e24-7cae9da5d98a"},{"type":"single","resource":"workshop_six:edd021e7-d480-43b0-84a1-3d2a2ccbe42b"},{"type":"single","resource":"workshop_six:ee636748-f033-4ca8-a459-d7014a83e7a6"},{"type":"single","resource":"workshop_six:0e88b519-85ed-4adf-be16-89f43c3519a1"},{"type":"single","resource":"workshop_six:4c576cb8-33a5-4c3b-a028-bbc34a9a0c5d"},{"type":"single","resource":"workshop_six:a7105f04-ff5f-4ee1-a36c-0811be5c6128"},{"type":"single","resource":"workshop_six:bd5e6a22-d62a-4bc1-a0d6-3a2664b34b04"},{"type":"single","resource":"workshop_six:7a4d250b-5afd-4e72-a3e5-12946f9c8c9d"},{"type":"single","resource":"workshop_six:1c8ca1bc-5a1f-4c38-ba17-8d00c2db3f17"},{"type":"single","resource":"workshop_six:88dbdcc2-0225-4357-991d-7a99e1a0ca09"},{"type":"single","resource":"workshop_six:ec65792e-d39a-46f5-bdb6-cabb8933d2c8"},{"type":"single","resource":"workshop_six:3e7b6a40-0c5d-416a-b862-24df26d9bbf6"},{"type":"single","resource":"workshop_six:bbc29cdb-50b3-42f9-affd-9c0447e2ea72"},{"type":"single","resource":"workshop_six:221e3ab3-818d-43cb-b3c3-2529492dd2fc"},{"type":"single","resource":"workshop_six:1800613e-159e-4eaa-ab1a-d272d0c319fe"},{"type":"single","resource":"workshop_six:9bf2240f-75e0-4864-a60a-b6bcd00d9af4"},{"type":"single","resource":"workshop_six:a0268efa-f098-42ae-a6af-daa40e6fd907"},{"type":"single","resource":"workshop_six:b2783967-d541-4cb0-b06e-a34fd74385a8"},{"type":"single","resource":"workshop_six:1a007008-e5b4-401e-9628-eac1135343f0"},{"type":"single","resource":"workshop_six:21192f36-2376-4ba8-a313-4742787fcf7b"},{"type":"single","resource":"workshop_six:04f95893-f2d1-48d1-83df-da8ba0594788"},{"type":"single","resource":"workshop_six:ab5c85f2-e9e0-455d-82ff-c20078977935"},{"type":"single","resource":"workshop_six:6af98c83-a352-4602-962a-f07194e8dbbe"},{"type":"single","resource":"workshop_six:0a3f1e52-f318-4cd8-b9f9-23e046df6367"},{"type":"single","resource":"workshop_six:3cad3e6c-7096-416f-b7ac-45caac265406"},{"type":"single","resource":"workshop_six:a647657d-c655-48ff-88f9-1beb1a11b0bb"},{"type":"single","resource":"workshop_six:41377904-d89d-45ff-be94-6b6ff346d75a"},{"type":"single","resource":"workshop_six:73e67abf-7a8c-4dbb-a4e2-00ed4846ce05"},{"type":"single","resource":"workshop_six:f3f9b96b-4da8-422a-8e33-b82644f2beff"},{"type":"single","resource":"workshop_six:67dc3471-f5c8-492a-9c69-02a4ed8af798"},{"type":"single","resource":"workshop_six:4763b254-7dcc-49d6-9731-c21eefd4ec25"},{"type":"single","resource":"workshop_six:e0922b47-ddee-45cf-972e-b653dba5572b"},{"type":"single","resource":"workshop_six:ed7bae6c-ba01-4d6f-bfdb-e8fccf9d7ffd"},{"type":"single","resource":"workshop_six:d2acbd6d-c0aa-47e9-9fc6-420ce8523ee4"},{"type":"single","resource":"workshop_six:05a0066d-9fed-4299-8637-e57fcb8aef91"},{"type":"single","resource":"workshop_six:c6981fbc-518a-4be7-b67f-f096caf76cf4"},{"type":"single","resource":"workshop_six:56e717c2-31e0-4b08-a38c-54d45add830b"},{"type":"single","resource":"workshop_six:a5fa6db4-dead-4232-b0b1-2be26686a7b3"},{"type":"single","resource":"item/chainmail_boots"},{"type":"single","resource":"item/chainmail_chestplate"},{"type":"single","resource":"item/chainmail_helmet"},{"type":"single","resource":"item/chainmail_leggings"},{"type":"single","resource":"item/charcoal"},{"type":"single","resource":"item/crossbow_standby"},{"type":"single","resource":"item/diamond_horse_armor"},{"type":"single","resource":"item/diamond_sword"},{"type":"single","resource":"item/elytra"},{"type":"single","resource":"item/leather_boots"},{"type":"single","resource":"item/leather_boots_overlay"},{"type":"single","resource":"item/leather_horse_armor"},{"type":"single","resource":"item/netherite_axe"},{"type":"single","resource":"item/netherite_boots"},{"type":"single","resource":"item/netherite_chestplate"},{"type":"single","resource":"item/netherite_helmet"},{"type":"single","resource":"item/netherite_hoe"},{"type":"single","resource":"item/netherite_leggings"},{"type":"single","resource":"item/netherite_pickaxe"},{"type":"single","resource":"item/netherite_shovel"},{"type":"single","resource":"item/netherite_sword"},{"type":"single","resource":"nexo:aa673d62-4dd7-4fd2-bf12-e41b8a7b9d3c"},{"type":"single","resource":"nexo:47383ed1-ee49-403e-8ac6-b2f8668b925a"},{"type":"single","resource":"nexo:12d91c26-c17d-49f7-bb11-ef0351fa3a8c"},{"type":"single","resource":"nexo:d31619c8-3ba7-411d-b026-7af5d2980a94"},{"type":"single","resource":"nexo:eb26da2f-338b-43ac-8313-1bd18f875045"},{"type":"single","resource":"nexo:24b1e9e7-8261-4b84-bd98-739e92ae052b"},{"type":"single","resource":"nexo:a0f345f8-ef7b-4564-8d75-0781f2e9cec6"},{"type":"single","resource":"nexo:7be22ffa-454d-4873-809c-e872242df150"},{"type":"single","resource":"nexo:295ddd6a-d590-44bf-a830-96248fdd7224"},{"type":"single","resource":"nexo:8915cf66-49c4-45d4-ae06-147554ed1790"},{"type":"single","resource":"nexo:9e67184f-06bd-4bde-89d7-969595fbb82f"},{"type":"single","resource":"nexo:742fe4e9-437e-425b-bb75-44f99674bf0e"},{"type":"single","resource":"nexo:878a55a3-69ad-4694-af52-5940fbc5d9ed"},{"type":"single","resource":"nexo:9ef394ee-3c43-46ce-99d9-d71a1b897771"},{"type":"single","resource":"nexo:b31d0871-ae38-4343-b383-65cc28455c9d"},{"type":"single","resource":"nexo:02aa5c03-1ff4-41b3-a77a-584452cb49c2"},{"type":"single","resource":"nexo:9e65a00a-f4ed-4535-bad2-f8b31c198597"},{"type":"single","resource":"nexo:22f6b162-6aab-4eab-8e5e-6c28c9e7a1ae"},{"type":"single","resource":"nexo:71c00688-207d-4d71-b05d-d84bc26b214f"},{"type":"single","resource":"nexo:58470d4d-dd40-41d0-a679-33d2ab23d4f8"},{"type":"single","resource":"nexo:c134bca3-d89f-4185-9f04-b37da8446b23"},{"type":"single","resource":"nexo:916e6514-e898-4cbf-9976-de334cefb2a6"},{"type":"single","resource":"nexo:f60c0b2d-512e-4c02-b3c9-4cdf856a24cd"},{"type":"single","resource":"nexo:88dd273b-85e6-43f3-8fcc-cb59ed96eee4"},{"type":"single","resource":"nexo:149c4919-0264-45a1-90bd-485be5f04d12"},{"type":"single","resource":"nexo:017d7978-5082-4525-a1f8-ed2a3c3801ba"},{"type":"single","resource":"nexo:d1d41f47-753c-4244-91f3-8d1ecf8e598e"},{"type":"single","resource":"nexo:8c964ef8-a501-4adc-9524-420335837a94"},{"type":"single","resource":"nexo:23c34ea9-ce4b-4179-91ee-f679293632db"},{"type":"single","resource":"nexo:34161f8a-99fa-468d-bd98-d760734d312e"},{"type":"single","resource":"nexo:1f60561c-c1cd-426d-90f5-46024510aac5"},{"type":"single","resource":"nexo:bbf869d2-3dca-4ad9-95bf-03aa3b296b1a"},{"type":"single","resource":"nexo:45aefe53-c27a-4521-aa40-df4efd4fb916"},{"type":"single","resource":"nexo:be60f51c-a71c-4a47-a8ad-a2a0fe7ca9eb"},{"type":"single","resource":"nexo:20af531e-29e5-45d6-bd7e-d7cc1d5686bc"},{"type":"single","resource":"nexo:5d4b284c-53fe-4c83-9589-3316fc31c5a9"},{"type":"single","resource":"nexo:8ee15702-26f0-4a93-b65a-69db943acbe6"},{"type":"single","resource":"nexo:d7878785-bc0a-4d55-86ca-ea900bfa991e"},{"type":"single","resource":"item/paper"},{"type":"single","resource":"item/trident"},{"type":"single","resource":"item/wolf_armor"},{"type":"single","resource":"polished-amethyst-armor-weapons-wastudio:e8126e77-d7dd-4d9f-9a84-bbf0d846f77e"},{"type":"single","resource":"polished-amethyst-armor-weapons-wastudio:3cca0837-eb59-4ef7-aba5-7c5afcc70a3a"},{"type":"single","resource":"polished-amethyst-armor-weapons-wastudio:8746d85a-3b75-43ab-87ca-0b018427cf82"},{"type":"single","resource":"polished-amethyst-armor-weapons-wastudio:f0b9d359-ed62-4a8d-8023-9c6847f36505"},{"type":"single","resource":"polished-amethyst-armor-weapons-wastudio:97ea4b49-47bb-4e10-be79-60c8a6d97269"},{"type":"single","resource":"polished-amethyst-armor-weapons-wastudio:c06f10ea-3e64-434e-b305-ca069ea48a85"},{"type":"single","resource":"polished-amethyst-armor-weapons-wastudio:e519af80-2045-4cc5-985a-874d188e2910"},{"type":"single","resource":"polished-amethyst-armor-weapons-wastudio:740f3354-3f39-4e99-87b7-021c66172b30"},{"type":"single","resource":"polished-amethyst-armor-weapons-wastudio:e7b8a1e0-9960-4de3-9c2e-9b9ef9d8f2a9"},{"type":"single","resource":"polished-amethyst-armor-weapons-wastudio:941deebb-98c0-4d0e-a176-17fecd5b77fe"},{"type":"single","resource":"polished-amethyst-armor-weapons-wastudio:d9de02ea-cc3c-4ac6-8670-4b52295754da"},{"type":"single","resource":"polished-amethyst-armor-weapons-wastudio:5abea84a-70a3-4038-aefc-64bfe3075552"},{"type":"single","resource":"polished-amethyst-armor-weapons-wastudio:db6af957-a6bb-40f5-8581-c21f3840913f"},{"type":"single","resource":"447184f6-19a5-429d-9932-1b808a739809"},{"type":"single","resource":"5ffd9f9a-9de4-403a-a2e3-4d6308c40760"},{"type":"single","resource":"72fcbbc1-a3ea-4059-9d41-8b515df3ecfa"},{"type":"single","resource":"39b7fd20-421d-4e59-bac4-a4b0f700210b"},{"type":"single","resource":"54e33935-dde3-4efa-bdd9-10e4e32c5163"},{"type":"single","resource":"3778a95c-a470-4647-8d3a-14beb2103204"},{"type":"single","resource":"polished-amethyst-armor-weapons-wastudio:d9331bc0-0fb2-43b7-83e4-0ca090b9379f"},{"type":"single","resource":"polished-amethyst-armor-weapons-wastudio:059210c9-0beb-47f3-a7c5-cd3dcaf577d7"},{"type":"single","resource":"57c5af37-6227-48ac-b989-c9752cbf3370"},{"type":"single","resource":"3becd39d-42ac-4154-a171-96685d38d902"},{"type":"single","resource":"888c58ee-393d-445e-bb74-ff1dee586aec"},{"type":"single","resource":"913767ae-6e63-4777-8e1e-aceca334a117"},{"type":"single","resource":"72ba856c-2a1a-4f09-8865-29ea320f092d"},{"type":"single","resource":"1ebed895-66e5-483c-a139-5550f8211164"},{"type":"single","resource":"52dc684d-4285-4e52-9ef0-1e29deb7e60b"},{"type":"single","resource":"008f1810-e079-4787-b892-88de1299a402"},{"type":"single","resource":"f7c2b3fb-d296-4660-a849-e334a00f4898"},{"type":"single","resource":"538caca6-8145-4a13-a687-bd127233785c"},{"type":"single","resource":"9c9624c3-6c74-4178-a10e-84d7a5b98631"},{"type":"single","resource":"a909e158-346c-4a4e-bce2-eb00e1276fd8"},{"type":"single","resource":"b3d549b1-a261-46d0-a168-50cc9f523113"}]}