{"sources":[{"type":"directory","source":"entity","prefix":"entity/"},{"type":"filter","pattern":{"namespace":"minecraft","path":"entity/fishing_hook"}},{"type":"filter","pattern":{"namespace":"minecraft","path":"entity/fishing_hook"}},{"type":"single","resource":"block/dark_oak_planks"},{"type":"single","resource":"modelengine:772e0d6a-d864-4936-bd35-efd8566f1307"},{"type":"single","resource":"modelengine:4eb1e99b-8b68-4344-894c-0822863527c8"},{"type":"single","resource":"modelengine:07b35244-45e5-4003-8127-a28929b687f7"},{"type":"single","resource":"modelengine:bf0636e1-dad6-4b1e-8046-4e93bb3af525"},{"type":"single","resource":"modelengine:3d95f030-01bb-4909-9f2e-3d8ff45f08b8"},{"type":"single","resource":"modelengine:0c48d270-731f-4cbd-947f-d663a96dd8d5"},{"type":"single","resource":"modelengine:ecafc441-84ce-47dc-83a1-7ac7e5a934c5"},{"type":"single","resource":"modelengine:151e84a6-f945-4422-9f14-baea4c3c26d7"},{"type":"single","resource":"modelengine:d116eedc-3139-4f86-bc06-61d95bc09b73"},{"type":"single","resource":"modelengine:4c84a486-40bb-4bef-9368-005731717bae"},{"type":"single","resource":"modelengine:9b3584ed-498f-47d6-8098-000f7a458e05"},{"type":"single","resource":"modelengine:9ba248c6-afdd-401f-b353-e553b5ec3f5d"},{"type":"single","resource":"modelengine:27945bc2-4a2d-4010-8d6d-d2c576951adb"},{"type":"single","resource":"modelengine:ef74e93a-3259-4f42-b048-0a6361defabc"},{"type":"single","resource":"modelengine:6a0324db-276f-4f7b-a094-fe20c9e40b05"},{"type":"single","resource":"item/chainmail_boots"},{"type":"single","resource":"item/chainmail_chestplate"},{"type":"single","resource":"item/chainmail_helmet"},{"type":"single","resource":"item/chainmail_leggings"},{"type":"single","resource":"item/crossbow_standby"},{"type":"single","resource":"item/diamond_horse_armor"},{"type":"single","resource":"item/elytra"},{"type":"single","resource":"item/leather_horse_armor"},{"type":"single","resource":"item/netherite_axe"},{"type":"single","resource":"item/netherite_hoe"},{"type":"single","resource":"item/netherite_pickaxe"},{"type":"single","resource":"item/netherite_shovel"},{"type":"single","resource":"item/netherite_sword"},{"type":"single","resource":"nexo:0dbb286e-2395-47c7-b761-9ac55fb0c9c6"},{"type":"single","resource":"nexo:ba3e66af-99a8-4a55-b3a8-e6b5726ce870"},{"type":"single","resource":"nexo:77dac5cf-3139-4186-b89c-943d2b0b551f"},{"type":"single","resource":"nexo:28d9de18-a7b9-445e-ad20-0d7cf1475616"},{"type":"single","resource":"nexo:5de7cd3f-994f-4ddf-9aba-7693e206d3a7"},{"type":"single","resource":"nexo:124233ee-a2f1-492b-8782-7fc102fe16c1"},{"type":"single","resource":"nexo:2bd4f802-88dd-4daf-919a-2e49c3d5eefa"},{"type":"single","resource":"nexo:c39aa8ff-5a26-4ac2-850a-a826895b4e8d"},{"type":"single","resource":"nexo:c352c9d1-18d9-46f3-8476-eedc251cb9ca"},{"type":"single","resource":"nexo:9f3d74f8-c9ef-4778-a665-9a7dc95f1f67"},{"type":"single","resource":"nexo:71b75c6d-4b51-4544-b474-bae417683121"},{"type":"single","resource":"nexo:2fa99b66-ea22-45c3-a71e-99ba008d377d"},{"type":"single","resource":"nexo:ba9a1ee7-9cc4-4c9f-a543-8eed91047581"},{"type":"single","resource":"nexo:22e206a1-82dd-48b0-bed5-8c2f1c38f944"},{"type":"single","resource":"nexo:32855935-1f5c-49b6-bc49-852370ddb6d4"},{"type":"single","resource":"nexo:fb41f0fb-3897-40e7-8928-6e5db124f602"},{"type":"single","resource":"nexo:cf3893e1-8631-4c3a-9389-0f0f64d6864b"},{"type":"single","resource":"nexo:067e58c8-38c7-4e45-b30a-cfbb6e81a940"},{"type":"single","resource":"nexo:5ff19d76-2d38-4151-a377-436ed448d3ec"},{"type":"single","resource":"nexo:7c9d40f6-0cf6-417f-b737-2df61e7add84"},{"type":"single","resource":"nexo:44647ff2-0ff5-46a5-b154-59f040626b70"},{"type":"single","resource":"nexo:fd8fea88-6806-4143-a9d2-7562d09d5444"},{"type":"single","resource":"nexo:da3f2df8-1efe-4624-a8eb-5ce1ee8a7df0"},{"type":"single","resource":"nexo:f43f642b-01c5-4c15-9415-899d5c654a63"},{"type":"single","resource":"nexo:6527d3a5-6eb7-4fa3-9030-097a61d77a14"},{"type":"single","resource":"nexo:0fc26194-b0a0-4904-a952-a0651545a53c"},{"type":"single","resource":"nexo:b4d4da42-151a-4b0e-97c7-6c4dab28e964"},{"type":"single","resource":"nexo:6d6537b1-f00f-4318-b712-5e33f267e50a"},{"type":"single","resource":"nexo:625f0317-10d8-4d29-a700-3eb7bbf49051"},{"type":"single","resource":"nexo:750bd94b-8933-4f0c-88c2-b34968b646cd"},{"type":"single","resource":"nexo:bd7f702e-6d88-4680-bf35-54b362fd0e12"},{"type":"single","resource":"nexo:d7b986af-5554-40b1-8896-16648a908cd6"},{"type":"single","resource":"nexo:489abe4b-1a28-4ad1-9852-ee573c8e97f7"},{"type":"single","resource":"nexo:7fbba2e7-3479-495d-b5fe-20ce6a6ac119"},{"type":"single","resource":"nexo:be4f9e26-5c73-4191-b216-aac8f1c4882c"},{"type":"single","resource":"nexo:0959195b-a1db-4a96-b557-2ca715c4059d"},{"type":"single","resource":"nexo:e28eda27-0953-4e14-b092-f331d030988f"},{"type":"single","resource":"nexo:60af42e9-5835-4e8e-9b42-753063472727"},{"type":"single","resource":"item/paper"},{"type":"single","resource":"item/trident"},{"type":"single","resource":"item/wolf_armor"},{"type":"single","resource":"de524317-773a-452f-a982-b21dd252fdcb"},{"type":"single","resource":"47cc7bd1-c13a-4eca-8370-ac95427911c3"},{"type":"single","resource":"a224a3d0-48a6-4c81-9391-42e37aae5465"},{"type":"single","resource":"aa450dc9-1a22-48c0-8e53-43d6c25621c0"},{"type":"single","resource":"e3947dca-e0e1-4032-b5c7-094dd50b0322"},{"type":"single","resource":"d1491782-c552-4344-80d7-63971266f4ff"},{"type":"single","resource":"ed4df413-bedd-4a4a-8c80-32ddb50ecabe"},{"type":"single","resource":"ac4d644f-79a5-4c82-9a53-e93752db6877"},{"type":"single","resource":"e613a63e-34be-4c11-9b9c-ac1a1f898691"},{"type":"single","resource":"2fa1fea4-806a-427f-9e78-0efc33020f53"},{"type":"single","resource":"1ab1549b-5e06-4abd-8690-bbaa96899312"},{"type":"single","resource":"996464a6-4b70-4376-b41b-974c437035e3"},{"type":"single","resource":"6e166edf-a395-45ca-adc6-99a856e1259f"},{"type":"single","resource":"635e0d72-f981-4c5b-bdd7-09f758a73ff0"},{"type":"single","resource":"f541dbe9-20b5-450d-8cb0-7ada582506e0"},{"type":"single","resource":"b3469485-9819-4315-979a-0b8ed1e106d9"},{"type":"single","resource":"4f598b96-47f7-4815-9cb3-c52cfde1c6dd"},{"type":"single","resource":"e74dadd8-7ecb-43e4-9e0c-f63f399b2aa3"}]}