{"sources":[{"type":"directory","source":"entity","prefix":"entity/"},{"type":"filter","pattern":{"namespace":"minecraft","path":"entity/fishing_hook"}},{"type":"single","resource":"block/dark_oak_planks"},{"type":"single","resource":"block/fire_0"},{"type":"single","resource":"block/fire_1"},{"type":"single","resource":"item/chainmail_boots"},{"type":"single","resource":"item/chainmail_chestplate"},{"type":"single","resource":"item/chainmail_helmet"},{"type":"single","resource":"item/chainmail_leggings"},{"type":"single","resource":"item/crossbow_standby"},{"type":"single","resource":"item/diamond_horse_armor"},{"type":"single","resource":"item/elytra"},{"type":"single","resource":"item/leather_horse_armor"},{"type":"single","resource":"item/netherite_axe"},{"type":"single","resource":"item/netherite_hoe"},{"type":"single","resource":"item/netherite_pickaxe"},{"type":"single","resource":"item/netherite_shovel"},{"type":"single","resource":"item/netherite_sword"},{"type":"single","resource":"nexo:f2e16100-0684-4eeb-8665-1cb6c33f75cc"},{"type":"single","resource":"nexo:51101658-4831-4295-8e8a-8d2d7c7de120"},{"type":"single","resource":"nexo:7414b7fc-6731-4657-ad7b-c98eb815572b"},{"type":"single","resource":"nexo:41fb1e0b-00d1-4281-ad36-75e6e46bcdd5"},{"type":"single","resource":"nexo:eb025363-9cd8-4bfe-8eb0-596a404ade9a"},{"type":"single","resource":"nexo:33e092a9-a3b9-4c3f-a29b-86c5f5d89f8c"},{"type":"single","resource":"nexo:5ba5e267-0a3b-4066-a5fd-14ab37340d8b"},{"type":"single","resource":"nexo:b00ff8ea-7eea-46f3-86c7-834f373207bf"},{"type":"single","resource":"nexo:5430bd55-b102-43d4-8abe-4639332e5905"},{"type":"single","resource":"nexo:58646d1b-6bab-4cda-9cdb-e1cb78b4415d"},{"type":"single","resource":"nexo:59612967-36b7-4b81-8738-474de2ef749b"},{"type":"single","resource":"nexo:7c959290-8556-4e98-bdde-9dca4a3521b8"},{"type":"single","resource":"nexo:ce7dbed2-1723-42ed-b55f-b8ba45ce46a7"},{"type":"single","resource":"nexo:4e4b7a85-c714-4459-91e0-9a93cc4a003d"},{"type":"single","resource":"nexo:a48be783-6774-4f1e-899c-481dc7fe957a"},{"type":"single","resource":"nexo:1fd61669-49bf-419c-b5b6-c3ed95a00225"},{"type":"single","resource":"nexo:bdda9620-319e-4517-a050-fbaa214ac97d"},{"type":"single","resource":"nexo:23a45aea-d91d-4254-867c-d04d56129f11"},{"type":"single","resource":"nexo:707c7509-1f9a-4854-b290-b9a4dcbc13e0"},{"type":"single","resource":"nexo:e4d7fb27-1e4b-4eed-b407-424d2da2d2ef"},{"type":"single","resource":"nexo:80b2b7b5-51f4-4203-bbe8-3c459edd5c38"},{"type":"single","resource":"nexo:f945ee21-b430-4cb0-ae56-db2938daef28"},{"type":"single","resource":"nexo:8247067b-4907-4bfe-9469-e7edc5a7f640"},{"type":"single","resource":"nexo:79844767-24e5-4149-a465-8b1777c59863"},{"type":"single","resource":"nexo:d8b93f52-dfac-4b69-9c08-c0ee25de24d9"},{"type":"single","resource":"nexo:0bfc6274-7002-4bf4-948c-05648787f776"},{"type":"single","resource":"nexo:87685faa-65d9-4a43-8b1f-df7adfc03f2c"},{"type":"single","resource":"nexo:85c98a94-d082-498a-acf9-788c12be2532"},{"type":"single","resource":"nexo:740091fc-c6a1-45ca-9e17-81a479ee3cff"},{"type":"single","resource":"nexo:65fa286b-f0fc-4d0f-a38d-3f3debee2d31"},{"type":"single","resource":"nexo:748ae843-0cee-4f53-b6bd-70500c15c068"},{"type":"single","resource":"nexo:e6ad6605-15e4-4143-b5b8-1aa6ae92eed3"},{"type":"single","resource":"nexo:b72766dd-b192-4c1b-a83d-e81bd578bf8c"},{"type":"single","resource":"nexo:761fbec0-6b42-460d-9a23-1b9641d38b8d"},{"type":"single","resource":"nexo:9e0ee42b-7703-4571-877d-9627d07b423a"},{"type":"single","resource":"nexo:5700842d-b44a-4817-937b-8417ac2d22cf"},{"type":"single","resource":"nexo:2f18f9cf-ba10-4671-8476-0d7b628f62a7"},{"type":"single","resource":"nexo:ac4db402-a972-4454-8da5-4905f2e05a49"},{"type":"single","resource":"item/paper"},{"type":"single","resource":"item/trident"},{"type":"single","resource":"item/wolf_armor"},{"type":"single","resource":"3e00dd0d-e6ae-442e-a0b4-96771eb1a883"},{"type":"single","resource":"a9cbdf80-342f-49cc-8303-d1fea339ab43"},{"type":"single","resource":"0616afce-ba8d-4bf5-b8f3-cf47745110c9"},{"type":"single","resource":"2b81df5a-5a77-4a36-85b5-47608dc1cce2"},{"type":"single","resource":"aa2211bc-b048-4e22-b3b3-f86edc729565"},{"type":"single","resource":"e390961b-f023-4f5f-bc8f-5170e665d782"}]}