{"display":{"gui":{"rotation":[-150.0,-45.0,180.0]}},"elements":[{"from":[9.5,8.0,8.0],"to":[19.5,10.0,8.0],"faces":{"east":{"uv":[10.125,12.875,9.125,13.875],"texture":"#0","tintindex":0},"south":{"uv":[11.375,14.875,12.625,15.125],"texture":"#0","tintindex":0},"north":{"uv":[12.625,14.875,11.375,15.125],"texture":"#0","tintindex":0},"west":{"uv":[13.75,8.25,12.75,9.25],"texture":"#0","tintindex":0},"up":{"uv":[4.25,13.75,5.375,12.75],"texture":"#0","tintindex":0},"down":{"uv":[12.75,4.5,13.875,5.5],"texture":"#0","tintindex":0}}},{"from":[-3.5,8.0,8.0],"to":[6.5,10.0,8.0],"faces":{"east":{"uv":[12.75,8.25,13.75,9.25],"texture":"#0","tintindex":0},"south":{"uv":[12.625,14.875,11.375,15.125],"texture":"#0","tintindex":0},"north":{"uv":[11.375,14.875,12.625,15.125],"texture":"#0","tintindex":0},"west":{"uv":[9.125,12.875,10.125,13.875],"texture":"#0","tintindex":0},"up":{"uv":[5.375,13.75,4.25,12.75],"texture":"#0","tintindex":0},"down":{"uv":[13.875,4.5,12.75,5.5],"texture":"#0","tintindex":0}}}],"textures":{"0":"modelengine:2bc7fb72-c29e-4c8d-8e3b-aafbe78d4b97","particle":"#0"}}