{"display":{"gui":{"rotation":[-150.0,-45.0,180.0]}},"elements":[{"from":[6.0,8.0,6.0],"to":[10.0,8.0,10.0],"faces":{"east":{"uv":[15.875,12.75,16.0,12.875],"texture":"#0","tintindex":0},"south":{"uv":[15.875,12.75,16.0,12.875],"texture":"#0","tintindex":0},"north":{"uv":[15.875,12.75,16.0,12.875],"texture":"#0","tintindex":0},"west":{"uv":[15.875,12.75,16.0,12.875],"texture":"#0","tintindex":0},"up":{"uv":[15.5,2.625,16.0,3.125],"texture":"#0","tintindex":0},"down":{"uv":[15.5,2.625,16.0,3.125],"texture":"#0","tintindex":0}}}],"textures":{"0":"modelengine:2bc7fb72-c29e-4c8d-8e3b-aafbe78d4b97","particle":"#0"}}