{"display":{"gui":{"rotation":[-150.0,-45.0,180.0]}},"elements":[{"from":[3.0,8.0,3.0],"to":[13.0,8.0,13.0],"faces":{"east":{"uv":[15.875,12.75,16.0,12.875],"texture":"#0","tintindex":0},"south":{"uv":[15.875,12.75,16.0,12.875],"texture":"#0","tintindex":0},"north":{"uv":[15.875,12.75,16.0,12.875],"texture":"#0","tintindex":0},"west":{"uv":[15.875,12.75,16.0,12.875],"texture":"#0","tintindex":0},"up":{"uv":[14.75,0.0,16.0,1.25],"texture":"#0","tintindex":0},"down":{"uv":[14.75,0.0,16.0,1.25],"texture":"#0","tintindex":0}}}],"textures":{"0":"modelengine:c9e11347-0f20-40e9-b601-1e6e0a96100b","particle":"#0"}}