{"display":{"gui":{"rotation":[-150.0,-45.0,180.0]}},"elements":[{"from":[5.5,8.0,5.5],"to":[10.5,8.0,10.5],"faces":{"east":{"uv":[15.875,12.75,16.0,12.875],"texture":"#0","tintindex":0},"south":{"uv":[15.875,12.75,16.0,12.875],"texture":"#0","tintindex":0},"north":{"uv":[15.875,12.75,16.0,12.875],"texture":"#0","tintindex":0},"west":{"uv":[15.875,12.75,16.0,12.875],"texture":"#0","tintindex":0},"up":{"uv":[15.375,1.25,16.0,1.875],"texture":"#0","tintindex":0},"down":{"uv":[15.375,1.25,16.0,1.875],"texture":"#0","tintindex":0}}}],"textures":{"0":"modelengine:59ac2e0b-90b1-4f05-a784-61b26f051e16","particle":"#0"}}