{"display":{"gui":{"rotation":[-150.0,-45.0,180.0]}},"elements":[{"from":[6.5,-13.0,4.0],"to":[9.5,8.0,8.0],"faces":{"east":{"uv":[2.875,12.25,3.375,14.875],"texture":"#0","tintindex":0},"south":{"uv":[8.0,12.25,8.375,14.875],"texture":"#0","tintindex":0},"north":{"uv":[3.375,12.25,3.75,14.875],"texture":"#0","tintindex":0},"west":{"uv":[12.25,3.5,12.75,6.125],"texture":"#0","tintindex":0},"up":{"uv":[11.25,1.75,10.875,1.25],"texture":"#0","tintindex":0},"down":{"uv":[10.5,12.875,10.125,13.375],"texture":"#0","tintindex":0}}}],"textures":{"0":"modelengine:59ac2e0b-90b1-4f05-a784-61b26f051e16","particle":"#0"}}