{"display":{"gui":{"rotation":[-150.0,-45.0,180.0]}},"elements":[{"from":[8.0,-6.5,7.25],"to":[10.5,8.0,8.75],"faces":{"east":{"uv":[9.125,10.375,8.75,14.0],"texture":"#0","tintindex":0},"south":{"uv":[4.875,9.125,4.25,12.75],"texture":"#0","tintindex":0},"north":{"uv":[5.5,9.125,4.875,12.75],"texture":"#0","tintindex":0},"west":{"uv":[2.875,12.25,2.5,15.875],"texture":"#0","tintindex":0},"up":{"uv":[9.75,13.875,9.125,14.25],"texture":"#0","tintindex":0},"down":{"uv":[0.625,14.375,0.0,14.0],"texture":"#0","tintindex":0}}}],"textures":{"0":"modelengine:c9e11347-0f20-40e9-b601-1e6e0a96100b","particle":"#0"}}