{"display":{"gui":{"rotation":[-150.0,-45.0,180.0]}},"elements":[{"from":[7.0,-11.5,6.5],"to":[9.0,9.5,9.5],"faces":{"east":{"uv":[4.25,0.0,5.0,5.25],"texture":"#0","tintindex":0},"south":{"uv":[3.75,7.75,4.25,13.0],"texture":"#0","tintindex":0},"north":{"uv":[5.75,7.125,6.25,12.375],"texture":"#0","tintindex":0},"west":{"uv":[5.0,0.0,5.75,5.25],"texture":"#0","tintindex":0},"up":{"uv":[3.0,7.75,2.5,7.0],"texture":"#0","tintindex":0},"down":{"uv":[5.375,13.75,4.875,14.5],"texture":"#0","tintindex":0}}}],"textures":{"0":"modelengine:f3d575a5-2fcd-40a7-85f3-daa173921775","particle":"#0"}}