{"display":{"gui":{"rotation":[-150.0,-45.0,180.0]}},"elements":[{"from":[-3.230442,8.5,5.841488],"to":[1.769558,9.5,7.841488],"rotation":{"origin":[4.0,10.0,8.0],"x":0.0,"y":-22.5,"z":0.0},"faces":{"east":{"uv":[5.75,5.125,6.0,5.25],"texture":"#0","tintindex":0},"south":{"uv":[10.75,6.0,11.375,6.125],"texture":"#0","tintindex":0},"north":{"uv":[9.75,1.875,10.375,2.0],"texture":"#0","tintindex":0},"west":{"uv":[6.0,5.125,6.25,5.25],"texture":"#0","tintindex":0},"up":{"uv":[14.625,1.875,14.0,1.625],"texture":"#0","tintindex":0},"down":{"uv":[14.625,1.875,14.0,2.125],"texture":"#0","tintindex":0}}},{"from":[-2.6193972,9.0,-0.9134178],"to":[-0.61939716,9.0,5.086582],"faces":{"up":{"uv":[2.5,9.75,2.25,9.0],"texture":"#0","tintindex":0},"down":{"uv":[2.5,9.0,2.25,9.75],"texture":"#0","tintindex":0}}},{"from":[2.0,8.0,5.0],"to":[8.0,10.0,8.0],"faces":{"east":{"uv":[0.625,14.0,1.0,14.25],"texture":"#0","tintindex":0},"south":{"uv":[14.0,0.0,14.75,0.25],"texture":"#0","tintindex":0},"north":{"uv":[13.875,5.25,14.625,5.5],"texture":"#0","tintindex":0},"west":{"uv":[14.0,2.375,14.375,2.625],"texture":"#0","tintindex":0},"up":{"uv":[11.5,6.0,10.75,5.625],"texture":"#0","tintindex":0},"down":{"uv":[14.625,3.5,13.875,3.875],"texture":"#0","tintindex":0}}}],"textures":{"0":"modelengine:6e661c6b-bdbe-4111-a68a-1bdac80cef15","particle":"#0"}}