{"display":{"gui":{"rotation":[-150.0,-45.0,180.0]}},"elements":[{"from":[7.0,4.0,-7.0],"to":[15.0,8.0,8.0],"rotation":{"origin":[13.0,8.0,-5.0],"x":0.0,"y":22.5,"z":0.0},"faces":{"east":{"uv":[15.0,11.625,13.125,12.125],"texture":"#0","tintindex":0},"south":{"uv":[14.5,3.0,13.5,3.5],"texture":"#0","tintindex":0},"north":{"uv":[14.375,7.75,13.375,8.25],"texture":"#0","tintindex":0},"west":{"uv":[15.0,11.125,13.125,11.625],"texture":"#0","tintindex":0},"up":{"uv":[7.75,12.25,8.75,10.375],"texture":"#0","tintindex":0},"down":{"uv":[10.5,8.375,11.5,10.25],"texture":"#0","tintindex":0}}},{"from":[1.0,4.0,-7.0],"to":[9.0,8.0,8.0],"rotation":{"origin":[3.0,8.0,-5.0],"x":0.0,"y":-22.5,"z":0.0},"faces":{"east":{"uv":[13.125,11.125,15.0,11.625],"texture":"#0","tintindex":0},"south":{"uv":[13.5,3.0,14.5,3.5],"texture":"#0","tintindex":0},"north":{"uv":[13.375,7.75,14.375,8.25],"texture":"#0","tintindex":0},"west":{"uv":[13.125,11.625,15.0,12.125],"texture":"#0","tintindex":0},"up":{"uv":[8.75,12.25,7.75,10.375],"texture":"#0","tintindex":0},"down":{"uv":[11.5,8.375,10.5,10.25],"texture":"#0","tintindex":0}}},{"from":[-3.0,6.0,-7.0],"to":[3.0,6.0,11.0],"rotation":{"origin":[3.0,8.0,-5.0],"x":0.0,"y":-22.5,"z":0.0},"faces":{"up":{"uv":[12.125,12.5,11.375,10.25],"texture":"#0","tintindex":0},"down":{"uv":[12.125,10.25,11.375,12.5],"texture":"#0","tintindex":0}}},{"from":[7.0,11.0,-7.0],"to":[7.0,20.0,14.0],"rotation":{"origin":[7.0,11.0,-4.0],"x":0.0,"y":0.0,"z":22.5},"faces":{"east":{"uv":[16.0,14.875,13.375,16.0],"texture":"#0","tintindex":0},"west":{"uv":[13.375,6.0,16.0,7.125],"texture":"#0","tintindex":0}}},{"from":[13.0,6.0,-7.0],"to":[19.0,6.0,11.0],"rotation":{"origin":[13.0,8.0,-5.0],"x":0.0,"y":22.5,"z":0.0},"faces":{"up":{"uv":[11.375,12.5,12.125,10.25],"texture":"#0","tintindex":0},"down":{"uv":[11.375,10.25,12.125,12.5],"texture":"#0","tintindex":0}}},{"from":[9.0,11.0,-7.0],"to":[9.0,20.0,14.0],"rotation":{"origin":[9.0,11.0,-4.0],"x":0.0,"y":0.0,"z":-22.5},"faces":{"east":{"uv":[16.0,6.0,13.375,7.125],"texture":"#0","tintindex":0},"west":{"uv":[13.375,14.875,16.0,16.0],"texture":"#0","tintindex":0}}},{"from":[3.0,1.0,-7.0],"to":[13.0,11.0,9.0],"faces":{"east":{"uv":[7.75,3.875,9.75,5.125],"texture":"#0","tintindex":0},"south":{"uv":[12.0,1.25,13.25,2.5],"texture":"#0","tintindex":0},"north":{"uv":[11.5,8.375,12.75,9.625],"texture":"#0","tintindex":0},"west":{"uv":[8.0,5.125,10.0,6.375],"texture":"#0","tintindex":0},"up":{"uv":[9.25,8.375,8.0,6.375],"texture":"#0","tintindex":0},"down":{"uv":[9.25,8.375,8.0,10.375],"texture":"#0","tintindex":0}}}],"textures":{"0":"modelengine:f3d575a5-2fcd-40a7-85f3-daa173921775","particle":"#0"}}