{"display":{"gui":{"rotation":[-150.0,-45.0,180.0]}},"elements":[{"from":[6.0,9.0,7.0],"to":[20.0,18.0,7.0],"rotation":{"origin":[8.0,13.0,7.0],"x":0.0,"y":0.0,"z":22.5},"faces":{"south":{"uv":[10.5,6.125,12.25,7.25],"texture":"#0","tintindex":0},"north":{"uv":[12.25,6.125,10.5,7.25],"texture":"#0","tintindex":0}}},{"from":[8.0,8.0,6.0],"to":[16.0,13.0,8.0],"faces":{"east":{"uv":[9.75,4.25,10.0,4.875],"texture":"#0","tintindex":0},"south":{"uv":[13.375,7.125,14.375,7.75],"texture":"#0","tintindex":0},"north":{"uv":[10.625,13.5,11.625,14.125],"texture":"#0","tintindex":0},"west":{"uv":[7.0,8.375,7.25,9.0],"texture":"#0","tintindex":0},"up":{"uv":[13.75,13.375,14.75,13.625],"texture":"#0","tintindex":0},"down":{"uv":[13.875,4.125,14.875,3.875],"texture":"#0","tintindex":0}}}],"textures":{"0":"modelengine:c9e11347-0f20-40e9-b601-1e6e0a96100b","particle":"#0"}}