{"display":{"gui":{"rotation":[-150.0,-45.0,180.0]}},"elements":[{"from":[6.75,5.5,6.75],"to":[9.25,8.0,8.25],"faces":{"east":{"uv":[13.5,10.75,13.25,11.0],"texture":"#0","tintindex":0},"south":{"uv":[13.5,10.75,13.25,11.0],"texture":"#0","tintindex":0},"north":{"uv":[13.5,10.75,13.25,11.0],"texture":"#0","tintindex":0},"west":{"uv":[13.5,10.75,13.25,11.0],"texture":"#0","tintindex":0},"up":{"uv":[13.5,10.75,13.25,10.875],"texture":"#0","tintindex":0},"down":{"uv":[13.5,10.875,13.25,11.0],"texture":"#0","tintindex":0}}}],"textures":{"0":"modelengine:c9e11347-0f20-40e9-b601-1e6e0a96100b","particle":"#0"}}