{"display":{"gui":{"rotation":[-150.0,-45.0,180.0]}},"elements":[{"from":[-1.5,6.5,8.0],"to":[17.5,9.5,8.0],"faces":{"east":{"uv":[12.75,8.25,13.75,9.25],"texture":"#0","tintindex":0},"south":{"uv":[11.0,15.625,13.375,16.0],"texture":"#0","tintindex":0},"north":{"uv":[11.0,15.625,13.375,16.0],"texture":"#0","tintindex":0},"west":{"uv":[9.125,12.875,10.125,13.875],"texture":"#0","tintindex":0},"up":{"uv":[5.375,13.75,4.25,12.75],"texture":"#0","tintindex":0},"down":{"uv":[13.875,4.5,12.75,5.5],"texture":"#0","tintindex":0}}}],"textures":{"0":"modelengine:6e661c6b-bdbe-4111-a68a-1bdac80cef15","particle":"#0"}}