{"display":{"gui":{"rotation":[-150.0,-45.0,180.0]}},"elements":[{"from":[7.24,5.74,6.74],"to":[8.76,8.01,8.26],"faces":{"east":{"uv":[13.25,10.75,13.5,11.0],"texture":"#0","tintindex":0},"south":{"uv":[13.25,10.75,13.5,11.0],"texture":"#0","tintindex":0},"north":{"uv":[13.25,10.75,13.5,11.0],"texture":"#0","tintindex":0},"west":{"uv":[13.25,10.75,13.5,11.0],"texture":"#0","tintindex":0},"up":{"uv":[13.25,10.75,13.5,10.875],"texture":"#0","tintindex":0},"down":{"uv":[13.25,10.875,13.5,11.0],"texture":"#0","tintindex":0}}}],"textures":{"0":"modelengine:ca9f335f-7888-47c5-8dc5-ba191d99d849","particle":"#0"}}