{"display":{"gui":{"rotation":[-150.0,-45.0,180.0]}},"elements":[{"from":[2.0,-5.0,-16.0],"to":[14.0,11.0,8.0],"faces":{"east":{"uv":[0.0,0.0,3.0,2.0],"texture":"#0","tintindex":0},"south":{"uv":[4.25,7.125,5.75,9.125],"texture":"#0","tintindex":0},"north":{"uv":[1.0,7.0,2.5,9.0],"texture":"#0","tintindex":0},"west":{"uv":[0.0,2.0,3.0,4.0],"texture":"#0","tintindex":0},"up":{"uv":[1.5,7.0,0.0,4.0],"texture":"#0","tintindex":0},"down":{"uv":[3.0,4.0,1.5,7.0],"texture":"#0","tintindex":0}}},{"from":[-4.0,3.0,-16.0],"to":[4.0,8.0,10.0],"rotation":{"origin":[2.0,8.0,8.0],"x":0.0,"y":0.0,"z":22.5},"faces":{"east":{"uv":[9.75,0.0,13.0,0.625],"texture":"#0","tintindex":0},"south":{"uv":[12.125,13.625,13.125,14.25],"texture":"#0","tintindex":0},"north":{"uv":[13.625,9.625,14.625,10.25],"texture":"#0","tintindex":0},"west":{"uv":[9.75,0.625,13.0,1.25],"texture":"#0","tintindex":0},"up":{"uv":[7.25,8.375,6.25,5.125],"texture":"#0","tintindex":0},"down":{"uv":[1.0,7.0,0.0,10.25],"texture":"#0","tintindex":0}}},{"from":[12.0,3.0,-16.0],"to":[20.0,8.0,10.0],"rotation":{"origin":[14.0,8.0,8.0],"x":0.0,"y":0.0,"z":-22.5},"faces":{"east":{"uv":[13.0,0.625,9.75,1.25],"texture":"#0","tintindex":0},"south":{"uv":[13.125,13.625,12.125,14.25],"texture":"#0","tintindex":0},"north":{"uv":[14.625,9.625,13.625,10.25],"texture":"#0","tintindex":0},"west":{"uv":[13.0,0.0,9.75,0.625],"texture":"#0","tintindex":0},"up":{"uv":[6.25,8.375,7.25,5.125],"texture":"#0","tintindex":0},"down":{"uv":[0.0,7.0,1.0,10.25],"texture":"#0","tintindex":0}}},{"from":[6.99,6.99,-12.01],"to":[9.01,13.01,10.01],"faces":{"east":{"uv":[8.5,2.0,11.25,2.75],"texture":"#0","tintindex":0},"south":{"uv":[9.75,3.5,10.0,4.25],"texture":"#0","tintindex":0},"north":{"uv":[2.25,9.75,2.5,10.5],"texture":"#0","tintindex":0},"west":{"uv":[8.5,2.75,11.25,3.5],"texture":"#0","tintindex":0},"up":{"uv":[5.75,11.875,5.5,9.125],"texture":"#0","tintindex":0},"down":{"uv":[8.625,12.25,8.375,15.0],"texture":"#0","tintindex":0}}}],"textures":{"0":"modelengine:ca9f335f-7888-47c5-8dc5-ba191d99d849","particle":"#0"}}