{"model":{"type":"range_dispatch","property":"custom_model_data","entries":[{"threshold":1.0,"model":{"type":"special","model":{"type":"head","kind":"player"},"base":"custom/entities/player/head"}},{"threshold":2.0,"model":{"type":"special","model":{"type":"head","kind":"player"},"base":"custom/entities/player/right_arm"}},{"threshold":3.0,"model":{"type":"special","model":{"type":"head","kind":"player"},"base":"custom/entities/player/left_arm"}},{"threshold":4.0,"model":{"type":"special","model":{"type":"head","kind":"player"},"base":"custom/entities/player/torso"}},{"threshold":5.0,"model":{"type":"special","model":{"type":"head","kind":"player"},"base":"custom/entities/player/right_leg"}},{"threshold":6.0,"model":{"type":"special","model":{"type":"head","kind":"player"},"base":"custom/entities/player/left_leg"}},{"threshold":7.0,"model":{"type":"special","model":{"type":"head","kind":"player"},"base":"custom/entities/player/slim_right"}},{"threshold":8.0,"model":{"type":"special","model":{"type":"head","kind":"player"},"base":"custom/entities/player/slim_left"}}],"fallback":{"type":"special","model":{"type":"head","kind":"player"},"base":"item/template_skull"}},"oversized_in_gui":true}