{"parent":"item/generated","textures":{"layer0":"item/leather_horse_armor","particle":"item/leather_horse_armor"},"overrides":[{"predicate":{"custom_model_data":1},"model":"modelengine:internal_fire/fire_0"},{"predicate":{"custom_model_data":2},"model":"modelengine:internal_fire/fire_1"},{"predicate":{"custom_model_data":3},"model":"modelengine:empowered_enderbruiser/left_leg"},{"predicate":{"custom_model_data":4},"model":"modelengine:ender_crawler/right_leg"},{"predicate":{"custom_model_data":5},"model":"modelengine:empowered_enderbruiser/right_leg"},{"predicate":{"custom_model_data":6},"model":"modelengine:empowered_enderbruiser/torso"},{"predicate":{"custom_model_data":7},"model":"modelengine:empowered_enderbruiser/head"},{"predicate":{"custom_model_data":8},"model":"modelengine:empowered_enderbruiser/right_arm"},{"predicate":{"custom_model_data":9},"model":"modelengine:empowered_enderbruiser/left_arm"},{"predicate":{"custom_model_data":10},"model":"modelengine:empowered_enderbruiser/right_eyelid"},{"predicate":{"custom_model_data":11},"model":"modelengine:empowered_enderbruiser/right_eye_glare"},{"predicate":{"custom_model_data":12},"model":"modelengine:empowered_enderbruiser/left_eye_glare"},{"predicate":{"custom_model_data":13},"model":"modelengine:empowered_enderbruiser/left_eyelid"},{"predicate":{"custom_model_data":14},"model":"modelengine:empowered_ender_crawler/right_leg"},{"predicate":{"custom_model_data":15},"model":"modelengine:empowered_ender_crawler/left_leg"},{"predicate":{"custom_model_data":16},"model":"modelengine:empowered_ender_crawler/torso"},{"predicate":{"custom_model_data":17},"model":"modelengine:empowered_ender_crawler/right_heel"},{"predicate":{"custom_model_data":18},"model":"modelengine:empowered_ender_crawler/left_heel"},{"predicate":{"custom_model_data":19},"model":"modelengine:empowered_ender_crawler/upper_torso"},{"predicate":{"custom_model_data":20},"model":"modelengine:empowered_ender_crawler/chest"},{"predicate":{"custom_model_data":21},"model":"modelengine:empowered_ender_crawler/right_arm"},{"predicate":{"custom_model_data":22},"model":"modelengine:empowered_ender_crawler/left_arm"},{"predicate":{"custom_model_data":23},"model":"modelengine:empowered_ender_crawler/neck"},{"predicate":{"custom_model_data":24},"model":"modelengine:empowered_ender_crawler/right_elbow"},{"predicate":{"custom_model_data":25},"model":"modelengine:empowered_ender_crawler/left_elbow"},{"predicate":{"custom_model_data":26},"model":"modelengine:empowered_ender_crawler/head"},{"predicate":{"custom_model_data":27},"model":"modelengine:empowered_ender_crawler/left_eye_glare"},{"predicate":{"custom_model_data":28},"model":"modelengine:empowered_ender_crawler/right_eyelid"},{"predicate":{"custom_model_data":29},"model":"modelengine:empowered_ender_crawler/left_eyelid"},{"predicate":{"custom_model_data":30},"model":"modelengine:empowered_ender_crawler/right_horn"},{"predicate":{"custom_model_data":31},"model":"modelengine:empowered_ender_crawler/left_horn"},{"predicate":{"custom_model_data":32},"model":"modelengine:empowered_ender_crawler/right_eye_glare"},{"predicate":{"custom_model_data":33},"model":"modelengine:end_wraith/upper_torso"},{"predicate":{"custom_model_data":34},"model":"modelengine:empowered_end_wraith/upper_torso"},{"predicate":{"custom_model_data":35},"model":"modelengine:end_wraith/tail"},{"predicate":{"custom_model_data":36},"model":"modelengine:empowered_end_wraith/tail"},{"predicate":{"custom_model_data":37},"model":"modelengine:end_wraith/head"},{"predicate":{"custom_model_data":38},"model":"modelengine:empowered_end_wraith/head"},{"predicate":{"custom_model_data":39},"model":"modelengine:end_wraith/right_arm"},{"predicate":{"custom_model_data":40},"model":"modelengine:end_wraith/left_arm"},{"predicate":{"custom_model_data":41},"model":"modelengine:end_wraith/tail2"},{"predicate":{"custom_model_data":42},"model":"modelengine:empowered_end_wraith/right_arm"},{"predicate":{"custom_model_data":43},"model":"modelengine:end_wraith/left_eye"},{"predicate":{"custom_model_data":44},"model":"modelengine:empowered_end_wraith/left_arm"},{"predicate":{"custom_model_data":45},"model":"modelengine:end_wraith/right_eye"},{"predicate":{"custom_model_data":46},"model":"modelengine:empowered_end_wraith/tail2"},{"predicate":{"custom_model_data":47},"model":"modelengine:end_wraith/right_hand"},{"predicate":{"custom_model_data":48},"model":"modelengine:end_wraith/left_hand"},{"predicate":{"custom_model_data":49},"model":"modelengine:empowered_end_wraith/left_eye"},{"predicate":{"custom_model_data":50},"model":"modelengine:end_wraith/right_index"},{"predicate":{"custom_model_data":51},"model":"modelengine:empowered_end_wraith/animhead"},{"predicate":{"custom_model_data":52},"model":"modelengine:end_wraith/right_pinky"},{"predicate":{"custom_model_data":53},"model":"modelengine:empowered_end_wraith/right_eye"},{"predicate":{"custom_model_data":54},"model":"modelengine:end_wraith/right_middle_finger"},{"predicate":{"custom_model_data":55},"model":"modelengine:empowered_end_wraith/right_hand"},{"predicate":{"custom_model_data":56},"model":"modelengine:end_wraith/right_index2"},{"predicate":{"custom_model_data":57},"model":"modelengine:empowered_end_wraith/left_hand"},{"predicate":{"custom_model_data":58},"model":"modelengine:end_wraith/left_pinky"},{"predicate":{"custom_model_data":59},"model":"modelengine:empowered_end_wraith/slash8"},{"predicate":{"custom_model_data":60},"model":"modelengine:end_wraith/left_index"},{"predicate":{"custom_model_data":61},"model":"modelengine:empowered_end_wraith/slash7"},{"predicate":{"custom_model_data":62},"model":"modelengine:end_wraith/left_middle_finger"},{"predicate":{"custom_model_data":63},"model":"modelengine:empowered_end_wraith/slash6"},{"predicate":{"custom_model_data":64},"model":"modelengine:end_wraith/left_index2"},{"predicate":{"custom_model_data":65},"model":"modelengine:end_wraith/right_index_joint"},{"predicate":{"custom_model_data":66},"model":"modelengine:empowered_end_wraith/slash5"},{"predicate":{"custom_model_data":67},"model":"modelengine:end_wraith/right_pinky_joint"},{"predicate":{"custom_model_data":68},"model":"modelengine:empowered_end_wraith/slash4"},{"predicate":{"custom_model_data":69},"model":"modelengine:end_wraith/right_middle_finger_joint"},{"predicate":{"custom_model_data":70},"model":"modelengine:empowered_end_wraith/slash3"},{"predicate":{"custom_model_data":71},"model":"modelengine:end_wraith/right_index_joint2"},{"predicate":{"custom_model_data":72},"model":"modelengine:empowered_end_wraith/slash2"},{"predicate":{"custom_model_data":73},"model":"modelengine:end_wraith/left_pinky_joint"},{"predicate":{"custom_model_data":74},"model":"modelengine:empowered_end_wraith/slash1"},{"predicate":{"custom_model_data":75},"model":"modelengine:end_wraith/left_index_joint"},{"predicate":{"custom_model_data":76},"model":"modelengine:empowered_end_wraith/right_index"},{"predicate":{"custom_model_data":77},"model":"modelengine:end_wraith/left_middle_finger_joint"},{"predicate":{"custom_model_data":78},"model":"modelengine:end_wraith/left_index_joint2"},{"predicate":{"custom_model_data":79},"model":"modelengine:empowered_end_wraith/right_pinky"},{"predicate":{"custom_model_data":80},"model":"modelengine:empowered_end_wraith/right_middle_finger"},{"predicate":{"custom_model_data":81},"model":"modelengine:empowered_end_wraith/right_index2"},{"predicate":{"custom_model_data":82},"model":"modelengine:empowered_end_wraith/left_pinky"},{"predicate":{"custom_model_data":83},"model":"modelengine:empowered_end_wraith/left_index"},{"predicate":{"custom_model_data":84},"model":"modelengine:empowered_end_wraith/left_middle_finger"},{"predicate":{"custom_model_data":85},"model":"modelengine:empowered_end_wraith/left_index2"},{"predicate":{"custom_model_data":86},"model":"modelengine:empowered_end_wraith/right_index_joint"},{"predicate":{"custom_model_data":87},"model":"modelengine:empowered_end_wraith/right_pinky_joint"},{"predicate":{"custom_model_data":88},"model":"modelengine:empowered_end_wraith/right_middle_finger_joint"},{"predicate":{"custom_model_data":89},"model":"modelengine:empowered_end_wraith/right_index_joint2"},{"predicate":{"custom_model_data":90},"model":"modelengine:empowered_end_wraith/left_pinky_joint"},{"predicate":{"custom_model_data":91},"model":"modelengine:empowered_end_wraith/left_index_joint"},{"predicate":{"custom_model_data":92},"model":"modelengine:empowered_end_wraith/left_middle_finger_joint"},{"predicate":{"custom_model_data":93},"model":"modelengine:empowered_end_wraith/left_index_joint2"},{"predicate":{"custom_model_data":94},"model":"modelengine:empowered_enderling/left_leg"},{"predicate":{"custom_model_data":95},"model":"modelengine:empowered_enderling/torso"},{"predicate":{"custom_model_data":96},"model":"modelengine:empowered_enderling/right_leg"},{"predicate":{"custom_model_data":97},"model":"modelengine:empowered_enderling/head"},{"predicate":{"custom_model_data":98},"model":"modelengine:empowered_enderling/left_arm"},{"predicate":{"custom_model_data":99},"model":"modelengine:empowered_enderling/right_arm"},{"predicate":{"custom_model_data":100},"model":"modelengine:empowered_enderling/right_eyelid"},{"predicate":{"custom_model_data":101},"model":"modelengine:empowered_enderling/right_eye_glare"},{"predicate":{"custom_model_data":102},"model":"modelengine:empowered_enderling/left_eye_glare"},{"predicate":{"custom_model_data":103},"model":"modelengine:empowered_enderling/left_eyelid"},{"predicate":{"custom_model_data":104},"model":"modelengine:empowered_ender_watchman/right_leg"},{"predicate":{"custom_model_data":105},"model":"modelengine:empowered_ender_watchman/torso"},{"predicate":{"custom_model_data":106},"model":"modelengine:empowered_ender_watchman/left_leg"},{"predicate":{"custom_model_data":107},"model":"modelengine:empowered_ender_watchman/left_cape"},{"predicate":{"custom_model_data":108},"model":"modelengine:empowered_ender_watchman/ground_cape"},{"predicate":{"custom_model_data":109},"model":"modelengine:empowered_ender_watchman/cape"},{"predicate":{"custom_model_data":110},"model":"modelengine:empowered_ender_watchman/right_cape"},{"predicate":{"custom_model_data":111},"model":"modelengine:empowered_ender_watchman/shockwave"},{"predicate":{"custom_model_data":112},"model":"modelengine:empowered_ender_watchman/shockwave2"},{"predicate":{"custom_model_data":113},"model":"modelengine:empowered_ender_watchman/shockwave3"},{"predicate":{"custom_model_data":114},"model":"modelengine:empowered_ender_watchman/right_knee"},{"predicate":{"custom_model_data":115},"model":"modelengine:empowered_ender_watchman/head"},{"predicate":{"custom_model_data":116},"model":"modelengine:empowered_ender_watchman/right_arm"},{"predicate":{"custom_model_data":117},"model":"modelengine:empowered_ender_watchman/left_shoulder_plate"},{"predicate":{"custom_model_data":118},"model":"modelengine:empowered_ender_watchman/right_shoulder_plate"},{"predicate":{"custom_model_data":119},"model":"modelengine:empowered_ender_watchman/left_knee"},{"predicate":{"custom_model_data":120},"model":"modelengine:empowered_ender_watchman/left_lower_cape"},{"predicate":{"custom_model_data":121},"model":"modelengine:empowered_ender_watchman/lower_cape"},{"predicate":{"custom_model_data":122},"model":"modelengine:empowered_ender_watchman/right_lower_cape"},{"predicate":{"custom_model_data":123},"model":"modelengine:empowered_ender_watchman/end_flash1"},{"predicate":{"custom_model_data":124},"model":"modelengine:empowered_ender_watchman/end_flash2"},{"predicate":{"custom_model_data":125},"model":"modelengine:empowered_ender_watchman/left_arm_rot"},{"predicate":{"custom_model_data":126},"model":"modelengine:empowered_ender_watchman/right_eyelid"},{"predicate":{"custom_model_data":127},"model":"modelengine:empowered_ender_watchman/left_eye_glare"},{"predicate":{"custom_model_data":128},"model":"modelengine:empowered_ender_watchman/right_eye_glare"},{"predicate":{"custom_model_data":129},"model":"modelengine:empowered_ender_watchman/left_eyelid"},{"predicate":{"custom_model_data":130},"model":"modelengine:empowered_ender_watchman/right_elbow"},{"predicate":{"custom_model_data":131},"model":"modelengine:empowered_ender_watchman/end_crystal6"},{"predicate":{"custom_model_data":132},"model":"modelengine:empowered_ender_watchman/end_crystal4"},{"predicate":{"custom_model_data":133},"model":"modelengine:empowered_ender_watchman/end_crystal5"},{"predicate":{"custom_model_data":134},"model":"modelengine:empowered_ender_watchman/end_crystal3"},{"predicate":{"custom_model_data":135},"model":"modelengine:empowered_ender_watchman/end_crystal7"},{"predicate":{"custom_model_data":136},"model":"modelengine:empowered_ender_watchman/end_crystal8"},{"predicate":{"custom_model_data":137},"model":"modelengine:empowered_ender_watchman/end_crystal1"},{"predicate":{"custom_model_data":138},"model":"modelengine:empowered_ender_watchman/end_crystal2"},{"predicate":{"custom_model_data":139},"model":"modelengine:empowered_ender_watchman/end_crystal20"},{"predicate":{"custom_model_data":140},"model":"modelengine:empowered_ender_watchman/end_crystal24"},{"predicate":{"custom_model_data":141},"model":"modelengine:empowered_ender_watchman/end_crystal17"},{"predicate":{"custom_model_data":142},"model":"modelengine:empowered_ender_watchman/end_crystal21"},{"predicate":{"custom_model_data":143},"model":"modelengine:empowered_ender_watchman/end_crystal22"},{"predicate":{"custom_model_data":144},"model":"modelengine:empowered_ender_watchman/end_crystal23"},{"predicate":{"custom_model_data":145},"model":"modelengine:empowered_ender_watchman/end_crystal18"},{"predicate":{"custom_model_data":146},"model":"modelengine:empowered_ender_watchman/end_crystal19"},{"predicate":{"custom_model_data":147},"model":"modelengine:empowered_ender_watchman/end_crystal12"},{"predicate":{"custom_model_data":148},"model":"modelengine:empowered_ender_watchman/end_crystal11"},{"predicate":{"custom_model_data":149},"model":"modelengine:empowered_ender_watchman/end_crystal13"},{"predicate":{"custom_model_data":150},"model":"modelengine:empowered_ender_watchman/end_crystal14"},{"predicate":{"custom_model_data":151},"model":"modelengine:empowered_ender_watchman/end_crystal10"},{"predicate":{"custom_model_data":152},"model":"modelengine:empowered_ender_watchman/end_crystal9"},{"predicate":{"custom_model_data":153},"model":"modelengine:empowered_ender_watchman/end_crystal15"},{"predicate":{"custom_model_data":154},"model":"modelengine:empowered_ender_watchman/end_crystal16"},{"predicate":{"custom_model_data":155},"model":"modelengine:empowered_ender_watchman/left_elbow"},{"predicate":{"custom_model_data":156},"model":"modelengine:empowered_ender_watchman/lantern"},{"predicate":{"custom_model_data":157},"model":"modelengine:empowered_ender_watchman/end_crystal_lantern2"},{"predicate":{"custom_model_data":158},"model":"modelengine:empowered_ender_watchman/end_crystal_lantern"},{"predicate":{"custom_model_data":159},"model":"modelengine:end_strider/torso"},{"predicate":{"custom_model_data":160},"model":"modelengine:end_strider/backbone"},{"predicate":{"custom_model_data":161},"model":"modelengine:end_strider/right_arm"},{"predicate":{"custom_model_data":162},"model":"modelengine:end_strider/saddle"},{"predicate":{"custom_model_data":163},"model":"modelengine:end_strider/neck"},{"predicate":{"custom_model_data":164},"model":"modelengine:end_strider/left_arm"},{"predicate":{"custom_model_data":165},"model":"modelengine:end_strider/right_leg"},{"predicate":{"custom_model_data":166},"model":"modelengine:end_strider/left_leg"},{"predicate":{"custom_model_data":167},"model":"modelengine:end_strider/left_back_leg"},{"predicate":{"custom_model_data":168},"model":"modelengine:end_strider/left_front_leg"},{"predicate":{"custom_model_data":169},"model":"modelengine:end_strider/right_back_leg"},{"predicate":{"custom_model_data":170},"model":"modelengine:end_strider/right_front_leg"},{"predicate":{"custom_model_data":171},"model":"modelengine:end_strider/right_elbow"},{"predicate":{"custom_model_data":172},"model":"modelengine:end_strider/neck2"},{"predicate":{"custom_model_data":173},"model":"modelengine:end_strider/left_elbow"},{"predicate":{"custom_model_data":174},"model":"modelengine:end_strider/right_heel"},{"predicate":{"custom_model_data":175},"model":"modelengine:end_strider/left_heel"},{"predicate":{"custom_model_data":176},"model":"modelengine:end_strider/left_back_leg_joint"},{"predicate":{"custom_model_data":177},"model":"modelengine:end_strider/left_front_leg_joint"},{"predicate":{"custom_model_data":178},"model":"modelengine:end_strider/right_back_leg_joint"},{"predicate":{"custom_model_data":179},"model":"modelengine:end_strider/right_front_leg_joint"},{"predicate":{"custom_model_data":180},"model":"modelengine:end_strider/right_hand"},{"predicate":{"custom_model_data":181},"model":"modelengine:end_strider/head"},{"predicate":{"custom_model_data":182},"model":"modelengine:end_strider/left_hand"},{"predicate":{"custom_model_data":183},"model":"modelengine:end_strider/left_back_leg_knee"},{"predicate":{"custom_model_data":184},"model":"modelengine:end_strider/left_front_leg_knee"},{"predicate":{"custom_model_data":185},"model":"modelengine:end_strider/right_back_leg_knee"},{"predicate":{"custom_model_data":186},"model":"modelengine:end_strider/right_front_leg_knee"},{"predicate":{"custom_model_data":187},"model":"modelengine:end_strider/right_horn"},{"predicate":{"custom_model_data":188},"model":"modelengine:end_strider/third_eye_lower_eyelid"},{"predicate":{"custom_model_data":189},"model":"modelengine:end_strider/left_tusk"},{"predicate":{"custom_model_data":190},"model":"modelengine:end_strider/third_eye_upper_eyelid"},{"predicate":{"custom_model_data":191},"model":"modelengine:end_strider/left_eyelid"},{"predicate":{"custom_model_data":192},"model":"modelengine:end_strider/left_horn"},{"predicate":{"custom_model_data":193},"model":"modelengine:end_strider/right_tusk"},{"predicate":{"custom_model_data":194},"model":"modelengine:end_strider/right_eyelid"},{"predicate":{"custom_model_data":195},"model":"modelengine:end_strider/left_back_leg_lower_joint"},{"predicate":{"custom_model_data":196},"model":"modelengine:end_strider/left_front_leg_lower_joint"},{"predicate":{"custom_model_data":197},"model":"modelengine:end_strider/right_back_leg_lower_joint"},{"predicate":{"custom_model_data":198},"model":"modelengine:end_strider/right_front_leg_lower_joint"},{"predicate":{"custom_model_data":199},"model":"modelengine:end_strider/left_back_leg_foot"},{"predicate":{"custom_model_data":200},"model":"modelengine:end_strider/left_front_leg_foot"},{"predicate":{"custom_model_data":201},"model":"modelengine:end_strider/right_back_leg_foot"},{"predicate":{"custom_model_data":202},"model":"modelengine:end_strider/right_front_leg_foot"},{"predicate":{"custom_model_data":203},"model":"modelengine:ender_crawler/left_leg"},{"predicate":{"custom_model_data":204},"model":"modelengine:ender_crawler/torso"},{"predicate":{"custom_model_data":205},"model":"modelengine:ender_crawler/right_heel"},{"predicate":{"custom_model_data":206},"model":"modelengine:ender_crawler/left_heel"},{"predicate":{"custom_model_data":207},"model":"modelengine:ender_crawler/upper_torso"},{"predicate":{"custom_model_data":208},"model":"modelengine:ender_crawler/chest"},{"predicate":{"custom_model_data":209},"model":"modelengine:ender_crawler/right_arm"},{"predicate":{"custom_model_data":210},"model":"modelengine:ender_crawler/left_arm"},{"predicate":{"custom_model_data":211},"model":"modelengine:ender_crawler/neck"},{"predicate":{"custom_model_data":212},"model":"modelengine:ender_crawler/right_elbow"},{"predicate":{"custom_model_data":213},"model":"modelengine:ender_crawler/left_elbow"},{"predicate":{"custom_model_data":214},"model":"modelengine:ender_crawler/head"},{"predicate":{"custom_model_data":215},"model":"modelengine:ender_crawler/right_eyelid"},{"predicate":{"custom_model_data":216},"model":"modelengine:ender_crawler/left_eyelid"},{"predicate":{"custom_model_data":217},"model":"modelengine:ender_crawler/right_horn"},{"predicate":{"custom_model_data":218},"model":"modelengine:ender_crawler/left_horn"},{"predicate":{"custom_model_data":219},"model":"modelengine:enderling/left_leg"},{"predicate":{"custom_model_data":220},"model":"modelengine:enderling/torso"},{"predicate":{"custom_model_data":221},"model":"modelengine:enderling/right_leg"},{"predicate":{"custom_model_data":222},"model":"modelengine:enderling/head"},{"predicate":{"custom_model_data":223},"model":"modelengine:enderling/left_arm"},{"predicate":{"custom_model_data":224},"model":"modelengine:enderling/right_arm"},{"predicate":{"custom_model_data":225},"model":"modelengine:enderling/right_eyelid"},{"predicate":{"custom_model_data":226},"model":"modelengine:enderling/left_eyelid"},{"predicate":{"custom_model_data":227},"model":"modelengine:vfx_end_teleport/flash1"},{"predicate":{"custom_model_data":228},"model":"modelengine:vfx_end_teleport/flash2"},{"predicate":{"custom_model_data":229},"model":"modelengine:vfx_end_teleport/small_particle2"},{"predicate":{"custom_model_data":230},"model":"modelengine:vfx_end_teleport/small_particle1"},{"predicate":{"custom_model_data":231},"model":"modelengine:vfx_end_teleport/small_particle4"},{"predicate":{"custom_model_data":232},"model":"modelengine:vfx_end_teleport/small_particle3"},{"predicate":{"custom_model_data":233},"model":"modelengine:vfx_end_teleport/big_particle2"},{"predicate":{"custom_model_data":234},"model":"modelengine:vfx_end_teleport/big_particle8"},{"predicate":{"custom_model_data":235},"model":"modelengine:vfx_end_teleport/big_particle4"},{"predicate":{"custom_model_data":236},"model":"modelengine:vfx_end_teleport/big_particle5"},{"predicate":{"custom_model_data":237},"model":"modelengine:vfx_end_teleport/big_particle1"},{"predicate":{"custom_model_data":238},"model":"modelengine:vfx_end_teleport/big_particle7"},{"predicate":{"custom_model_data":239},"model":"modelengine:vfx_end_teleport/big_particle3"},{"predicate":{"custom_model_data":240},"model":"modelengine:vfx_end_teleport/big_particle6"},{"predicate":{"custom_model_data":241},"model":"modelengine:enderbruiser/left_leg"},{"predicate":{"custom_model_data":242},"model":"modelengine:enderbruiser/right_leg"},{"predicate":{"custom_model_data":243},"model":"modelengine:enderbruiser/torso"},{"predicate":{"custom_model_data":244},"model":"modelengine:enderbruiser/head"},{"predicate":{"custom_model_data":245},"model":"modelengine:enderbruiser/right_arm"},{"predicate":{"custom_model_data":246},"model":"modelengine:enderbruiser/left_arm"},{"predicate":{"custom_model_data":247},"model":"modelengine:enderbruiser/right_eyelid"},{"predicate":{"custom_model_data":248},"model":"modelengine:enderbruiser/left_eyelid"},{"predicate":{"custom_model_data":249},"model":"modelengine:empowered_end_strider/holo_plate_bottom4"},{"predicate":{"custom_model_data":250},"model":"modelengine:empowered_end_strider/holo_plate_top4"},{"predicate":{"custom_model_data":251},"model":"modelengine:empowered_end_strider/holo_plate_mid4"},{"predicate":{"custom_model_data":252},"model":"modelengine:empowered_end_strider/holo_plate_top1"},{"predicate":{"custom_model_data":253},"model":"modelengine:empowered_end_strider/holo_plate_mid1"},{"predicate":{"custom_model_data":254},"model":"modelengine:empowered_end_strider/holo_plate_bottom1"},{"predicate":{"custom_model_data":255},"model":"modelengine:empowered_end_strider/holo_plate_bottom2"},{"predicate":{"custom_model_data":256},"model":"modelengine:empowered_end_strider/holo_plate_top2"},{"predicate":{"custom_model_data":257},"model":"modelengine:empowered_end_strider/holo_plate_mid2"},{"predicate":{"custom_model_data":258},"model":"modelengine:empowered_end_strider/holo_plate_top3"},{"predicate":{"custom_model_data":259},"model":"modelengine:empowered_end_strider/holo_plate_bottom3"},{"predicate":{"custom_model_data":260},"model":"modelengine:empowered_end_strider/holo_plate_mid3"},{"predicate":{"custom_model_data":261},"model":"modelengine:empowered_end_strider/torso"},{"predicate":{"custom_model_data":262},"model":"modelengine:empowered_end_strider/backbone"},{"predicate":{"custom_model_data":263},"model":"modelengine:empowered_end_strider/right_arm"},{"predicate":{"custom_model_data":264},"model":"modelengine:empowered_end_strider/saddle"},{"predicate":{"custom_model_data":265},"model":"modelengine:empowered_end_strider/neck"},{"predicate":{"custom_model_data":266},"model":"modelengine:empowered_end_strider/left_arm"},{"predicate":{"custom_model_data":267},"model":"modelengine:empowered_end_strider/right_leg"},{"predicate":{"custom_model_data":268},"model":"modelengine:empowered_end_strider/left_leg"},{"predicate":{"custom_model_data":269},"model":"modelengine:empowered_end_strider/left_back_leg"},{"predicate":{"custom_model_data":270},"model":"modelengine:empowered_end_strider/left_front_leg"},{"predicate":{"custom_model_data":271},"model":"modelengine:empowered_end_strider/right_back_leg"},{"predicate":{"custom_model_data":272},"model":"modelengine:empowered_end_strider/right_front_leg"},{"predicate":{"custom_model_data":273},"model":"modelengine:empowered_end_strider/holo_particle20"},{"predicate":{"custom_model_data":274},"model":"modelengine:empowered_end_strider/holo_particle23"},{"predicate":{"custom_model_data":275},"model":"modelengine:empowered_end_strider/holo_particle22"},{"predicate":{"custom_model_data":276},"model":"modelengine:empowered_end_strider/holo_particle19"},{"predicate":{"custom_model_data":277},"model":"modelengine:empowered_end_strider/holo_particle21"},{"predicate":{"custom_model_data":278},"model":"modelengine:empowered_end_strider/holo_particle24"},{"predicate":{"custom_model_data":279},"model":"modelengine:empowered_end_strider/holo_particle2"},{"predicate":{"custom_model_data":280},"model":"modelengine:empowered_end_strider/holo_particle3"},{"predicate":{"custom_model_data":281},"model":"modelengine:empowered_end_strider/holo_particle5"},{"predicate":{"custom_model_data":282},"model":"modelengine:empowered_end_strider/holo_particle1"},{"predicate":{"custom_model_data":283},"model":"modelengine:empowered_end_strider/holo_particle4"},{"predicate":{"custom_model_data":284},"model":"modelengine:empowered_end_strider/holo_particle6"},{"predicate":{"custom_model_data":285},"model":"modelengine:empowered_end_strider/holo_particle10"},{"predicate":{"custom_model_data":286},"model":"modelengine:empowered_end_strider/holo_particle8"},{"predicate":{"custom_model_data":287},"model":"modelengine:empowered_end_strider/holo_particle7"},{"predicate":{"custom_model_data":288},"model":"modelengine:empowered_end_strider/holo_particle11"},{"predicate":{"custom_model_data":289},"model":"modelengine:empowered_end_strider/holo_particle12"},{"predicate":{"custom_model_data":290},"model":"modelengine:empowered_end_strider/holo_particle9"},{"predicate":{"custom_model_data":291},"model":"modelengine:empowered_end_strider/holo_particle15"},{"predicate":{"custom_model_data":292},"model":"modelengine:empowered_end_strider/holo_particle18"},{"predicate":{"custom_model_data":293},"model":"modelengine:empowered_end_strider/holo_particle13"},{"predicate":{"custom_model_data":294},"model":"modelengine:empowered_end_strider/holo_particle17"},{"predicate":{"custom_model_data":295},"model":"modelengine:empowered_end_strider/holo_particle16"},{"predicate":{"custom_model_data":296},"model":"modelengine:empowered_end_strider/holo_particle14"},{"predicate":{"custom_model_data":297},"model":"modelengine:empowered_end_strider/right_elbow"},{"predicate":{"custom_model_data":298},"model":"modelengine:empowered_end_strider/neck2"},{"predicate":{"custom_model_data":299},"model":"modelengine:empowered_end_strider/left_elbow"},{"predicate":{"custom_model_data":300},"model":"modelengine:empowered_end_strider/right_heel"},{"predicate":{"custom_model_data":301},"model":"modelengine:empowered_end_strider/left_heel"},{"predicate":{"custom_model_data":302},"model":"modelengine:empowered_end_strider/left_back_leg_joint"},{"predicate":{"custom_model_data":303},"model":"modelengine:empowered_end_strider/left_front_leg_joint"},{"predicate":{"custom_model_data":304},"model":"modelengine:empowered_end_strider/right_back_leg_joint"},{"predicate":{"custom_model_data":305},"model":"modelengine:empowered_end_strider/right_front_leg_joint"},{"predicate":{"custom_model_data":306},"model":"modelengine:empowered_end_strider/right_hand"},{"predicate":{"custom_model_data":307},"model":"modelengine:empowered_end_strider/head"},{"predicate":{"custom_model_data":308},"model":"modelengine:empowered_end_strider/left_hand"},{"predicate":{"custom_model_data":309},"model":"modelengine:empowered_end_strider/left_back_leg_knee"},{"predicate":{"custom_model_data":310},"model":"modelengine:empowered_end_strider/left_front_leg_knee"},{"predicate":{"custom_model_data":311},"model":"modelengine:empowered_end_strider/right_back_leg_knee"},{"predicate":{"custom_model_data":312},"model":"modelengine:empowered_end_strider/right_front_leg_knee"},{"predicate":{"custom_model_data":313},"model":"modelengine:empowered_end_strider/right_horn"},{"predicate":{"custom_model_data":314},"model":"modelengine:empowered_end_strider/third_eye_lower_eyelid"},{"predicate":{"custom_model_data":315},"model":"modelengine:empowered_end_strider/eye_glare"},{"predicate":{"custom_model_data":316},"model":"modelengine:empowered_end_strider/left_tusk"},{"predicate":{"custom_model_data":317},"model":"modelengine:empowered_end_strider/third_eye_upper_eyelid"},{"predicate":{"custom_model_data":318},"model":"modelengine:empowered_end_strider/left_eyelid"},{"predicate":{"custom_model_data":319},"model":"modelengine:empowered_end_strider/left_horn"},{"predicate":{"custom_model_data":320},"model":"modelengine:empowered_end_strider/right_tusk"},{"predicate":{"custom_model_data":321},"model":"modelengine:empowered_end_strider/right_eyelid"},{"predicate":{"custom_model_data":322},"model":"modelengine:empowered_end_strider/third_eye_glare"},{"predicate":{"custom_model_data":323},"model":"modelengine:empowered_end_strider/left_back_leg_lower_joint"},{"predicate":{"custom_model_data":324},"model":"modelengine:empowered_end_strider/left_front_leg_lower_joint"},{"predicate":{"custom_model_data":325},"model":"modelengine:empowered_end_strider/right_back_leg_lower_joint"},{"predicate":{"custom_model_data":326},"model":"modelengine:empowered_end_strider/right_front_leg_lower_joint"},{"predicate":{"custom_model_data":327},"model":"modelengine:empowered_end_strider/left_back_leg_foot"},{"predicate":{"custom_model_data":328},"model":"modelengine:empowered_end_strider/left_front_leg_foot"},{"predicate":{"custom_model_data":329},"model":"modelengine:empowered_end_strider/right_back_leg_foot"},{"predicate":{"custom_model_data":330},"model":"modelengine:empowered_end_strider/right_front_leg_foot"},{"predicate":{"custom_model_data":331},"model":"modelengine:ender_watchman/right_leg"},{"predicate":{"custom_model_data":332},"model":"modelengine:ender_watchman/torso"},{"predicate":{"custom_model_data":333},"model":"modelengine:ender_watchman/left_leg"},{"predicate":{"custom_model_data":334},"model":"modelengine:ender_watchman/left_cape"},{"predicate":{"custom_model_data":335},"model":"modelengine:ender_watchman/ground_cape"},{"predicate":{"custom_model_data":336},"model":"modelengine:ender_watchman/cape"},{"predicate":{"custom_model_data":337},"model":"modelengine:ender_watchman/right_cape"},{"predicate":{"custom_model_data":338},"model":"modelengine:ender_watchman/shockwave"},{"predicate":{"custom_model_data":339},"model":"modelengine:ender_watchman/shockwave2"},{"predicate":{"custom_model_data":340},"model":"modelengine:ender_watchman/shockwave3"},{"predicate":{"custom_model_data":341},"model":"modelengine:ender_watchman/right_knee"},{"predicate":{"custom_model_data":342},"model":"modelengine:ender_watchman/head"},{"predicate":{"custom_model_data":343},"model":"modelengine:ender_watchman/right_arm"},{"predicate":{"custom_model_data":344},"model":"modelengine:ender_watchman/left_shoulder_plate"},{"predicate":{"custom_model_data":345},"model":"modelengine:ender_watchman/right_shoulder_plate"},{"predicate":{"custom_model_data":346},"model":"modelengine:ender_watchman/left_knee"},{"predicate":{"custom_model_data":347},"model":"modelengine:ender_watchman/left_lower_cape"},{"predicate":{"custom_model_data":348},"model":"modelengine:ender_watchman/lower_cape"},{"predicate":{"custom_model_data":349},"model":"modelengine:ender_watchman/right_lower_cape"},{"predicate":{"custom_model_data":350},"model":"modelengine:ender_watchman/end_flash1"},{"predicate":{"custom_model_data":351},"model":"modelengine:ender_watchman/end_flash2"},{"predicate":{"custom_model_data":352},"model":"modelengine:ender_watchman/left_arm_rot"},{"predicate":{"custom_model_data":353},"model":"modelengine:ender_watchman/right_eyelid"},{"predicate":{"custom_model_data":354},"model":"modelengine:ender_watchman/left_eyelid"},{"predicate":{"custom_model_data":355},"model":"modelengine:ender_watchman/right_elbow"},{"predicate":{"custom_model_data":356},"model":"modelengine:ender_watchman/end_crystal6"},{"predicate":{"custom_model_data":357},"model":"modelengine:ender_watchman/end_crystal4"},{"predicate":{"custom_model_data":358},"model":"modelengine:ender_watchman/end_crystal5"},{"predicate":{"custom_model_data":359},"model":"modelengine:ender_watchman/end_crystal3"},{"predicate":{"custom_model_data":360},"model":"modelengine:ender_watchman/end_crystal7"},{"predicate":{"custom_model_data":361},"model":"modelengine:ender_watchman/end_crystal8"},{"predicate":{"custom_model_data":362},"model":"modelengine:ender_watchman/end_crystal1"},{"predicate":{"custom_model_data":363},"model":"modelengine:ender_watchman/end_crystal2"},{"predicate":{"custom_model_data":364},"model":"modelengine:ender_watchman/end_crystal20"},{"predicate":{"custom_model_data":365},"model":"modelengine:ender_watchman/end_crystal24"},{"predicate":{"custom_model_data":366},"model":"modelengine:ender_watchman/end_crystal17"},{"predicate":{"custom_model_data":367},"model":"modelengine:ender_watchman/end_crystal21"},{"predicate":{"custom_model_data":368},"model":"modelengine:ender_watchman/end_crystal22"},{"predicate":{"custom_model_data":369},"model":"modelengine:ender_watchman/end_crystal23"},{"predicate":{"custom_model_data":370},"model":"modelengine:ender_watchman/end_crystal18"},{"predicate":{"custom_model_data":371},"model":"modelengine:ender_watchman/end_crystal19"},{"predicate":{"custom_model_data":372},"model":"modelengine:ender_watchman/end_crystal12"},{"predicate":{"custom_model_data":373},"model":"modelengine:ender_watchman/end_crystal11"},{"predicate":{"custom_model_data":374},"model":"modelengine:ender_watchman/end_crystal13"},{"predicate":{"custom_model_data":375},"model":"modelengine:ender_watchman/end_crystal14"},{"predicate":{"custom_model_data":376},"model":"modelengine:ender_watchman/end_crystal10"},{"predicate":{"custom_model_data":377},"model":"modelengine:ender_watchman/end_crystal9"},{"predicate":{"custom_model_data":378},"model":"modelengine:ender_watchman/end_crystal15"},{"predicate":{"custom_model_data":379},"model":"modelengine:ender_watchman/end_crystal16"},{"predicate":{"custom_model_data":380},"model":"modelengine:ender_watchman/left_elbow"},{"predicate":{"custom_model_data":381},"model":"modelengine:ender_watchman/lantern"},{"predicate":{"custom_model_data":382},"model":"modelengine:ender_watchman/end_crystal_lantern2"},{"predicate":{"custom_model_data":383},"model":"modelengine:ender_watchman/end_crystal_lantern"},{"predicate":{"custom_model_data":384},"model":"modelengine:endermauler/right_leg"},{"predicate":{"custom_model_data":385},"model":"modelengine:endermauler/torso"},{"predicate":{"custom_model_data":386},"model":"modelengine:endermauler/left_leg"},{"predicate":{"custom_model_data":387},"model":"modelengine:endermauler/right_knee"},{"predicate":{"custom_model_data":388},"model":"modelengine:endermauler/upper_torso"},{"predicate":{"custom_model_data":389},"model":"modelengine:endermauler/left_knee"},{"predicate":{"custom_model_data":390},"model":"modelengine:endermauler/shockwave_ring4"},{"predicate":{"custom_model_data":391},"model":"modelengine:endermauler/shockwave_ring5"},{"predicate":{"custom_model_data":392},"model":"modelengine:endermauler/shockwave_ring3"},{"predicate":{"custom_model_data":393},"model":"modelengine:endermauler/shockwave_ring2"},{"predicate":{"custom_model_data":394},"model":"modelengine:endermauler/shockwave_ring1"},{"predicate":{"custom_model_data":395},"model":"modelengine:endermauler/left_arm"},{"predicate":{"custom_model_data":396},"model":"modelengine:endermauler/right_shoulder"},{"predicate":{"custom_model_data":397},"model":"modelengine:endermauler/left_shoulder"},{"predicate":{"custom_model_data":398},"model":"modelengine:endermauler/right_arm"},{"predicate":{"custom_model_data":399},"model":"modelengine:endermauler/jaw"},{"predicate":{"custom_model_data":400},"model":"modelengine:endermauler/upper_jaw"},{"predicate":{"custom_model_data":401},"model":"modelengine:endermauler/left_wrist"},{"predicate":{"custom_model_data":402},"model":"modelengine:endermauler/right_tentacle_seg_12"},{"predicate":{"custom_model_data":403},"model":"modelengine:endermauler/left_tentacle_seg_12"},{"predicate":{"custom_model_data":404},"model":"modelengine:endermauler/right_tentacle_seg_1"},{"predicate":{"custom_model_data":405},"model":"modelengine:endermauler/left_tentacle_seg_1"},{"predicate":{"custom_model_data":406},"model":"modelengine:endermauler/right_wrist"},{"predicate":{"custom_model_data":407},"model":"modelengine:endermauler/left_eyelid"},{"predicate":{"custom_model_data":408},"model":"modelengine:endermauler/right_eyelid2"},{"predicate":{"custom_model_data":409},"model":"modelengine:endermauler/left_eyelid2"},{"predicate":{"custom_model_data":410},"model":"modelengine:endermauler/right_eyelid"},{"predicate":{"custom_model_data":411},"model":"modelengine:endermauler/left_pinky3"},{"predicate":{"custom_model_data":412},"model":"modelengine:endermauler/left_pinky2"},{"predicate":{"custom_model_data":413},"model":"modelengine:endermauler/left_pinky"},{"predicate":{"custom_model_data":414},"model":"modelengine:endermauler/right_tentacle_seg_11"},{"predicate":{"custom_model_data":415},"model":"modelengine:endermauler/left_tentacle_seg_11"},{"predicate":{"custom_model_data":416},"model":"modelengine:endermauler/right_tentacle_seg_2"},{"predicate":{"custom_model_data":417},"model":"modelengine:endermauler/left_tentacle_seg_2"},{"predicate":{"custom_model_data":418},"model":"modelengine:endermauler/right_pinky3"},{"predicate":{"custom_model_data":419},"model":"modelengine:endermauler/right_pinky2"},{"predicate":{"custom_model_data":420},"model":"modelengine:endermauler/right_pinky"},{"predicate":{"custom_model_data":421},"model":"modelengine:endermauler/mouth_flesh"},{"predicate":{"custom_model_data":422},"model":"modelengine:endermauler/left_pinky_joint3"},{"predicate":{"custom_model_data":423},"model":"modelengine:endermauler/left_pinky_joint2"},{"predicate":{"custom_model_data":424},"model":"modelengine:endermauler/left_pinky_joint"},{"predicate":{"custom_model_data":425},"model":"modelengine:endermauler/right_tentacle_seg_10"},{"predicate":{"custom_model_data":426},"model":"modelengine:endermauler/left_tentacle_seg_10"},{"predicate":{"custom_model_data":427},"model":"modelengine:endermauler/right_tentacle_seg_3"},{"predicate":{"custom_model_data":428},"model":"modelengine:endermauler/left_tentacle_seg_3"},{"predicate":{"custom_model_data":429},"model":"modelengine:endermauler/right_pinky_joint3"},{"predicate":{"custom_model_data":430},"model":"modelengine:endermauler/right_pinky_joint2"},{"predicate":{"custom_model_data":431},"model":"modelengine:endermauler/right_pinky_joint"},{"predicate":{"custom_model_data":432},"model":"modelengine:endermauler/right_tentacle_seg_9"},{"predicate":{"custom_model_data":433},"model":"modelengine:endermauler/left_tentacle_seg_9"},{"predicate":{"custom_model_data":434},"model":"modelengine:endermauler/right_tentacle_seg_4"},{"predicate":{"custom_model_data":435},"model":"modelengine:endermauler/left_tentacle_seg_4"},{"predicate":{"custom_model_data":436},"model":"modelengine:endermauler/right_tentacle_seg_8"},{"predicate":{"custom_model_data":437},"model":"modelengine:endermauler/left_tentacle_seg_8"},{"predicate":{"custom_model_data":438},"model":"modelengine:endermauler/right_tentacle_seg_5"},{"predicate":{"custom_model_data":439},"model":"modelengine:endermauler/left_tentacle_seg_5"},{"predicate":{"custom_model_data":440},"model":"modelengine:endermauler/right_tentacle_seg_7"},{"predicate":{"custom_model_data":441},"model":"modelengine:endermauler/left_tentacle_seg_7"},{"predicate":{"custom_model_data":442},"model":"modelengine:endermauler/right_tentacle_seg_6"},{"predicate":{"custom_model_data":443},"model":"modelengine:endermauler/left_tentacle_seg_6"},{"predicate":{"custom_model_data":444},"model":"modelengine:empowered_endermauler/right_leg"},{"predicate":{"custom_model_data":445},"model":"modelengine:empowered_endermauler/torso"},{"predicate":{"custom_model_data":446},"model":"modelengine:empowered_endermauler/left_leg"},{"predicate":{"custom_model_data":447},"model":"modelengine:empowered_endermauler/right_knee"},{"predicate":{"custom_model_data":448},"model":"modelengine:empowered_endermauler/upper_torso"},{"predicate":{"custom_model_data":449},"model":"modelengine:empowered_endermauler/left_knee"},{"predicate":{"custom_model_data":450},"model":"modelengine:empowered_endermauler/bite_top"},{"predicate":{"custom_model_data":451},"model":"modelengine:empowered_endermauler/bite_bottom"},{"predicate":{"custom_model_data":452},"model":"modelengine:empowered_endermauler/shockwave_ring4"},{"predicate":{"custom_model_data":453},"model":"modelengine:empowered_endermauler/shockwave_ring5"},{"predicate":{"custom_model_data":454},"model":"modelengine:empowered_endermauler/shockwave_ring3"},{"predicate":{"custom_model_data":455},"model":"modelengine:empowered_endermauler/shockwave_ring2"},{"predicate":{"custom_model_data":456},"model":"modelengine:empowered_endermauler/shockwave_ring1"},{"predicate":{"custom_model_data":457},"model":"modelengine:empowered_endermauler/left_arm"},{"predicate":{"custom_model_data":458},"model":"modelengine:empowered_endermauler/right_shoulder"},{"predicate":{"custom_model_data":459},"model":"modelengine:empowered_endermauler/left_shoulder"},{"predicate":{"custom_model_data":460},"model":"modelengine:empowered_endermauler/right_arm"},{"predicate":{"custom_model_data":461},"model":"modelengine:empowered_endermauler/jaw"},{"predicate":{"custom_model_data":462},"model":"modelengine:empowered_endermauler/upper_jaw"},{"predicate":{"custom_model_data":463},"model":"modelengine:empowered_endermauler/big_particle1"},{"predicate":{"custom_model_data":464},"model":"modelengine:empowered_endermauler/big_particle2"},{"predicate":{"custom_model_data":465},"model":"modelengine:empowered_endermauler/big_particle5"},{"predicate":{"custom_model_data":466},"model":"modelengine:empowered_endermauler/big_particle6"},{"predicate":{"custom_model_data":467},"model":"modelengine:empowered_endermauler/big_particle8"},{"predicate":{"custom_model_data":468},"model":"modelengine:empowered_endermauler/big_particle4"},{"predicate":{"custom_model_data":469},"model":"modelengine:empowered_endermauler/big_particle7"},{"predicate":{"custom_model_data":470},"model":"modelengine:empowered_endermauler/big_particle3"},{"predicate":{"custom_model_data":471},"model":"modelengine:empowered_endermauler/small_particle2"},{"predicate":{"custom_model_data":472},"model":"modelengine:empowered_endermauler/small_particle8"},{"predicate":{"custom_model_data":473},"model":"modelengine:empowered_endermauler/small_particle1"},{"predicate":{"custom_model_data":474},"model":"modelengine:empowered_endermauler/small_particle3"},{"predicate":{"custom_model_data":475},"model":"modelengine:empowered_endermauler/small_particle6"},{"predicate":{"custom_model_data":476},"model":"modelengine:empowered_endermauler/small_particle7"},{"predicate":{"custom_model_data":477},"model":"modelengine:empowered_endermauler/small_particle5"},{"predicate":{"custom_model_data":478},"model":"modelengine:empowered_endermauler/small_particle4"},{"predicate":{"custom_model_data":479},"model":"modelengine:empowered_endermauler/left_wrist"},{"predicate":{"custom_model_data":480},"model":"modelengine:empowered_endermauler/right_tentacle_seg_12"},{"predicate":{"custom_model_data":481},"model":"modelengine:empowered_endermauler/left_tentacle_seg_12"},{"predicate":{"custom_model_data":482},"model":"modelengine:empowered_endermauler/right_tentacle_seg_1"},{"predicate":{"custom_model_data":483},"model":"modelengine:empowered_endermauler/left_tentacle_seg_1"},{"predicate":{"custom_model_data":484},"model":"modelengine:empowered_endermauler/right_wrist"},{"predicate":{"custom_model_data":485},"model":"modelengine:empowered_endermauler/upper_mouth_glow"},{"predicate":{"custom_model_data":486},"model":"modelengine:empowered_endermauler/upper_eyes"},{"predicate":{"custom_model_data":487},"model":"modelengine:empowered_endermauler/left_eyelid"},{"predicate":{"custom_model_data":488},"model":"modelengine:empowered_endermauler/right_eyelid2"},{"predicate":{"custom_model_data":489},"model":"modelengine:empowered_endermauler/lower_eyes"},{"predicate":{"custom_model_data":490},"model":"modelengine:empowered_endermauler/left_eyelid2"},{"predicate":{"custom_model_data":491},"model":"modelengine:empowered_endermauler/right_eyelid"},{"predicate":{"custom_model_data":492},"model":"modelengine:empowered_endermauler/left_pinky3"},{"predicate":{"custom_model_data":493},"model":"modelengine:empowered_endermauler/left_pinky2"},{"predicate":{"custom_model_data":494},"model":"modelengine:empowered_endermauler/left_pinky"},{"predicate":{"custom_model_data":495},"model":"modelengine:empowered_endermauler/right_tentacle_seg_11"},{"predicate":{"custom_model_data":496},"model":"modelengine:empowered_endermauler/left_tentacle_seg_11"},{"predicate":{"custom_model_data":497},"model":"modelengine:empowered_endermauler/right_tentacle_seg_2"},{"predicate":{"custom_model_data":498},"model":"modelengine:empowered_endermauler/left_tentacle_seg_2"},{"predicate":{"custom_model_data":499},"model":"modelengine:empowered_endermauler/right_pinky3"},{"predicate":{"custom_model_data":500},"model":"modelengine:empowered_endermauler/right_pinky2"},{"predicate":{"custom_model_data":501},"model":"modelengine:empowered_endermauler/right_pinky"},{"predicate":{"custom_model_data":502},"model":"modelengine:empowered_endermauler/mouth_flesh"},{"predicate":{"custom_model_data":503},"model":"modelengine:empowered_endermauler/slash6"},{"predicate":{"custom_model_data":504},"model":"modelengine:empowered_endermauler/slash5"},{"predicate":{"custom_model_data":505},"model":"modelengine:empowered_endermauler/slash8"},{"predicate":{"custom_model_data":506},"model":"modelengine:empowered_endermauler/slash7"},{"predicate":{"custom_model_data":507},"model":"modelengine:empowered_endermauler/slash4"},{"predicate":{"custom_model_data":508},"model":"modelengine:empowered_endermauler/slash2"},{"predicate":{"custom_model_data":509},"model":"modelengine:empowered_endermauler/slash9"},{"predicate":{"custom_model_data":510},"model":"modelengine:empowered_endermauler/slash3"},{"predicate":{"custom_model_data":511},"model":"modelengine:empowered_endermauler/left_pinky_joint3"},{"predicate":{"custom_model_data":512},"model":"modelengine:empowered_endermauler/left_pinky_joint2"},{"predicate":{"custom_model_data":513},"model":"modelengine:empowered_endermauler/left_pinky_joint"},{"predicate":{"custom_model_data":514},"model":"modelengine:empowered_endermauler/right_tentacle_seg_10"},{"predicate":{"custom_model_data":515},"model":"modelengine:empowered_endermauler/left_tentacle_seg_10"},{"predicate":{"custom_model_data":516},"model":"modelengine:empowered_endermauler/right_tentacle_seg_3"},{"predicate":{"custom_model_data":517},"model":"modelengine:empowered_endermauler/left_tentacle_seg_3"},{"predicate":{"custom_model_data":518},"model":"modelengine:empowered_endermauler/right_pinky_joint3"},{"predicate":{"custom_model_data":519},"model":"modelengine:empowered_endermauler/right_pinky_joint2"},{"predicate":{"custom_model_data":520},"model":"modelengine:empowered_endermauler/right_pinky_joint"},{"predicate":{"custom_model_data":521},"model":"modelengine:empowered_endermauler/right_tentacle_seg_9"},{"predicate":{"custom_model_data":522},"model":"modelengine:empowered_endermauler/left_tentacle_seg_9"},{"predicate":{"custom_model_data":523},"model":"modelengine:empowered_endermauler/right_tentacle_seg_4"},{"predicate":{"custom_model_data":524},"model":"modelengine:empowered_endermauler/left_tentacle_seg_4"},{"predicate":{"custom_model_data":525},"model":"modelengine:empowered_endermauler/right_tentacle_seg_8"},{"predicate":{"custom_model_data":526},"model":"modelengine:empowered_endermauler/left_tentacle_seg_8"},{"predicate":{"custom_model_data":527},"model":"modelengine:empowered_endermauler/right_tentacle_seg_5"},{"predicate":{"custom_model_data":528},"model":"modelengine:empowered_endermauler/left_tentacle_seg_5"},{"predicate":{"custom_model_data":529},"model":"modelengine:empowered_endermauler/right_tentacle_seg_7"},{"predicate":{"custom_model_data":530},"model":"modelengine:empowered_endermauler/left_tentacle_seg_7"},{"predicate":{"custom_model_data":531},"model":"modelengine:empowered_endermauler/right_tentacle_seg_6"},{"predicate":{"custom_model_data":532},"model":"modelengine:empowered_endermauler/left_tentacle_seg_6"},{"predicate":{"custom_model_data":533},"model":"modelengine:stomp_shockwave/lightbeam_far"},{"predicate":{"custom_model_data":534},"model":"modelengine:stomp_shockwave/lightbeam_med"},{"predicate":{"custom_model_data":535},"model":"modelengine:stomp_shockwave/lightbeam_close"},{"predicate":{"custom_model_data":536},"model":"modelengine:stomp_shockwave/debris3"},{"predicate":{"custom_model_data":537},"model":"modelengine:stomp_shockwave/debris6"},{"predicate":{"custom_model_data":538},"model":"modelengine:stomp_shockwave/debris1"},{"predicate":{"custom_model_data":539},"model":"modelengine:stomp_shockwave/debris2"},{"predicate":{"custom_model_data":540},"model":"modelengine:stomp_shockwave/debris4"},{"predicate":{"custom_model_data":541},"model":"modelengine:stomp_shockwave/debris5"},{"predicate":{"custom_model_data":542},"model":"modelengine:stomp_shockwave/spike2"},{"predicate":{"custom_model_data":543},"model":"modelengine:stomp_shockwave/spike3"},{"predicate":{"custom_model_data":544},"model":"modelengine:stomp_shockwave/spike1"},{"predicate":{"custom_model_data":545},"model":"modelengine:stomp_shockwave/spike6"},{"predicate":{"custom_model_data":546},"model":"modelengine:stomp_shockwave/spike5"},{"predicate":{"custom_model_data":547},"model":"modelengine:stomp_shockwave/spike4"},{"predicate":{"custom_model_data":548},"model":"modelengine:soulknight/body"},{"predicate":{"custom_model_data":549},"model":"modelengine:soulknight/hip"},{"predicate":{"custom_model_data":550},"model":"modelengine:soulknight/head"},{"predicate":{"custom_model_data":551},"model":"modelengine:soulknight/rightarm"},{"predicate":{"custom_model_data":552},"model":"modelengine:soulknight/belly"},{"predicate":{"custom_model_data":553},"model":"modelengine:soulknight/leftarm"},{"predicate":{"custom_model_data":554},"model":"modelengine:soulknight/cape"},{"predicate":{"custom_model_data":555},"model":"modelengine:soulknight/leftleg"},{"predicate":{"custom_model_data":556},"model":"modelengine:soulknight/rightleg"},{"predicate":{"custom_model_data":557},"model":"modelengine:soulknight/rightfrontarm"},{"predicate":{"custom_model_data":558},"model":"modelengine:soulknight/leftfrontarm"},{"predicate":{"custom_model_data":559},"model":"modelengine:soulknight/cape2"},{"predicate":{"custom_model_data":560},"model":"modelengine:soulknight/leftfrontleg"},{"predicate":{"custom_model_data":561},"model":"modelengine:soulknight/rightfrontleg"},{"predicate":{"custom_model_data":562},"model":"modelengine:soulknight/righthand"},{"predicate":{"custom_model_data":563},"model":"modelengine:soulknight/lefthand"},{"predicate":{"custom_model_data":564},"model":"modelengine:soulknight/cape3"},{"predicate":{"custom_model_data":565},"model":"modelengine:soulknight/leftfoot"},{"predicate":{"custom_model_data":566},"model":"modelengine:soulknight/rightfoot"},{"predicate":{"custom_model_data":567},"model":"modelengine:soulknight/spear"},{"predicate":{"custom_model_data":568},"model":"modelengine:soulknight/sword"},{"predicate":{"custom_model_data":569},"model":"modelengine:soulknight_withhorse/horsehip"},{"predicate":{"custom_model_data":570},"model":"modelengine:soulknight_withhorse/horsebody"},{"predicate":{"custom_model_data":571},"model":"modelengine:soulknight_withhorse/horse_leftbackleg"},{"predicate":{"custom_model_data":572},"model":"modelengine:soulknight_withhorse/horse_rightbackleg"},{"predicate":{"custom_model_data":573},"model":"modelengine:soulknight_withhorse/tail"},{"predicate":{"custom_model_data":574},"model":"modelengine:soulknight_withhorse/body"},{"predicate":{"custom_model_data":575},"model":"modelengine:soulknight_withhorse/horse_rightleg"},{"predicate":{"custom_model_data":576},"model":"modelengine:soulknight_withhorse/hip"},{"predicate":{"custom_model_data":577},"model":"modelengine:soulknight_withhorse/horse_leftleg"},{"predicate":{"custom_model_data":578},"model":"modelengine:soulknight_withhorse/neck1"},{"predicate":{"custom_model_data":579},"model":"modelengine:soulknight_withhorse/horse_leftbackfrontleg"},{"predicate":{"custom_model_data":580},"model":"modelengine:soulknight_withhorse/horse_rightbackfrontleg"},{"predicate":{"custom_model_data":581},"model":"modelengine:soulknight_withhorse/tail2"},{"predicate":{"custom_model_data":582},"model":"modelengine:soulknight_withhorse/head"},{"predicate":{"custom_model_data":583},"model":"modelengine:soulknight_withhorse/rightarm"},{"predicate":{"custom_model_data":584},"model":"modelengine:soulknight_withhorse/belly"},{"predicate":{"custom_model_data":585},"model":"modelengine:soulknight_withhorse/leftarm"},{"predicate":{"custom_model_data":586},"model":"modelengine:soulknight_withhorse/cape"},{"predicate":{"custom_model_data":587},"model":"modelengine:soulknight_withhorse/horse_rightfrontleg"},{"predicate":{"custom_model_data":588},"model":"modelengine:soulknight_withhorse/leftleg"},{"predicate":{"custom_model_data":589},"model":"modelengine:soulknight_withhorse/rightleg"},{"predicate":{"custom_model_data":590},"model":"modelengine:soulknight_withhorse/horse_leftfrontleg"},{"predicate":{"custom_model_data":591},"model":"modelengine:soulknight_withhorse/neck2"},{"predicate":{"custom_model_data":592},"model":"modelengine:soulknight_withhorse/horse_leftbackfoot"},{"predicate":{"custom_model_data":593},"model":"modelengine:soulknight_withhorse/horse_rightbackfoot"},{"predicate":{"custom_model_data":594},"model":"modelengine:soulknight_withhorse/tail3"},{"predicate":{"custom_model_data":595},"model":"modelengine:soulknight_withhorse/rightfrontarm"},{"predicate":{"custom_model_data":596},"model":"modelengine:soulknight_withhorse/leftfrontarm"},{"predicate":{"custom_model_data":597},"model":"modelengine:soulknight_withhorse/cape2"},{"predicate":{"custom_model_data":598},"model":"modelengine:soulknight_withhorse/horse_rightfoot"},{"predicate":{"custom_model_data":599},"model":"modelengine:soulknight_withhorse/leftfrontleg"},{"predicate":{"custom_model_data":600},"model":"modelengine:soulknight_withhorse/rightfrontleg"},{"predicate":{"custom_model_data":601},"model":"modelengine:soulknight_withhorse/horse_leftfoot"},{"predicate":{"custom_model_data":602},"model":"modelengine:soulknight_withhorse/horsehead"},{"predicate":{"custom_model_data":603},"model":"modelengine:soulknight_withhorse/righthand"},{"predicate":{"custom_model_data":604},"model":"modelengine:soulknight_withhorse/lefthand"},{"predicate":{"custom_model_data":605},"model":"modelengine:soulknight_withhorse/cape3"},{"predicate":{"custom_model_data":606},"model":"modelengine:soulknight_withhorse/jaw"},{"predicate":{"custom_model_data":607},"model":"modelengine:soulknight_withhorse/spear"}]}