{"display":{"gui":{"rotation":[-150.0,-45.0,180.0]}},"elements":[{"from":[3.0,-5.0,8.0],"to":[13.0,8.0,24.0],"faces":{"east":{"uv":[5.75,1.875,7.75,3.5],"texture":"#0","tintindex":0},"south":{"uv":[9.25,8.0,10.5,9.625],"texture":"#0","tintindex":0},"north":{"uv":[9.25,6.375,10.5,8.0],"texture":"#0","tintindex":0},"west":{"uv":[5.75,3.5,7.75,5.125],"texture":"#0","tintindex":0},"up":{"uv":[9.75,2.0,8.5,0.0],"texture":"#0","tintindex":0},"down":{"uv":[2.25,9.0,1.0,11.0],"texture":"#0","tintindex":0}}},{"from":[7.0,7.0,8.0],"to":[9.0,10.0,26.0],"faces":{"east":{"uv":[12.75,9.25,15.0,9.625],"texture":"#0","tintindex":0},"south":{"uv":[0.75,10.25,1.0,10.625],"texture":"#0","tintindex":0},"north":{"uv":[7.75,9.75,8.0,10.125],"texture":"#0","tintindex":0},"west":{"uv":[13.125,12.125,15.375,12.5],"texture":"#0","tintindex":0},"up":{"uv":[5.625,15.875,5.375,13.625],"texture":"#0","tintindex":0},"down":{"uv":[5.875,13.625,5.625,15.875],"texture":"#0","tintindex":0}}}],"textures":{"0":"modelengine:8c7af546-aa29-442e-8e8f-9a38e3c7cf33","particle":"#0"}}