{"display":{"gui":{"rotation":[-150.0,-45.0,180.0]}},"elements":[{"from":[3.5,4.0,0.0],"to":[12.5,12.0,8.0],"faces":{"east":{"uv":[12.75,8.25,13.75,9.25],"texture":"#0","tintindex":0},"south":{"uv":[12.75,3.5,13.875,4.5],"texture":"#0","tintindex":0},"north":{"uv":[10.5,12.5,11.625,13.5],"texture":"#0","tintindex":0},"west":{"uv":[9.125,12.875,10.125,13.875],"texture":"#0","tintindex":0},"up":{"uv":[5.375,13.75,4.25,12.75],"texture":"#0","tintindex":0},"down":{"uv":[13.875,4.5,12.75,5.5],"texture":"#0","tintindex":0}}},{"from":[3.5,1.0,0.0],"to":[12.5,4.0,0.0],"faces":{"south":{"uv":[13.625,10.25,14.75,10.625],"texture":"#0","tintindex":0},"north":{"uv":[14.75,10.25,13.625,10.625],"texture":"#0","tintindex":0}}},{"from":[12.5,12.0,8.0],"to":[3.5,4.0,0.0],"faces":{"east":{"uv":[9.125,13.875,10.125,12.875],"texture":"#0","tintindex":0},"south":{"uv":[10.5,13.5,11.625,12.5],"texture":"#0","tintindex":0},"north":{"uv":[12.75,4.5,13.875,3.5],"texture":"#0","tintindex":0},"west":{"uv":[12.75,9.25,13.75,8.25],"texture":"#0","tintindex":0},"up":{"uv":[12.75,4.5,13.875,5.5],"texture":"#0","tintindex":0},"down":{"uv":[4.25,13.75,5.375,12.75],"texture":"#0","tintindex":0}}}],"textures":{"0":"modelengine:d116eedc-3139-4f86-bc06-61d95bc09b73","particle":"#0"}}