{"display":{"gui":{"rotation":[-150.0,-45.0,180.0]}},"elements":[{"from":[2.0,2.0,5.5],"to":[11.0,11.0,10.5],"faces":{"east":{"uv":[2.375,13.0,1.75,14.125],"texture":"#0","tintindex":0},"south":{"uv":[8.0,12.25,6.875,13.375],"texture":"#0","tintindex":0},"north":{"uv":[13.375,7.125,12.25,8.25],"texture":"#0","tintindex":0},"west":{"uv":[13.75,12.5,13.125,13.625],"texture":"#0","tintindex":0},"up":{"uv":[10.875,1.25,9.75,1.875],"texture":"#0","tintindex":0},"down":{"uv":[14.375,1.625,13.25,1.0],"texture":"#0","tintindex":0}}}],"textures":{"0":"modelengine:5bcb9ae3-e8bc-4137-a9da-1fcbc2ced577","particle":"#0"}}