{"display":{"gui":{"rotation":[-150.0,-45.0,180.0]}},"elements":[{"from":[-4.0,9.0,7.0],"to":[10.0,18.0,7.0],"rotation":{"origin":[8.0,13.0,7.0],"x":0.0,"y":0.0,"z":-22.5},"faces":{"south":{"uv":[12.25,6.125,10.5,7.25],"texture":"#0","tintindex":0},"north":{"uv":[10.5,6.125,12.25,7.25],"texture":"#0","tintindex":0}}},{"from":[0.0,8.0,6.0],"to":[8.0,13.0,8.0],"faces":{"east":{"uv":[7.25,8.375,7.0,9.0],"texture":"#0","tintindex":0},"south":{"uv":[14.375,7.125,13.375,7.75],"texture":"#0","tintindex":0},"north":{"uv":[11.625,13.5,10.625,14.125],"texture":"#0","tintindex":0},"west":{"uv":[10.0,4.25,9.75,4.875],"texture":"#0","tintindex":0},"up":{"uv":[14.75,13.375,13.75,13.625],"texture":"#0","tintindex":0},"down":{"uv":[14.875,4.125,13.875,3.875],"texture":"#0","tintindex":0}}}],"textures":{"0":"modelengine:d116eedc-3139-4f86-bc06-61d95bc09b73","particle":"#0"}}