{"display":{"gui":{"rotation":[-150.0,-45.0,180.0]}},"elements":[{"from":[5.5,-6.5,7.25],"to":[8.0,8.0,8.75],"faces":{"east":{"uv":[2.5,12.25,2.875,15.875],"texture":"#0","tintindex":0},"south":{"uv":[4.25,9.125,4.875,12.75],"texture":"#0","tintindex":0},"north":{"uv":[4.875,9.125,5.5,12.75],"texture":"#0","tintindex":0},"west":{"uv":[8.75,10.375,9.125,14.0],"texture":"#0","tintindex":0},"up":{"uv":[9.125,13.875,9.75,14.25],"texture":"#0","tintindex":0},"down":{"uv":[0.0,14.375,0.625,14.0],"texture":"#0","tintindex":0}}}],"textures":{"0":"modelengine:d116eedc-3139-4f86-bc06-61d95bc09b73","particle":"#0"}}