{"display":{"gui":{"rotation":[-150.0,-45.0,180.0]}},"elements":[{"from":[8.0,-2.0,6.75],"to":[11.0,11.0,9.25],"faces":{"east":{"uv":[9.875,9.625,10.5,12.875],"texture":"#0","tintindex":0},"south":{"uv":[6.25,8.375,7.0,11.625],"texture":"#0","tintindex":0},"north":{"uv":[7.0,9.0,7.75,12.25],"texture":"#0","tintindex":0},"west":{"uv":[9.25,9.625,9.875,12.875],"texture":"#0","tintindex":0},"up":{"uv":[13.75,8.25,14.5,8.875],"texture":"#0","tintindex":0},"down":{"uv":[13.75,13.125,14.5,12.5],"texture":"#0","tintindex":0}}},{"from":[8.5,11.0,7.25],"to":[10.5,16.5,8.75],"rotation":{"origin":[10.5,11.0,8.75],"x":0.0,"y":0.0,"z":22.5},"faces":{"east":{"uv":[15.25,9.625,15.625,11.0],"texture":"#0","tintindex":0},"south":{"uv":[6.875,13.375,7.375,14.75],"texture":"#0","tintindex":0},"north":{"uv":[7.375,13.375,7.875,14.75],"texture":"#0","tintindex":0},"west":{"uv":[5.875,13.625,6.25,15.0],"texture":"#0","tintindex":0},"up":{"uv":[11.625,13.875,12.125,14.25],"texture":"#0","tintindex":0},"down":{"uv":[14.0,0.625,14.5,0.25],"texture":"#0","tintindex":0}}},{"from":[8.5,16.5,8.0],"to":[10.5,22.0,8.0],"rotation":{"origin":[10.5,11.0,8.75],"x":0.0,"y":0.0,"z":22.5},"faces":{"south":{"uv":[10.625,13.5,10.125,14.875],"texture":"#0","tintindex":0},"north":{"uv":[10.125,13.5,10.625,14.875],"texture":"#0","tintindex":0}}},{"from":[7.0,-1.0,8.0],"to":[10.5,7.0,8.0],"rotation":{"origin":[8.0,0.5,8.0],"x":0.0,"y":0.0,"z":22.5},"faces":{"south":{"uv":[2.5,11.0,1.625,13.0],"texture":"#0","tintindex":0},"north":{"uv":[1.625,11.0,2.5,13.0],"texture":"#0","tintindex":0}}}],"textures":{"0":"modelengine:9ec19d87-47f9-49d0-b138-d056d5829762","particle":"#0"}}