{"display":{"gui":{"rotation":[-150.0,-45.0,180.0]}},"elements":[{"from":[5.0,2.0,5.5],"to":[14.0,11.0,10.5],"faces":{"east":{"uv":[13.125,12.5,13.75,13.625],"texture":"#0","tintindex":0},"south":{"uv":[6.875,12.25,8.0,13.375],"texture":"#0","tintindex":0},"north":{"uv":[12.25,7.125,13.375,8.25],"texture":"#0","tintindex":0},"west":{"uv":[1.75,13.0,2.375,14.125],"texture":"#0","tintindex":0},"up":{"uv":[9.75,1.25,10.875,1.875],"texture":"#0","tintindex":0},"down":{"uv":[13.25,1.625,14.375,1.0],"texture":"#0","tintindex":0}}}],"textures":{"0":"modelengine:4098d1dd-91ab-4f49-8dfc-ab142911b01c","particle":"#0"}}