{"display":{"gui":{"rotation":[-150.0,-45.0,180.0]}},"elements":[{"from":[6.5,-6.25,5.5],"to":[9.5,9.25,10.5],"faces":{"east":{"uv":[4.25,3.875,3.0,7.75],"texture":"#0","tintindex":0},"south":{"uv":[8.5,0.0,7.75,3.875],"texture":"#0","tintindex":0},"north":{"uv":[8.0,5.125,7.25,9.0],"texture":"#0","tintindex":0},"west":{"uv":[4.25,0.0,3.0,3.875],"texture":"#0","tintindex":0},"up":{"uv":[5.5,13.625,6.25,12.375],"texture":"#0","tintindex":0},"down":{"uv":[1.0,13.0,1.75,14.25],"texture":"#0","tintindex":0}}}],"textures":{"0":"modelengine:8c7af546-aa29-442e-8e8f-9a38e3c7cf33","particle":"#0"}}