{"display":{"gui":{"rotation":[-150.0,-45.0,180.0]}},"elements":[{"from":[13.0,7.0,5.0],"to":[18.0,7.0,8.0],"rotation":{"origin":[13.0,7.0009995,8.0],"x":0.0,"y":22.5,"z":0.0},"faces":{"up":{"uv":[13.875,5.25,14.5,4.875],"texture":"#0","tintindex":0},"down":{"uv":[13.875,4.875,14.5,5.25],"texture":"#0","tintindex":0}}},{"from":[8.0,6.0,5.0],"to":[13.0,8.0,8.0],"faces":{"east":{"uv":[10.125,13.875,9.75,14.125],"texture":"#0","tintindex":0},"south":{"uv":[14.625,0.625,14.0,0.875],"texture":"#0","tintindex":0},"north":{"uv":[12.125,10.0,11.5,10.25],"texture":"#0","tintindex":0},"west":{"uv":[11.25,1.75,10.875,2.0],"texture":"#0","tintindex":0},"up":{"uv":[11.5,10.0,12.125,9.625],"texture":"#0","tintindex":0},"down":{"uv":[13.875,4.125,14.5,4.5],"texture":"#0","tintindex":0}}}],"textures":{"0":"modelengine:8c7af546-aa29-442e-8e8f-9a38e3c7cf33","particle":"#0"}}