{"display":{"gui":{"rotation":[-150.0,-45.0,180.0]}},"elements":[{"from":[6.5,-13.0,4.0],"to":[9.5,8.0,8.0],"faces":{"east":{"uv":[12.75,3.5,12.25,6.125],"texture":"#0","tintindex":0},"south":{"uv":[8.375,12.25,8.0,14.875],"texture":"#0","tintindex":0},"north":{"uv":[3.75,12.25,3.375,14.875],"texture":"#0","tintindex":0},"west":{"uv":[3.375,12.25,2.875,14.875],"texture":"#0","tintindex":0},"up":{"uv":[10.875,1.75,11.25,1.25],"texture":"#0","tintindex":0},"down":{"uv":[10.125,12.875,10.5,13.375],"texture":"#0","tintindex":0}}}],"textures":{"0":"modelengine:5bcb9ae3-e8bc-4137-a9da-1fcbc2ced577","particle":"#0"}}