{"display":{"gui":{"rotation":[-150.0,-45.0,180.0]}},"elements":[{"from":[5.5,-10.5,5.0],"to":[10.5,10.5,11.0],"faces":{"east":{"uv":[0.75,10.25,0.0,12.875],"texture":"#0","tintindex":0},"south":{"uv":[6.875,11.625,6.25,14.25],"texture":"#0","tintindex":0},"north":{"uv":[12.25,3.5,11.625,6.125],"texture":"#0","tintindex":0},"west":{"uv":[10.75,3.5,10.0,6.125],"texture":"#0","tintindex":0},"up":{"uv":[15.375,12.0,16.0,11.25],"texture":"#0","tintindex":0},"down":{"uv":[4.25,13.75,4.875,14.5],"texture":"#0","tintindex":0}}}],"textures":{"0":"modelengine:9df2d4bf-acb2-4784-ae98-7367dedca18d","particle":"#0"}}