{"display":{"gui":{"rotation":[-150.0,-45.0,180.0]}},"elements":[{"from":[7.0,-11.5,6.5],"to":[9.0,9.5,9.5],"faces":{"east":{"uv":[5.75,0.0,5.0,5.25],"texture":"#0","tintindex":0},"south":{"uv":[4.25,7.75,3.75,13.0],"texture":"#0","tintindex":0},"north":{"uv":[6.25,7.125,5.75,12.375],"texture":"#0","tintindex":0},"west":{"uv":[5.0,0.0,4.25,5.25],"texture":"#0","tintindex":0},"up":{"uv":[2.5,7.75,3.0,7.0],"texture":"#0","tintindex":0},"down":{"uv":[4.875,13.75,5.375,14.5],"texture":"#0","tintindex":0}}}],"textures":{"0":"modelengine:8c7af546-aa29-442e-8e8f-9a38e3c7cf33","particle":"#0"}}