{"display":{"gui":{"rotation":[-150.0,-45.0,180.0]}},"elements":[{"from":[5.5,-6.5,7.25],"to":[8.0,8.0,8.75],"faces":{"east":{"uv":[2.875,12.25,2.5,15.875],"texture":"#0","tintindex":0},"south":{"uv":[5.5,9.125,4.875,12.75],"texture":"#0","tintindex":0},"north":{"uv":[4.875,9.125,4.25,12.75],"texture":"#0","tintindex":0},"west":{"uv":[9.125,10.375,8.75,14.0],"texture":"#0","tintindex":0},"up":{"uv":[9.125,14.25,9.75,13.875],"texture":"#0","tintindex":0},"down":{"uv":[0.0,14.0,0.625,14.375],"texture":"#0","tintindex":0}}}],"textures":{"0":"modelengine:9df2d4bf-acb2-4784-ae98-7367dedca18d","particle":"#0"}}