{"display":{"gui":{"rotation":[-150.0,-45.0,180.0]}},"elements":[{"from":[13.5,11.0,12.5],"to":[14.5,13.0,19.5],"faces":{"east":{"uv":[1.75,13.75,0.0,14.25],"texture":"#2","tintindex":0},"south":{"uv":[0.75,14.25,0.5,14.75],"texture":"#2","tintindex":0},"north":{"uv":[0.75,14.75,0.5,15.25],"texture":"#2","tintindex":0},"west":{"uv":[1.75,13.25,0.0,13.75],"texture":"#2","tintindex":0},"up":{"uv":[0.0,16.0,0.25,14.25],"texture":"#2","tintindex":0},"down":{"uv":[0.25,14.25,0.5,16.0],"texture":"#2","tintindex":0}}},{"from":[1.5,11.0,-3.5],"to":[2.5,13.0,3.5],"faces":{"east":{"uv":[0.0,13.25,1.75,13.75],"texture":"#2","tintindex":0},"south":{"uv":[0.5,14.25,0.75,14.75],"texture":"#2","tintindex":0},"north":{"uv":[0.5,14.75,0.75,15.25],"texture":"#2","tintindex":0},"west":{"uv":[0.0,13.75,1.75,14.25],"texture":"#2","tintindex":0},"up":{"uv":[0.25,16.0,0.0,14.25],"texture":"#2","tintindex":0},"down":{"uv":[0.5,14.25,0.25,16.0],"texture":"#2","tintindex":0}}},{"from":[1.0,9.0,-5.0],"to":[15.0,11.0,21.0],"faces":{"east":{"uv":[7.0,2.75,13.5,3.25],"texture":"#2","tintindex":0},"south":{"uv":[7.0,5.25,10.5,5.75],"texture":"#2","tintindex":0},"north":{"uv":[7.0,4.75,10.5,5.25],"texture":"#2","tintindex":0},"west":{"uv":[7.0,3.25,13.5,3.75],"texture":"#2","tintindex":0},"up":{"uv":[3.5,6.5,0.0,0.0],"texture":"#2","tintindex":0},"down":{"uv":[7.0,0.0,3.5,6.5],"texture":"#2","tintindex":0}}},{"from":[13.5,11.0,-3.5],"to":[14.5,13.0,3.5],"faces":{"east":{"uv":[1.75,13.75,0.0,14.25],"texture":"#2","tintindex":0},"south":{"uv":[0.75,14.25,0.5,14.75],"texture":"#2","tintindex":0},"north":{"uv":[0.75,14.75,0.5,15.25],"texture":"#2","tintindex":0},"west":{"uv":[1.75,13.25,0.0,13.75],"texture":"#2","tintindex":0},"up":{"uv":[0.0,16.0,0.25,14.25],"texture":"#2","tintindex":0},"down":{"uv":[0.25,14.25,0.5,16.0],"texture":"#2","tintindex":0}}},{"from":[1.5,7.0,-4.5],"to":[14.5,9.0,20.5],"faces":{"east":{"uv":[7.0,3.75,13.25,4.25],"texture":"#2","tintindex":0},"south":{"uv":[6.5,9.75,9.75,10.25],"texture":"#2","tintindex":0},"north":{"uv":[9.75,6.25,13.0,6.75],"texture":"#2","tintindex":0},"west":{"uv":[7.0,4.25,13.25,4.75],"texture":"#2","tintindex":0},"up":{"uv":[3.25,12.75,0.0,6.5],"texture":"#2","tintindex":0},"down":{"uv":[6.5,6.5,3.25,12.75],"texture":"#2","tintindex":0}}},{"from":[15.0,-1.0,13.0],"to":[28.0,10.0,15.0],"rotation":{"origin":[15.0,10.0,14.0],"x":0.0,"y":0.0,"z":-45.0},"faces":{"east":{"uv":[10.25,9.5,9.75,12.25],"texture":"#2","tintindex":0},"south":{"uv":[10.25,0.0,7.0,2.75],"texture":"#2","tintindex":0},"north":{"uv":[9.75,6.5,6.5,9.25],"texture":"#2","tintindex":0},"west":{"uv":[10.25,6.75,9.75,9.5],"texture":"#2","tintindex":0},"up":{"uv":[7.0,6.25,10.25,5.75],"texture":"#2","tintindex":0},"down":{"uv":[6.5,9.25,9.75,9.75],"texture":"#2","tintindex":0}}},{"from":[1.5,11.0,12.5],"to":[2.5,13.0,19.5],"faces":{"east":{"uv":[0.0,13.25,1.75,13.75],"texture":"#2","tintindex":0},"south":{"uv":[0.5,14.25,0.75,14.75],"texture":"#2","tintindex":0},"north":{"uv":[0.5,14.75,0.75,15.25],"texture":"#2","tintindex":0},"west":{"uv":[0.0,13.75,1.75,14.25],"texture":"#2","tintindex":0},"up":{"uv":[0.25,16.0,0.0,14.25],"texture":"#2","tintindex":0},"down":{"uv":[0.5,14.25,0.25,16.0],"texture":"#2","tintindex":0}}},{"from":[-12.0,-1.0,13.0],"to":[1.0,10.0,15.0],"rotation":{"origin":[1.0,10.0,14.0],"x":0.0,"y":0.0,"z":45.0},"faces":{"east":{"uv":[9.75,6.75,10.25,9.5],"texture":"#2","tintindex":0},"south":{"uv":[7.0,0.0,10.25,2.75],"texture":"#2","tintindex":0},"north":{"uv":[6.5,6.5,9.75,9.25],"texture":"#2","tintindex":0},"west":{"uv":[9.75,9.5,10.25,12.25],"texture":"#2","tintindex":0},"up":{"uv":[10.25,6.25,7.0,5.75],"texture":"#2","tintindex":0},"down":{"uv":[9.75,9.25,6.5,9.75],"texture":"#2","tintindex":0}}},{"from":[-12.0,-1.0,1.0],"to":[1.0,10.0,3.0],"rotation":{"origin":[1.0,10.0,2.0],"x":0.0,"y":0.0,"z":45.0},"faces":{"east":{"uv":[9.75,6.75,10.25,9.5],"texture":"#2","tintindex":0},"south":{"uv":[7.0,0.0,10.25,2.75],"texture":"#2","tintindex":0},"north":{"uv":[6.5,6.5,9.75,9.25],"texture":"#2","tintindex":0},"west":{"uv":[9.75,9.5,10.25,12.25],"texture":"#2","tintindex":0},"up":{"uv":[10.25,6.25,7.0,5.75],"texture":"#2","tintindex":0},"down":{"uv":[9.75,9.25,6.5,9.75],"texture":"#2","tintindex":0}}},{"from":[15.0,-1.0,1.0],"to":[28.0,10.0,3.0],"rotation":{"origin":[15.0,10.0,2.0],"x":0.0,"y":0.0,"z":-45.0},"faces":{"east":{"uv":[10.25,9.5,9.75,12.25],"texture":"#2","tintindex":0},"south":{"uv":[10.25,0.0,7.0,2.75],"texture":"#2","tintindex":0},"north":{"uv":[9.75,6.5,6.5,9.25],"texture":"#2","tintindex":0},"west":{"uv":[10.25,6.75,9.75,9.5],"texture":"#2","tintindex":0},"up":{"uv":[7.0,6.25,10.25,5.75],"texture":"#2","tintindex":0},"down":{"uv":[6.5,9.25,9.75,9.75],"texture":"#2","tintindex":0}}}],"textures":{"2":"modelengine:6c5b5f8e-4a34-45eb-b8d1-c86f90953281","particle":"#2"}}