{"display":{"gui":{"rotation":[-150.0,-45.0,180.0]}},"elements":[{"from":[7.25,8.0,6.75],"to":[8.75,10.25,8.25],"faces":{"east":{"uv":[13.25,11.0,13.5,10.75],"texture":"#0","tintindex":0},"south":{"uv":[13.25,11.0,13.5,10.75],"texture":"#0","tintindex":0},"north":{"uv":[13.25,11.0,13.5,10.75],"texture":"#0","tintindex":0},"west":{"uv":[13.25,11.0,13.5,10.75],"texture":"#0","tintindex":0},"up":{"uv":[13.25,11.0,13.5,10.875],"texture":"#0","tintindex":0},"down":{"uv":[13.25,10.875,13.5,10.75],"texture":"#0","tintindex":0}}}],"textures":{"0":"modelengine:9df2d4bf-acb2-4784-ae98-7367dedca18d","particle":"#0"}}