{"display":{"gui":{"rotation":[-150.0,-45.0,180.0]}},"elements":[{"from":[4.0,8.0,4.0],"to":[12.0,15.0,12.0],"faces":{"east":{"uv":[9.0,8.75,11.0,10.5],"texture":"#0","tintindex":0},"south":{"uv":[9.25,1.75,11.25,3.5],"texture":"#0","tintindex":0},"north":{"uv":[9.0,7.0,11.0,8.75],"texture":"#0","tintindex":0},"west":{"uv":[9.5,3.5,11.5,5.25],"texture":"#0","tintindex":0},"up":{"uv":[9.5,7.0,7.5,5.0],"texture":"#0","tintindex":0},"down":{"uv":[9.0,8.75,7.0,10.75],"texture":"#0","tintindex":0}}}],"textures":{"0":"modelengine:6a0324db-276f-4f7b-a094-fe20c9e40b05","particle":"#0"}}