{"display":{"gui":{"rotation":[-150.0,-45.0,180.0]}},"elements":[{"from":[5.5,-4.5,6.75],"to":[8.0,9.5,9.25],"faces":{"east":{"uv":[1.25,6.5,0.0,13.5],"texture":"#0","tintindex":0},"south":{"uv":[7.5,0.0,6.25,7.0],"texture":"#0","tintindex":0},"north":{"uv":[5.0,0.0,3.75,7.0],"texture":"#0","tintindex":0},"west":{"uv":[6.25,0.0,5.0,7.0],"texture":"#0","tintindex":0},"up":{"uv":[9.5,6.5,10.75,5.25],"texture":"#0","tintindex":0},"down":{"uv":[9.0,10.5,10.25,11.75],"texture":"#0","tintindex":0}}}],"textures":{"0":"modelengine:8291e92e-150f-4bdc-a428-a8d28c98723f","particle":"#0"}}