{"display":{"gui":{"rotation":[-150.0,-45.0,180.0]}},"elements":[{"from":[0.5,8.0,4.5],"to":[15.5,21.0,11.5],"faces":{"east":{"uv":[7.5,1.75,9.25,5.0],"texture":"#0","tintindex":0},"south":{"uv":[0.0,3.25,3.75,6.5],"texture":"#0","tintindex":0},"north":{"uv":[0.0,0.0,3.75,3.25],"texture":"#0","tintindex":0},"west":{"uv":[5.25,8.75,7.0,12.0],"texture":"#0","tintindex":0},"up":{"uv":[9.0,8.75,5.25,7.0],"texture":"#0","tintindex":0},"down":{"uv":[11.25,0.0,7.5,1.75],"texture":"#0","tintindex":0}}}],"textures":{"0":"modelengine:6a0324db-276f-4f7b-a094-fe20c9e40b05","particle":"#0"}}