{"display":{"thirdperson_righthand":{"rotation":[49.0,0.0,0.0],"translation":[-1.0,0.0,-0.5],"scale":[0.27,0.27,0.27]},"thirdperson_lefthand":{"rotation":[49.0,0.0,0.0],"translation":[-1.0,0.0,-0.5],"scale":[0.27,0.27,0.27]},"firstperson_righthand":{"translation":[0.0,4.75,1.5],"scale":[0.39,0.39,0.39]},"firstperson_lefthand":{"translation":[0.0,4.75,1.5],"scale":[0.39,0.39,0.39]},"ground":{"translation":[0.0,2.25,0.0],"scale":[0.4,0.4,0.4]},"gui":{"rotation":[11.75,171.0,0.0],"translation":[0.0,3.0,0.0],"scale":[0.77,0.77,0.77]},"head":{"scale":[0.0,0.0,0.0]},"fixed":{"rotation":[-90.0,0.0,0.0],"translation":[0.0,0.0,-16.0],"scale":[2.0,2.0,2.0]}},"elements":[{"from":[0.0,3.0,-1.0],"to":[16.0,5.0,0.0],"rotation":{"origin":[8.0,2.25,8.0],"x":0.0,"y":0.0,"z":0.0},"faces":{"north":{"uv":[0.0,4.0,4.0,4.5],"texture":"#1"},"east":{"uv":[6.0,7.5,6.25,8.0],"texture":"#1"},"south":{"uv":[4.0,4.0,8.0,4.5],"texture":"#1"},"west":{"uv":[6.25,7.5,6.5,8.0],"texture":"#1"},"up":{"uv":[11.0,1.75,7.0,1.5],"texture":"#1"},"down":{"uv":[11.0,1.75,7.0,2.0],"texture":"#1"}}},{"from":[0.0,0.0,0.0],"to":[1.0,2.0,16.0],"rotation":{"origin":[8.0,2.25,8.0],"x":0.0,"y":0.0,"z":0.0},"faces":{"north":{"uv":[6.5,7.5,6.75,8.0],"texture":"#1"},"east":{"uv":[0.0,4.5,4.0,5.0],"texture":"#1"},"south":{"uv":[6.75,7.5,7.0,8.0],"texture":"#1"},"west":{"uv":[4.0,4.5,8.0,5.0],"texture":"#1"},"up":{"uv":[4.25,11.0,4.0,7.0],"texture":"#1"},"down":{"uv":[4.5,7.0,4.25,11.0],"texture":"#1"}}},{"from":[1.0,1.0,0.0],"to":[2.0,5.0,1.0],"rotation":{"origin":[8.0,2.25,8.0],"x":0.0,"y":0.0,"z":0.0},"faces":{"north":{"uv":[0.0,7.5,0.25,8.5],"texture":"#1"},"east":{"uv":[0.25,7.5,0.5,8.5],"texture":"#1"},"south":{"uv":[0.5,7.5,0.75,8.5],"texture":"#1"},"west":{"uv":[0.75,7.5,1.0,8.5],"texture":"#1"},"up":{"uv":[8.25,6.75,8.0,6.5],"texture":"#1"},"down":{"uv":[7.0,8.0,6.75,8.25],"texture":"#1"}}},{"from":[1.0,0.0,0.0],"to":[15.0,1.0,16.0],"rotation":{"origin":[8.0,2.25,8.0],"x":0.0,"y":0.0,"z":0.0},"faces":{"north":{"uv":[6.0,7.0,9.5,7.25],"texture":"#1"},"east":{"uv":[7.0,2.0,11.0,2.25],"texture":"#1"},"south":{"uv":[6.0,7.25,9.5,7.5],"texture":"#1"},"west":{"uv":[7.0,2.25,11.0,2.5],"texture":"#1"},"up":{"uv":[3.5,4.0,0.0,0.0],"texture":"#1"},"down":{"uv":[7.0,0.0,3.5,4.0],"texture":"#1"}}},{"from":[0.0,3.0,0.0],"to":[1.0,5.0,16.0],"rotation":{"origin":[8.0,2.25,8.0],"x":0.0,"y":0.0,"z":0.0},"faces":{"north":{"uv":[7.0,7.5,7.25,8.0],"texture":"#1"},"east":{"uv":[0.0,5.0,4.0,5.5],"texture":"#1"},"south":{"uv":[7.25,7.5,7.5,8.0],"texture":"#1"},"west":{"uv":[4.0,5.0,8.0,5.5],"texture":"#1"},"up":{"uv":[4.75,11.0,4.5,7.0],"texture":"#1"},"down":{"uv":[5.0,7.0,4.75,11.0],"texture":"#1"}}},{"from":[1.0,1.0,15.0],"to":[2.0,5.0,16.0],"rotation":{"origin":[8.0,2.25,8.0],"x":0.0,"y":0.0,"z":0.0},"faces":{"north":{"uv":[1.0,7.5,1.25,8.5],"texture":"#1"},"east":{"uv":[1.25,7.5,1.5,8.5],"texture":"#1"},"south":{"uv":[1.5,7.5,1.75,8.5],"texture":"#1"},"west":{"uv":[1.75,7.5,2.0,8.5],"texture":"#1"},"up":{"uv":[8.25,7.0,8.0,6.75],"texture":"#1"},"down":{"uv":[7.25,8.0,7.0,8.25],"texture":"#1"}}},{"from":[0.0,0.0,16.0],"to":[16.0,2.0,17.0],"rotation":{"origin":[8.0,2.25,8.0],"x":0.0,"y":0.0,"z":0.0},"faces":{"north":{"uv":[0.0,5.5,4.0,6.0],"texture":"#1"},"east":{"uv":[7.5,7.5,7.75,8.0],"texture":"#1"},"south":{"uv":[4.0,5.5,8.0,6.0],"texture":"#1"},"west":{"uv":[7.75,7.5,8.0,8.0],"texture":"#1"},"up":{"uv":[11.0,2.75,7.0,2.5],"texture":"#1"},"down":{"uv":[11.0,2.75,7.0,3.0],"texture":"#1"}}},{"from":[0.0,3.0,16.0],"to":[16.0,5.0,17.0],"rotation":{"origin":[8.0,2.25,8.0],"x":0.0,"y":0.0,"z":0.0},"faces":{"north":{"uv":[0.0,6.0,4.0,6.5],"texture":"#1"},"east":{"uv":[8.0,4.0,8.25,4.5],"texture":"#1"},"south":{"uv":[4.0,6.0,8.0,6.5],"texture":"#1"},"west":{"uv":[8.0,4.5,8.25,5.0],"texture":"#1"},"up":{"uv":[11.0,3.25,7.0,3.0],"texture":"#1"},"down":{"uv":[11.0,3.25,7.0,3.5],"texture":"#1"}}},{"from":[15.0,0.0,0.0],"to":[16.0,2.0,16.0],"rotation":{"origin":[8.0,2.25,8.0],"x":0.0,"y":0.0,"z":0.0},"faces":{"north":{"uv":[8.0,5.0,8.25,5.5],"texture":"#1"},"east":{"uv":[0.0,6.5,4.0,7.0],"texture":"#1"},"south":{"uv":[8.0,5.5,8.25,6.0],"texture":"#1"},"west":{"uv":[4.0,6.5,8.0,7.0],"texture":"#1"},"up":{"uv":[5.25,11.0,5.0,7.0],"texture":"#1"},"down":{"uv":[5.5,7.0,5.25,11.0],"texture":"#1"}}},{"from":[15.0,3.0,0.0],"to":[16.0,5.0,16.0],"rotation":{"origin":[8.0,2.25,8.0],"x":0.0,"y":0.0,"z":0.0},"faces":{"north":{"uv":[6.0,8.0,6.25,8.5],"texture":"#1"},"east":{"uv":[0.0,7.0,4.0,7.5],"texture":"#1"},"south":{"uv":[8.0,6.0,8.25,6.5],"texture":"#1"},"west":{"uv":[7.0,0.0,11.0,0.5],"texture":"#1"},"up":{"uv":[5.75,11.0,5.5,7.0],"texture":"#1"},"down":{"uv":[6.0,7.0,5.75,11.0],"texture":"#1"}}},{"from":[14.0,1.0,15.0],"to":[15.0,5.0,16.0],"rotation":{"origin":[8.0,2.25,8.0],"x":0.0,"y":0.0,"z":0.0},"faces":{"north":{"uv":[2.0,7.5,2.25,8.5],"texture":"#1"},"east":{"uv":[2.25,7.5,2.5,8.5],"texture":"#1"},"south":{"uv":[2.5,7.5,2.75,8.5],"texture":"#1"},"west":{"uv":[2.75,7.5,3.0,8.5],"texture":"#1"},"up":{"uv":[7.5,8.25,7.25,8.0],"texture":"#1"},"down":{"uv":[7.75,8.0,7.5,8.25],"texture":"#1"}}},{"from":[14.0,1.0,0.0],"to":[15.0,5.0,1.0],"rotation":{"origin":[8.0,2.25,8.0],"x":0.0,"y":0.0,"z":0.0},"faces":{"north":{"uv":[3.0,7.5,3.25,8.5],"texture":"#1"},"east":{"uv":[3.25,7.5,3.5,8.5],"texture":"#1"},"south":{"uv":[3.5,7.5,3.75,8.5],"texture":"#1"},"west":{"uv":[3.75,7.5,4.0,8.5],"texture":"#1"},"up":{"uv":[8.25,7.75,8.0,7.5],"texture":"#1"},"down":{"uv":[8.0,8.0,7.75,8.25],"texture":"#1"}}},{"from":[0.0,0.0,-1.0],"to":[16.0,2.0,0.0],"rotation":{"origin":[8.0,2.25,8.0],"x":0.0,"y":0.0,"z":0.0},"faces":{"north":{"uv":[7.0,0.5,11.0,1.0],"texture":"#1"},"east":{"uv":[6.25,8.0,6.5,8.5],"texture":"#1"},"south":{"uv":[7.0,1.0,11.0,1.5],"texture":"#1"},"west":{"uv":[6.5,8.0,6.75,8.5],"texture":"#1"},"up":{"uv":[11.0,3.75,7.0,3.5],"texture":"#1"},"down":{"uv":[11.0,3.75,7.0,4.0],"texture":"#1"}}}],"textures":{"1":"workshop_six:d53bf8d5-48b6-4315-83ec-ae083f4d2266","particle":"workshop_six:d53bf8d5-48b6-4315-83ec-ae083f4d2266"},"gui_light":"front"}