{"display":{"thirdperson_righthand":{"rotation":[49.0,0.0,0.0],"translation":[-0.5,2.0,-1.75],"scale":[0.37,0.37,0.37]},"thirdperson_lefthand":{"rotation":[49.0,0.0,0.0],"translation":[-0.5,2.0,-1.75],"scale":[0.37,0.37,0.37]},"firstperson_righthand":{"translation":[0.0,4.75,1.5],"scale":[0.39,0.39,0.39]},"firstperson_lefthand":{"translation":[0.0,4.75,1.5],"scale":[0.39,0.39,0.39]},"ground":{"translation":[0.0,2.25,0.0],"scale":[0.4,0.4,0.4]},"gui":{"rotation":[31.0,160.0,0.0],"translation":[-0.25,2.0,0.0],"scale":[0.7,0.7,0.7]},"head":{"scale":[0.0,0.0,0.0]},"fixed":{"translation":[0.0,0.0,-16.0],"scale":[2.0,2.0,2.0]}},"elements":[{"from":[0.0,0.0,0.0],"to":[16.0,2.0,2.0],"faces":{"north":{"uv":[4.0,0.0,8.0,0.5],"texture":"#1"},"east":{"uv":[7.0,5.75,7.5,6.25],"texture":"#1"},"south":{"uv":[4.0,0.5,8.0,1.0],"texture":"#1"},"west":{"uv":[7.0,6.25,7.5,6.75],"texture":"#1"},"up":{"uv":[8.0,1.5,4.0,1.0],"texture":"#1"},"down":{"uv":[8.0,1.5,4.0,2.0],"texture":"#1"}}},{"from":[14.0,0.0,2.0],"to":[16.0,2.0,14.0],"rotation":{"origin":[-0.5,0.0,2.0],"x":0.0,"y":0.0,"z":0.0},"faces":{"north":{"uv":[7.5,5.75,8.0,6.25],"texture":"#1"},"east":{"uv":[3.0,5.0,6.0,5.5],"texture":"#1"},"south":{"uv":[7.5,6.25,8.0,6.75],"texture":"#1"},"west":{"uv":[0.0,5.25,3.0,5.75],"texture":"#1"},"up":{"uv":[3.5,8.5,3.0,5.5],"texture":"#1"},"down":{"uv":[4.0,5.5,3.5,8.5],"texture":"#1"}}},{"from":[14.5,0.0,0.25],"to":[15.5,2.0,16.25],"rotation":{"origin":[14.5,2.0,0.25],"x":-22.5,"y":0.0,"z":0.0},"faces":{"north":{"uv":[8.0,2.0,8.25,2.5],"texture":"#1"},"east":{"uv":[4.0,2.0,8.0,2.5],"texture":"#1"},"south":{"uv":[8.0,2.5,8.25,3.0],"texture":"#1"},"west":{"uv":[4.0,2.5,8.0,3.0],"texture":"#1"},"up":{"uv":[6.25,10.75,6.0,6.75],"texture":"#1"},"down":{"uv":[6.5,6.75,6.25,10.75],"texture":"#1"}}},{"from":[14.0,0.0,14.0],"to":[16.0,10.0,16.0],"rotation":{"origin":[0.0,2.0,2.0],"x":0.0,"y":0.0,"z":0.0},"faces":{"north":{"uv":[0.0,6.25,0.5,8.75],"texture":"#1"},"east":{"uv":[0.5,6.25,1.0,8.75],"texture":"#1"},"south":{"uv":[1.0,6.25,1.5,8.75],"texture":"#1"},"west":{"uv":[1.5,6.25,2.0,8.75],"texture":"#1"},"up":{"uv":[7.5,7.25,7.0,6.75],"texture":"#1"},"down":{"uv":[7.5,7.25,7.0,7.75],"texture":"#1"}}},{"from":[0.0,0.0,14.0],"to":[2.0,10.0,16.0],"rotation":{"origin":[-14.0,2.0,2.0],"x":0.0,"y":0.0,"z":0.0},"faces":{"north":{"uv":[2.0,6.25,2.5,8.75],"texture":"#1"},"east":{"uv":[2.5,6.25,3.0,8.75],"texture":"#1"},"south":{"uv":[5.0,6.75,5.5,9.25],"texture":"#1"},"west":{"uv":[5.5,6.75,6.0,9.25],"texture":"#1"},"up":{"uv":[7.5,8.25,7.0,7.75],"texture":"#1"},"down":{"uv":[8.0,7.75,7.5,8.25],"texture":"#1"}}},{"from":[0.5,0.0,0.25],"to":[1.5,2.0,16.25],"rotation":{"origin":[0.5,2.0,0.25],"x":-22.5,"y":0.0,"z":0.0},"faces":{"north":{"uv":[8.0,3.0,8.25,3.5],"texture":"#1"},"east":{"uv":[4.0,3.0,8.0,3.5],"texture":"#1"},"south":{"uv":[8.0,3.5,8.25,4.0],"texture":"#1"},"west":{"uv":[4.0,3.5,8.0,4.0],"texture":"#1"},"up":{"uv":[6.75,10.75,6.5,6.75],"texture":"#1"},"down":{"uv":[7.0,6.75,6.75,10.75],"texture":"#1"}}},{"from":[2.0,0.0,15.0],"to":[14.0,2.0,16.0],"rotation":{"origin":[-2.0,-0.125,15.0],"x":0.0,"y":0.0,"z":0.0},"faces":{"north":{"uv":[3.0,4.5,6.0,5.0],"texture":"#1"},"east":{"uv":[8.0,1.0,8.25,1.5],"texture":"#1"},"south":{"uv":[0.0,4.75,3.0,5.25],"texture":"#1"},"west":{"uv":[8.0,1.5,8.25,2.0],"texture":"#1"},"up":{"uv":[10.0,4.5,7.0,4.25],"texture":"#1"},"down":{"uv":[10.0,5.5,7.0,5.75],"texture":"#1"}}},{"from":[2.0,7.0,15.0],"to":[14.0,9.0,16.0],"rotation":{"origin":[-2.0,5.875,15.0],"x":0.0,"y":0.0,"z":0.0},"faces":{"north":{"uv":[4.0,4.0,7.0,4.5],"texture":"#1"},"east":{"uv":[8.0,0.0,8.25,0.5],"texture":"#1"},"south":{"uv":[0.0,4.25,3.0,4.75],"texture":"#1"},"west":{"uv":[8.0,0.5,8.25,1.0],"texture":"#1"},"up":{"uv":[9.0,5.5,6.0,5.25],"texture":"#1"},"down":{"uv":[10.0,4.0,7.0,4.25],"texture":"#1"}}},{"from":[8.0,2.5,-0.82134],"to":[16.0,2.5,16.17866],"rotation":{"origin":[44.0,4.0,0.675],"x":-22.5,"y":0.0,"z":0.0},"faces":{"north":{"uv":[0.0,0.0,2.0,0.0],"texture":"#1"},"east":{"uv":[0.0,0.0,4.25,0.0],"texture":"#1"},"south":{"uv":[0.0,0.0,2.0,0.0],"texture":"#1"},"west":{"uv":[0.0,0.0,4.25,0.0],"texture":"#1"},"up":{"uv":[2.0,4.25,0.0,0.0],"texture":"#1"},"down":{"uv":[4.0,0.0,2.0,4.25],"texture":"#1"}}},{"from":[8.0,-0.9563,-0.1329],"to":[16.0,2.0437,-0.1329],"rotation":{"origin":[44.0,4.0,0.675],"x":0.0,"y":0.0,"z":0.0},"faces":{"north":{"uv":[6.0,4.5,8.0,5.25],"texture":"#1"},"east":{"uv":[0.0,0.0,0.0,0.75],"texture":"#1"},"south":{"uv":[5.0,6.0,7.0,6.75],"texture":"#1"},"west":{"uv":[0.0,0.0,0.0,0.75],"texture":"#1"},"up":{"uv":[2.0,0.0,0.0,0.0],"texture":"#1"},"down":{"uv":[2.0,0.0,0.0,0.0],"texture":"#1"}}},{"from":[0.0,0.0,2.0],"to":[2.0,2.0,14.0],"rotation":{"origin":[-14.5,0.0,2.0],"x":0.0,"y":0.0,"z":0.0},"faces":{"north":{"uv":[7.5,6.75,8.0,7.25],"texture":"#1"},"east":{"uv":[4.0,5.5,7.0,6.0],"texture":"#1"},"south":{"uv":[7.5,7.25,8.0,7.75],"texture":"#1"},"west":{"uv":[0.0,5.75,3.0,6.25],"texture":"#1"},"up":{"uv":[4.5,9.0,4.0,6.0],"texture":"#1"},"down":{"uv":[5.0,6.0,4.5,9.0],"texture":"#1"}}},{"from":[0.0,2.5,-0.82134],"to":[8.0,2.5,16.17866],"rotation":{"origin":[36.0,4.0,0.675],"x":-22.5,"y":0.0,"z":0.0},"faces":{"north":{"uv":[0.0,0.0,4.0,0.0],"texture":"#2","tintindex":0},"east":{"uv":[0.0,0.0,8.5,0.0],"texture":"#2"},"south":{"uv":[0.0,0.0,4.0,0.0],"texture":"#2","tintindex":0},"west":{"uv":[0.0,0.0,8.5,0.0],"texture":"#2"},"up":{"uv":[4.0,8.5,0.0,0.0],"texture":"#2","tintindex":0},"down":{"uv":[8.0,0.0,4.0,8.5],"texture":"#2","tintindex":0}}},{"from":[0.0,-0.9563,-0.1329],"to":[8.0,2.0437,-0.1329],"rotation":{"origin":[36.0,4.0,0.675],"x":0.0,"y":0.0,"z":0.0},"faces":{"north":{"uv":[8.0,0.0,12.0,1.5],"texture":"#2","tintindex":0},"east":{"uv":[0.0,0.0,0.0,1.5],"texture":"#2"},"south":{"uv":[8.0,1.5,12.0,3.0],"texture":"#2","tintindex":0},"west":{"uv":[0.0,0.0,0.0,1.5],"texture":"#2"},"up":{"uv":[4.0,0.0,0.0,0.0],"texture":"#2","tintindex":0},"down":{"uv":[4.0,0.0,0.0,0.0],"texture":"#2","tintindex":0}}}],"textures":{"1":"workshop_six:948c7cea-858f-4093-b590-81eb3e849a37","2":"workshop_six:cb302f77-d985-493e-9111-404f8d02beaf","particle":"workshop_six:948c7cea-858f-4093-b590-81eb3e849a37"},"gui_light":"front"}