{"display":{"thirdperson_righthand":{"rotation":[49.0,0.0,0.0],"translation":[-1.25,1.0,0.25],"scale":[0.16,0.16,0.16]},"thirdperson_lefthand":{"rotation":[49.0,0.0,0.0],"translation":[-0.25,1.0,0.25],"scale":[0.16,0.16,0.16]},"firstperson_righthand":{"rotation":[0.0,-84.25,0.0],"translation":[-0.75,4.75,3.0],"scale":[0.19,0.19,0.19]},"firstperson_lefthand":{"rotation":[0.0,-84.25,0.0],"translation":[-0.75,4.75,3.0],"scale":[0.19,0.19,0.19]},"ground":{"translation":[-1.75,4.0,0.0],"scale":[0.26,0.26,0.26]},"gui":{"rotation":[11.75,0.0,0.0],"translation":[0.0,1.5,0.0],"scale":[0.31,0.31,0.31]},"head":{"scale":[0.0,0.0,0.0]},"fixed":{"rotation":[-90.0,0.0,0.0],"translation":[0.0,0.0,-48.0],"scale":[2.0,2.0,2.0]}},"elements":[{"from":[-1.1875,-6.0,-3.0],"to":[31.8125,2.0,-1.0],"rotation":{"origin":[8.0,12.75,8.0],"x":0.0,"y":0.0,"z":0.0},"faces":{"north":{"uv":[4.0,0.0,8.125,1.0],"texture":"#3"},"east":{"uv":[5.25,11.25,5.5,12.25],"texture":"#3"},"south":{"uv":[4.0,1.0,8.125,2.0],"texture":"#3"},"west":{"uv":[5.5,11.25,5.75,12.25],"texture":"#3"},"up":{"uv":[12.125,4.75,8.0,4.5],"texture":"#3"},"down":{"uv":[12.125,4.75,8.0,5.0],"texture":"#3"}}},{"from":[23.8125,-12.0,-6.0],"to":[27.8125,-8.0,-4.0],"rotation":{"origin":[8.0,10.75,8.0],"x":0.0,"y":0.0,"z":0.0},"faces":{"north":{"uv":[7.875,11.25,8.375,11.75],"texture":"#3"},"east":{"uv":[8.375,12.0,8.625,12.5],"texture":"#3"},"south":{"uv":[10.625,11.25,11.125,11.75],"texture":"#3"},"west":{"uv":[4.0,12.125,4.25,12.625],"texture":"#3"},"up":{"uv":[12.25,8.25,11.75,8.0],"texture":"#3"},"down":{"uv":[12.625,4.75,12.125,5.0],"texture":"#3"}}},{"from":[-0.1875,-13.0,6.0],"to":[31.8125,-7.0,10.0],"rotation":{"origin":[8.0,10.75,8.0],"x":0.0,"y":0.0,"z":0.0},"faces":{"north":{"uv":[4.0,5.0,8.0,5.75],"texture":"#3"},"east":{"uv":[7.875,10.5,8.375,11.25],"texture":"#3"},"south":{"uv":[0.0,5.5,4.0,6.25],"texture":"#3"},"west":{"uv":[10.625,10.5,11.125,11.25],"texture":"#3"},"up":{"uv":[9.75,8.25,5.75,7.75],"texture":"#3"},"down":{"uv":[12.0,4.0,8.0,4.5],"texture":"#3"}}},{"from":[-1.1875,-6.0,-1.0],"to":[0.8125,2.0,17.0],"rotation":{"origin":[8.0,12.75,8.0],"x":0.0,"y":0.0,"z":0.0},"faces":{"north":{"uv":[11.125,11.25,11.375,12.25],"texture":"#3"},"east":{"uv":[5.75,5.75,8.0,6.75],"texture":"#3"},"south":{"uv":[11.375,1.5,11.625,2.5],"texture":"#3"},"west":{"uv":[0.0,6.25,2.25,7.25],"texture":"#3"},"up":{"uv":[4.5,11.125,4.25,8.875],"texture":"#3"},"down":{"uv":[4.75,8.875,4.5,11.125],"texture":"#3"}}},{"from":[-16.0,-5.0,14.75],"to":[-0.25,-2.0,16.75],"rotation":{"origin":[8.0,12.75,8.0],"x":0.0,"y":0.0,"z":0.0},"faces":{"north":{"uv":[9.375,1.5,11.375,1.875],"texture":"#3"},"east":{"uv":[12.125,6.5,12.375,6.875],"texture":"#3"},"south":{"uv":[9.375,1.875,11.375,2.25],"texture":"#3"},"west":{"uv":[12.125,6.875,12.375,7.25],"texture":"#3"},"up":{"uv":[11.75,8.0,9.75,7.75],"texture":"#3"},"down":{"uv":[11.75,8.0,9.75,8.25],"texture":"#3"}}},{"from":[-12.1875,-5.25,14.5],"to":[-4.4375,-1.75,17.0],"rotation":{"origin":[8.0,12.75,8.0],"x":0.0,"y":0.0,"z":0.0},"faces":{"north":{"uv":[4.75,8.875,5.75,9.375],"texture":"#3"},"east":{"uv":[11.75,8.5,12.125,9.0],"texture":"#3"},"south":{"uv":[4.75,9.375,5.75,9.875],"texture":"#3"},"west":{"uv":[11.75,9.0,12.125,9.5],"texture":"#3"},"up":{"uv":[10.625,11.125,9.625,10.75],"texture":"#3"},"down":{"uv":[5.75,10.875,4.75,11.25],"texture":"#3"}}},{"from":[24.8125,-11.0,-5.0],"to":[26.8125,-9.0,21.0],"rotation":{"origin":[8.0,10.75,8.0],"x":0.0,"y":0.0,"z":0.0},"faces":{"north":{"uv":[11.75,9.75,12.0,10.0],"texture":"#3"},"east":{"uv":[8.5,3.5,11.75,3.75],"texture":"#3"},"south":{"uv":[12.125,7.25,12.375,7.5],"texture":"#3"},"west":{"uv":[8.5,3.75,11.75,4.0],"texture":"#3"},"up":{"uv":[4.0,9.5,3.75,6.25],"texture":"#3"},"down":{"uv":[4.25,8.875,4.0,12.125],"texture":"#3"}}},{"from":[24.8125,-8.0,-5.5],"to":[26.8125,-6.0,-4.5],"rotation":{"origin":[8.0,10.75,8.0],"x":0.0,"y":0.0,"z":0.0},"faces":{"north":{"uv":[12.125,9.25,12.375,9.5],"texture":"#3"},"east":{"uv":[11.0,11.75,11.125,12.0],"texture":"#3"},"south":{"uv":[12.125,10.5,12.375,10.75],"texture":"#3"},"west":{"uv":[11.0,12.0,11.125,12.25],"texture":"#3"},"up":{"uv":[12.25,10.0,12.0,9.875],"texture":"#3"},"down":{"uv":[12.5,9.875,12.25,10.0],"texture":"#3"}}},{"from":[24.8125,-14.0,-5.5],"to":[26.8125,-12.0,-4.5],"rotation":{"origin":[8.0,10.75,8.0],"x":0.0,"y":0.0,"z":0.0},"faces":{"north":{"uv":[12.125,10.75,12.375,11.0],"texture":"#3"},"east":{"uv":[7.75,12.25,7.875,12.5],"texture":"#3"},"south":{"uv":[12.125,11.0,12.375,11.25],"texture":"#3"},"west":{"uv":[11.625,12.25,11.75,12.5],"texture":"#3"},"up":{"uv":[12.625,4.375,12.375,4.25],"texture":"#3"},"down":{"uv":[12.625,9.25,12.375,9.375],"texture":"#3"}}},{"from":[19.8125,-16.0,-6.5],"to":[21.8125,-4.0,-4.5],"rotation":{"origin":[8.0,10.75,8.0],"x":0.0,"y":0.0,"z":0.0},"faces":{"north":{"uv":[8.375,10.5,8.625,12.0],"texture":"#3"},"east":{"uv":[8.625,11.0,8.875,12.5],"texture":"#3"},"south":{"uv":[8.875,11.0,9.125,12.5],"texture":"#3"},"west":{"uv":[9.125,11.0,9.375,12.5],"texture":"#3"},"up":{"uv":[12.0,12.375,11.75,12.125],"texture":"#3"},"down":{"uv":[12.375,11.75,12.125,12.0],"texture":"#3"}}},{"from":[27.8125,-11.0,-5.5],"to":[29.8125,-9.0,-4.5],"rotation":{"origin":[8.0,10.75,8.0],"x":0.0,"y":0.0,"z":0.0},"faces":{"north":{"uv":[12.0,12.125,12.25,12.375],"texture":"#3"},"east":{"uv":[12.375,9.375,12.5,9.625],"texture":"#3"},"south":{"uv":[1.5,12.25,1.75,12.5],"texture":"#3"},"west":{"uv":[12.375,9.625,12.5,9.875],"texture":"#3"},"up":{"uv":[12.625,10.375,12.375,10.25],"texture":"#3"},"down":{"uv":[12.625,10.375,12.375,10.5],"texture":"#3"}}},{"from":[21.8125,-11.0,-5.5],"to":[23.8125,-9.0,-4.5],"rotation":{"origin":[8.0,10.75,8.0],"x":0.0,"y":0.0,"z":0.0},"faces":{"north":{"uv":[1.75,12.25,2.0,12.5],"texture":"#3"},"east":{"uv":[12.375,10.5,12.5,10.75],"texture":"#3"},"south":{"uv":[2.0,12.25,2.25,12.5],"texture":"#3"},"west":{"uv":[12.375,10.75,12.5,11.0],"texture":"#3"},"up":{"uv":[12.625,11.125,12.375,11.0],"texture":"#3"},"down":{"uv":[12.625,11.125,12.375,11.25],"texture":"#3"}}},{"from":[29.8125,-16.0,-6.5],"to":[31.8125,-4.0,-4.5],"rotation":{"origin":[8.0,10.75,8.0],"x":0.0,"y":0.0,"z":0.0},"faces":{"north":{"uv":[9.375,11.0,9.625,12.5],"texture":"#3"},"east":{"uv":[2.25,11.125,2.5,12.625],"texture":"#3"},"south":{"uv":[2.5,11.125,2.75,12.625],"texture":"#3"},"west":{"uv":[2.75,11.125,3.0,12.625],"texture":"#3"},"up":{"uv":[5.5,12.5,5.25,12.25],"texture":"#3"},"down":{"uv":[5.75,12.25,5.5,12.5],"texture":"#3"}}},{"from":[21.8125,-6.0,-6.5],"to":[29.8125,-4.0,-4.5],"rotation":{"origin":[8.0,10.75,8.0],"x":0.0,"y":0.0,"z":0.0},"faces":{"north":{"uv":[11.25,8.25,12.25,8.5],"texture":"#3"},"east":{"uv":[5.75,12.25,6.0,12.5],"texture":"#3"},"south":{"uv":[11.375,2.5,12.375,2.75],"texture":"#3"},"west":{"uv":[6.0,12.25,6.25,12.5],"texture":"#3"},"up":{"uv":[12.375,3.0,11.375,2.75],"texture":"#3"},"down":{"uv":[12.375,11.25,11.375,11.5],"texture":"#3"}}},{"from":[21.8125,-16.0,-6.5],"to":[29.8125,-14.0,-4.5],"rotation":{"origin":[8.0,10.75,8.0],"x":0.0,"y":0.0,"z":0.0},"faces":{"north":{"uv":[11.375,11.5,12.375,11.75],"texture":"#3"},"east":{"uv":[6.25,12.25,6.5,12.5],"texture":"#3"},"south":{"uv":[11.625,1.5,12.625,1.75],"texture":"#3"},"west":{"uv":[6.5,12.25,6.75,12.5],"texture":"#3"},"up":{"uv":[12.625,2.0,11.625,1.75],"texture":"#3"},"down":{"uv":[12.625,2.0,11.625,2.25],"texture":"#3"}}},{"from":[23.8125,-12.0,4.0],"to":[27.8125,-8.0,12.0],"rotation":{"origin":[8.0,10.75,8.0],"x":0.0,"y":0.0,"z":0.0},"faces":{"north":{"uv":[11.625,5.5,12.125,6.0],"texture":"#3"},"east":{"uv":[4.75,9.875,5.75,10.375],"texture":"#3"},"south":{"uv":[11.625,6.0,12.125,6.5],"texture":"#3"},"west":{"uv":[7.625,10.0,8.625,10.5],"texture":"#3"},"up":{"uv":[9.125,11.0,8.625,10.0],"texture":"#3"},"down":{"uv":[9.625,10.0,9.125,11.0],"texture":"#3"}}},{"from":[-15.6875,-4.5,1.0],"to":[-13.9375,-2.5,15.0],"rotation":{"origin":[8.0,12.75,8.0],"x":0.0,"y":0.0,"z":0.0},"faces":{"north":{"uv":[6.75,12.25,7.0,12.5],"texture":"#3"},"east":{"uv":[10.0,9.75,11.75,10.0],"texture":"#3"},"south":{"uv":[7.0,12.25,7.25,12.5],"texture":"#3"},"west":{"uv":[10.625,10.25,12.375,10.5],"texture":"#3"},"up":{"uv":[4.0,11.25,3.75,9.5],"texture":"#3"},"down":{"uv":[7.875,10.5,7.625,12.25],"texture":"#3"}}},{"from":[19.8125,-16.0,20.5],"to":[21.8125,-4.0,22.5],"rotation":{"origin":[8.0,10.75,8.0],"x":0.0,"y":0.0,"z":0.0},"faces":{"north":{"uv":[3.0,11.125,3.25,12.625],"texture":"#3"},"east":{"uv":[3.25,11.125,3.5,12.625],"texture":"#3"},"south":{"uv":[3.5,11.125,3.75,12.625],"texture":"#3"},"west":{"uv":[4.25,11.125,4.5,12.625],"texture":"#3"},"up":{"uv":[7.5,12.5,7.25,12.25],"texture":"#3"},"down":{"uv":[7.75,12.25,7.5,12.5],"texture":"#3"}}},{"from":[21.8125,-11.0,20.5],"to":[23.8125,-9.0,21.5],"rotation":{"origin":[8.0,10.75,8.0],"x":0.0,"y":0.0,"z":0.0},"faces":{"north":{"uv":[12.25,8.0,12.5,8.25],"texture":"#3"},"east":{"uv":[12.375,11.25,12.5,11.5],"texture":"#3"},"south":{"uv":[12.25,8.25,12.5,8.5],"texture":"#3"},"west":{"uv":[12.375,11.5,12.5,11.75],"texture":"#3"},"up":{"uv":[12.0,12.5,11.75,12.375],"texture":"#3"},"down":{"uv":[12.625,11.75,12.375,11.875],"texture":"#3"}}},{"from":[24.8125,-8.0,20.5],"to":[26.8125,-6.0,21.5],"rotation":{"origin":[8.0,10.75,8.0],"x":0.0,"y":0.0,"z":0.0},"faces":{"north":{"uv":[10.625,12.25,10.875,12.5],"texture":"#3"},"east":{"uv":[12.0,12.375,12.125,12.625],"texture":"#3"},"south":{"uv":[10.875,12.25,11.125,12.5],"texture":"#3"},"west":{"uv":[12.125,12.375,12.25,12.625],"texture":"#3"},"up":{"uv":[12.625,12.0,12.375,11.875],"texture":"#3"},"down":{"uv":[12.75,0.0,12.5,0.125],"texture":"#3"}}},{"from":[23.8125,-12.0,20.0],"to":[27.8125,-8.0,22.0],"rotation":{"origin":[8.0,10.75,8.0],"x":0.0,"y":0.0,"z":0.0},"faces":{"north":{"uv":[11.625,6.5,12.125,7.0],"texture":"#3"},"east":{"uv":[12.125,5.0,12.375,5.5],"texture":"#3"},"south":{"uv":[11.625,7.0,12.125,7.5],"texture":"#3"},"west":{"uv":[12.125,5.5,12.375,6.0],"texture":"#3"},"up":{"uv":[12.625,6.25,12.125,6.0],"texture":"#3"},"down":{"uv":[12.625,6.25,12.125,6.5],"texture":"#3"}}},{"from":[21.8125,-6.0,20.5],"to":[29.8125,-4.0,22.5],"rotation":{"origin":[8.0,10.75,8.0],"x":0.0,"y":0.0,"z":0.0},"faces":{"north":{"uv":[11.625,2.25,12.625,2.5],"texture":"#3"},"east":{"uv":[11.125,12.25,11.375,12.5],"texture":"#3"},"south":{"uv":[11.625,7.5,12.625,7.75],"texture":"#3"},"west":{"uv":[11.375,12.25,11.625,12.5],"texture":"#3"},"up":{"uv":[12.625,10.25,11.625,10.0],"texture":"#3"},"down":{"uv":[12.75,3.0,11.75,3.25],"texture":"#3"}}},{"from":[27.8125,-11.0,20.5],"to":[29.8125,-9.0,21.5],"rotation":{"origin":[8.0,10.75,8.0],"x":0.0,"y":0.0,"z":0.0},"faces":{"north":{"uv":[12.25,12.0,12.5,12.25],"texture":"#3"},"east":{"uv":[12.5,0.125,12.625,0.375],"texture":"#3"},"south":{"uv":[12.25,12.25,12.5,12.5],"texture":"#3"},"west":{"uv":[12.5,0.375,12.625,0.625],"texture":"#3"},"up":{"uv":[12.75,0.75,12.5,0.625],"texture":"#3"},"down":{"uv":[12.75,0.75,12.5,0.875],"texture":"#3"}}},{"from":[24.8125,-14.0,20.5],"to":[26.8125,-12.0,21.5],"rotation":{"origin":[8.0,10.75,8.0],"x":0.0,"y":0.0,"z":0.0},"faces":{"north":{"uv":[12.375,2.5,12.625,2.75],"texture":"#3"},"east":{"uv":[12.5,0.875,12.625,1.125],"texture":"#3"},"south":{"uv":[12.375,2.75,12.625,3.0],"texture":"#3"},"west":{"uv":[12.5,1.125,12.625,1.375],"texture":"#3"},"up":{"uv":[12.75,1.5,12.5,1.375],"texture":"#3"},"down":{"uv":[1.75,12.5,1.5,12.625],"texture":"#3"}}},{"from":[21.8125,-16.0,20.5],"to":[29.8125,-14.0,22.5],"rotation":{"origin":[8.0,10.75,8.0],"x":0.0,"y":0.0,"z":0.0},"faces":{"north":{"uv":[11.75,3.25,12.75,3.5],"texture":"#3"},"east":{"uv":[12.375,4.0,12.625,4.25],"texture":"#3"},"south":{"uv":[11.75,3.5,12.75,3.75],"texture":"#3"},"west":{"uv":[12.375,5.0,12.625,5.25],"texture":"#3"},"up":{"uv":[12.75,4.0,11.75,3.75],"texture":"#3"},"down":{"uv":[12.75,7.75,11.75,8.0],"texture":"#3"}}},{"from":[29.8125,-16.0,20.5],"to":[31.8125,-4.0,22.5],"rotation":{"origin":[8.0,10.75,8.0],"x":0.0,"y":0.0,"z":0.0},"faces":{"north":{"uv":[4.5,11.125,4.75,12.625],"texture":"#3"},"east":{"uv":[9.625,11.125,9.875,12.625],"texture":"#3"},"south":{"uv":[9.875,11.125,10.125,12.625],"texture":"#3"},"west":{"uv":[10.125,11.125,10.375,12.625],"texture":"#3"},"up":{"uv":[12.625,5.5,12.375,5.25],"texture":"#3"},"down":{"uv":[12.625,5.5,12.375,5.75],"texture":"#3"}}},{"from":[-1.1875,-6.0,17.0],"to":[31.8125,2.0,19.0],"rotation":{"origin":[8.0,12.75,8.0],"x":0.0,"y":0.0,"z":0.0},"faces":{"north":{"uv":[4.0,2.0,8.125,3.0],"texture":"#3"},"east":{"uv":[7.875,11.75,8.125,12.75],"texture":"#3"},"south":{"uv":[4.0,3.0,8.125,4.0],"texture":"#3"},"west":{"uv":[8.125,11.75,8.375,12.75],"texture":"#3"},"up":{"uv":[12.125,5.25,8.0,5.0],"texture":"#3"},"down":{"uv":[12.125,5.25,8.0,5.5],"texture":"#3"}}},{"from":[-16.0,-5.0,-0.75],"to":[-0.25,-2.0,1.25],"rotation":{"origin":[8.0,12.75,8.0],"x":0.0,"y":0.0,"z":0.0},"faces":{"north":{"uv":[9.375,2.25,11.375,2.625],"texture":"#3"},"east":{"uv":[12.125,8.5,12.375,8.875],"texture":"#3"},"south":{"uv":[9.375,2.625,11.375,3.0],"texture":"#3"},"west":{"uv":[12.125,8.875,12.375,9.25],"texture":"#3"},"up":{"uv":[12.0,9.75,10.0,9.5],"texture":"#3"},"down":{"uv":[11.625,10.0,9.625,10.25],"texture":"#3"}}},{"from":[-12.1875,-5.25,-1.0],"to":[-4.4375,-1.75,1.5],"rotation":{"origin":[8.0,12.75,8.0],"x":0.0,"y":0.0,"z":0.0},"faces":{"north":{"uv":[9.625,10.25,10.625,10.75],"texture":"#3"},"east":{"uv":[10.625,11.75,11.0,12.25],"texture":"#3"},"south":{"uv":[4.75,10.375,5.75,10.875],"texture":"#3"},"west":{"uv":[11.375,11.75,11.75,12.25],"texture":"#3"},"up":{"uv":[12.125,10.875,11.125,10.5],"texture":"#3"},"down":{"uv":[12.125,10.875,11.125,11.25],"texture":"#3"}}},{"from":[-0.1875,-7.0,-1.0],"to":[31.8125,1.0,17.0],"rotation":{"origin":[8.0,12.75,8.0],"x":0.0,"y":0.0,"z":0.0},"faces":{"north":{"uv":[4.0,4.0,8.0,5.0],"texture":"#3"},"east":{"uv":[5.75,6.75,8.0,7.75],"texture":"#3"},"south":{"uv":[0.0,4.5,4.0,5.5],"texture":"#3"},"west":{"uv":[0.0,7.25,2.25,8.25],"texture":"#3"},"up":{"uv":[4.0,2.25,0.0,0.0],"texture":"#3"},"down":{"uv":[4.0,2.25,0.0,4.5],"texture":"#3"}}},{"from":[-3.25,-16.0,17.225],"to":[-0.25,23.0,20.225],"rotation":{"origin":[14.0,14.40427,8.0],"x":0.0,"y":0.0,"z":0.0},"faces":{"north":{"uv":[2.25,6.25,2.625,11.125],"texture":"#3"},"east":{"uv":[2.625,6.25,3.0,11.125],"texture":"#3"},"south":{"uv":[3.0,6.25,3.375,11.125],"texture":"#3"},"west":{"uv":[3.375,6.25,3.75,11.125],"texture":"#3"},"up":{"uv":[12.125,12.125,11.75,11.75],"texture":"#3"},"down":{"uv":[12.375,4.0,12.0,4.375],"texture":"#3"}}},{"from":[-0.5,17.0,17.725],"to":[28.5,19.0,19.725],"rotation":{"origin":[14.0,14.40427,8.0],"x":0.0,"y":0.0,"z":0.0},"faces":{"north":{"uv":[8.0,5.5,11.625,5.75],"texture":"#3"},"east":{"uv":[12.375,5.75,12.625,6.0],"texture":"#3"},"south":{"uv":[8.0,5.75,11.625,6.0],"texture":"#3"},"west":{"uv":[12.375,6.5,12.625,6.75],"texture":"#3"},"up":{"uv":[11.625,6.25,8.0,6.0],"texture":"#3"},"down":{"uv":[11.625,6.25,8.0,6.5],"texture":"#3"}}},{"from":[-2.25,17.0,-1.525],"to":[-1.25,19.0,17.475],"rotation":{"origin":[14.0,14.40427,8.0],"x":0.0,"y":0.0,"z":0.0},"faces":{"north":{"uv":[1.75,12.5,1.875,12.75],"texture":"#3"},"east":{"uv":[9.375,3.0,11.75,3.25],"texture":"#3"},"south":{"uv":[1.875,12.5,2.0,12.75],"texture":"#3"},"west":{"uv":[9.375,3.25,11.75,3.5],"texture":"#3"},"up":{"uv":[10.5,13.5,10.375,11.125],"texture":"#3"},"down":{"uv":[10.625,11.125,10.5,13.5],"texture":"#3"}}},{"from":[-2.25,21.0,-1.525],"to":[-1.25,23.0,17.475],"rotation":{"origin":[14.0,14.40427,8.0],"x":0.0,"y":0.0,"z":0.0},"faces":{"north":{"uv":[2.0,12.5,2.125,12.75],"texture":"#3"},"east":{"uv":[9.375,8.5,11.75,8.75],"texture":"#3"},"south":{"uv":[2.125,12.5,2.25,12.75],"texture":"#3"},"west":{"uv":[9.375,8.75,11.75,9.0],"texture":"#3"},"up":{"uv":[3.875,13.625,3.75,11.25],"texture":"#3"},"down":{"uv":[4.0,11.25,3.875,13.625],"texture":"#3"}}},{"from":[24.0,15.3187,20.4829],"to":[30.75,23.3187,20.4829],"rotation":{"origin":[14.0,14.40427,8.25],"x":0.0,"y":0.0,"z":0.0},"faces":{"north":{"uv":[7.0,0.0,10.5,4.0],"texture":"#1","tintindex":0},"east":{"uv":[0.0,0.0,0.0,4.0],"texture":"#1"},"south":{"uv":[7.0,4.0,10.5,8.0],"texture":"#1","tintindex":0},"west":{"uv":[0.0,0.0,0.0,4.0],"texture":"#1"},"up":{"uv":[3.5,0.0,0.0,0.0],"texture":"#1","tintindex":0},"down":{"uv":[3.5,0.0,0.0,0.0],"texture":"#1","tintindex":0}}},{"from":[24.0,23.30854,-4.47748],"to":[30.75,23.30854,20.52252],"rotation":{"origin":[14.0,14.40427,8.25],"x":0.0,"y":0.0,"z":0.0},"faces":{"north":{"uv":[0.0,0.0,3.5,0.0],"texture":"#1","tintindex":0},"east":{"uv":[0.0,0.0,12.5,0.0],"texture":"#1"},"south":{"uv":[0.0,0.0,3.5,0.0],"texture":"#1","tintindex":0},"west":{"uv":[0.0,0.0,12.5,0.0],"texture":"#1"},"up":{"uv":[3.5,12.5,0.0,0.0],"texture":"#1","tintindex":0},"down":{"uv":[7.0,0.0,3.5,12.5],"texture":"#1","tintindex":0}}},{"from":[24.0,15.3187,-4.48],"to":[30.75,23.3187,-4.48],"rotation":{"origin":[14.0,14.40427,8.2],"x":0.0,"y":0.0,"z":0.0},"faces":{"north":{"uv":[7.0,8.0,10.5,12.0],"texture":"#1","tintindex":0},"east":{"uv":[0.0,0.0,0.0,4.0],"texture":"#1"},"south":{"uv":[10.5,0.0,14.0,4.0],"texture":"#1","tintindex":0},"west":{"uv":[0.0,0.0,0.0,4.0],"texture":"#1"},"up":{"uv":[3.5,0.0,0.0,0.0],"texture":"#1","tintindex":0},"down":{"uv":[3.5,0.0,0.0,0.0],"texture":"#1","tintindex":0}}},{"from":[28.25,-8.875,17.225],"to":[31.25,23.125,20.225],"rotation":{"origin":[2.0,14.40427,8.0],"x":0.0,"y":0.0,"z":0.0},"faces":{"north":{"uv":[8.125,0.0,8.5,4.0],"texture":"#3"},"east":{"uv":[1.5,8.25,1.875,12.25],"texture":"#3"},"south":{"uv":[1.875,8.25,2.25,12.25],"texture":"#3"},"west":{"uv":[5.75,8.25,6.125,12.25],"texture":"#3"},"up":{"uv":[12.375,9.875,12.0,9.5],"texture":"#3"},"down":{"uv":[12.5,0.0,12.125,0.375],"texture":"#3"}}},{"from":[-3.25,-16.0,-4.225],"to":[-0.25,23.0,-1.225],"rotation":{"origin":[14.0,14.40427,8.0],"x":0.0,"y":0.0,"z":0.0},"faces":{"north":{"uv":[0.0,8.25,0.375,13.125],"texture":"#3"},"east":{"uv":[0.375,8.25,0.75,13.125],"texture":"#3"},"south":{"uv":[0.75,8.25,1.125,13.125],"texture":"#3"},"west":{"uv":[1.125,8.25,1.5,13.125],"texture":"#3"},"up":{"uv":[12.5,0.75,12.125,0.375],"texture":"#3"},"down":{"uv":[12.5,0.75,12.125,1.125],"texture":"#3"}}},{"from":[-0.5,21.0,17.725],"to":[28.5,23.0,19.725],"rotation":{"origin":[14.0,14.40427,8.0],"x":0.0,"y":0.0,"z":0.0},"faces":{"north":{"uv":[8.0,6.5,11.625,6.75],"texture":"#3"},"east":{"uv":[12.375,6.75,12.625,7.0],"texture":"#3"},"south":{"uv":[8.0,6.75,11.625,7.0],"texture":"#3"},"west":{"uv":[12.375,7.0,12.625,7.25],"texture":"#3"},"up":{"uv":[11.625,7.25,8.0,7.0],"texture":"#3"},"down":{"uv":[11.625,7.25,8.0,7.5],"texture":"#3"}}},{"from":[-0.5,21.0,-3.725],"to":[28.5,23.0,-1.725],"rotation":{"origin":[14.0,14.40427,8.0],"x":0.0,"y":0.0,"z":0.0},"faces":{"north":{"uv":[8.0,7.5,11.625,7.75],"texture":"#3"},"east":{"uv":[12.375,7.25,12.625,7.5],"texture":"#3"},"south":{"uv":[7.625,8.25,11.25,8.5],"texture":"#3"},"west":{"uv":[12.375,8.5,12.625,8.75],"texture":"#3"},"up":{"uv":[12.125,0.25,8.5,0.0],"texture":"#3"},"down":{"uv":[12.125,0.25,8.5,0.5],"texture":"#3"}}},{"from":[-0.5,17.0,-3.725],"to":[28.5,19.0,-1.725],"rotation":{"origin":[14.0,14.40427,8.0],"x":0.0,"y":0.0,"z":0.0},"faces":{"north":{"uv":[8.5,0.5,12.125,0.75],"texture":"#3"},"east":{"uv":[12.375,8.75,12.625,9.0],"texture":"#3"},"south":{"uv":[8.5,0.75,12.125,1.0],"texture":"#3"},"west":{"uv":[12.375,9.0,12.625,9.25],"texture":"#3"},"up":{"uv":[12.125,1.25,8.5,1.0],"texture":"#3"},"down":{"uv":[12.125,1.25,8.5,1.5],"texture":"#3"}}},{"from":[29.25,21.0,-1.525],"to":[30.25,23.0,17.475],"rotation":{"origin":[2.0,14.40427,8.0],"x":0.0,"y":0.0,"z":0.0},"faces":{"north":{"uv":[12.5,4.375,12.625,4.625],"texture":"#3"},"east":{"uv":[9.375,9.0,11.75,9.25],"texture":"#3"},"south":{"uv":[5.25,12.5,5.375,12.75],"texture":"#3"},"west":{"uv":[9.375,9.25,11.75,9.5],"texture":"#3"},"up":{"uv":[4.875,13.625,4.75,11.25],"texture":"#3"},"down":{"uv":[5.0,11.25,4.875,13.625],"texture":"#3"}}},{"from":[29.25,17.0,-1.525],"to":[30.25,19.0,17.475],"rotation":{"origin":[2.0,14.40427,8.0],"x":0.0,"y":0.0,"z":0.0},"faces":{"north":{"uv":[5.375,12.5,5.5,12.75],"texture":"#3"},"east":{"uv":[7.625,9.5,10.0,9.75],"texture":"#3"},"south":{"uv":[5.5,12.5,5.625,12.75],"texture":"#3"},"west":{"uv":[7.625,9.75,10.0,10.0],"texture":"#3"},"up":{"uv":[5.125,13.625,5.0,11.25],"texture":"#3"},"down":{"uv":[5.25,11.25,5.125,13.625],"texture":"#3"}}},{"from":[28.25,-8.875,-4.225],"to":[31.25,23.125,-1.225],"rotation":{"origin":[2.0,14.40427,8.0],"x":0.0,"y":0.0,"z":0.0},"faces":{"north":{"uv":[6.125,8.25,6.5,12.25],"texture":"#3"},"east":{"uv":[6.5,8.25,6.875,12.25],"texture":"#3"},"south":{"uv":[6.875,8.25,7.25,12.25],"texture":"#3"},"west":{"uv":[7.25,8.25,7.625,12.25],"texture":"#3"},"up":{"uv":[12.5,1.5,12.125,1.125],"texture":"#3"},"down":{"uv":[12.5,4.375,12.125,4.75],"texture":"#3"}}},{"from":[17.25,15.3187,20.4829],"to":[24.0,23.3187,20.4829],"rotation":{"origin":[7.25,14.40427,8.25],"x":0.0,"y":0.0,"z":0.0},"faces":{"north":{"uv":[8.5,1.5,9.375,2.5],"texture":"#3"},"east":{"uv":[0.0,0.0,0.0,1.0],"texture":"#3"},"south":{"uv":[8.5,2.5,9.375,3.5],"texture":"#3"},"west":{"uv":[0.0,0.0,0.0,1.0],"texture":"#3"},"up":{"uv":[0.875,0.0,0.0,0.0],"texture":"#3"},"down":{"uv":[0.875,0.0,0.0,0.0],"texture":"#3"}}},{"from":[17.25,23.30854,-4.47748],"to":[24.0,23.30854,20.52252],"rotation":{"origin":[7.25,14.40427,8.25],"x":0.0,"y":0.0,"z":0.0},"faces":{"north":{"uv":[0.0,0.0,0.875,0.0],"texture":"#3"},"east":{"uv":[0.0,0.0,3.125,0.0],"texture":"#3"},"south":{"uv":[0.0,0.0,0.875,0.0],"texture":"#3"},"west":{"uv":[0.0,0.0,3.125,0.0],"texture":"#3"},"up":{"uv":[4.875,8.875,4.0,5.75],"texture":"#3"},"down":{"uv":[5.75,5.75,4.875,8.875],"texture":"#3"}}},{"from":[17.25,15.3187,-4.48],"to":[24.0,23.3187,-4.48],"rotation":{"origin":[7.25,14.40427,8.2],"x":0.0,"y":0.0,"z":0.0},"faces":{"north":{"uv":[7.625,8.5,8.5,9.5],"texture":"#3"},"east":{"uv":[0.0,0.0,0.0,1.0],"texture":"#3"},"south":{"uv":[8.5,8.5,9.375,9.5],"texture":"#3"},"west":{"uv":[0.0,0.0,0.0,1.0],"texture":"#3"},"up":{"uv":[0.875,0.0,0.0,0.0],"texture":"#3"},"down":{"uv":[0.875,0.0,0.0,0.0],"texture":"#3"}}},{"from":[10.5,15.3187,20.4829],"to":[17.25,23.3187,20.4829],"rotation":{"origin":[0.5,14.40427,8.25],"x":0.0,"y":0.0,"z":0.0},"faces":{"north":{"uv":[7.0,0.0,10.5,4.0],"texture":"#1","tintindex":0},"east":{"uv":[0.0,0.0,0.0,4.0],"texture":"#1"},"south":{"uv":[7.0,4.0,10.5,8.0],"texture":"#1","tintindex":0},"west":{"uv":[0.0,0.0,0.0,4.0],"texture":"#1"},"up":{"uv":[3.5,0.0,0.0,0.0],"texture":"#1","tintindex":0},"down":{"uv":[3.5,0.0,0.0,0.0],"texture":"#1","tintindex":0}}},{"from":[10.5,15.3187,-4.48],"to":[17.25,23.3187,-4.48],"rotation":{"origin":[0.5,14.40427,8.2],"x":0.0,"y":0.0,"z":0.0},"faces":{"north":{"uv":[7.0,8.0,10.5,12.0],"texture":"#1","tintindex":0},"east":{"uv":[0.0,0.0,0.0,4.0],"texture":"#1"},"south":{"uv":[10.5,0.0,14.0,4.0],"texture":"#1","tintindex":0},"west":{"uv":[0.0,0.0,0.0,4.0],"texture":"#1"},"up":{"uv":[3.5,0.0,0.0,0.0],"texture":"#1","tintindex":0},"down":{"uv":[3.5,0.0,0.0,0.0],"texture":"#1","tintindex":0}}},{"from":[10.5,23.30854,-4.47748],"to":[17.25,23.30854,20.52252],"rotation":{"origin":[0.5,14.40427,8.25],"x":0.0,"y":0.0,"z":0.0},"faces":{"north":{"uv":[0.0,0.0,3.5,0.0],"texture":"#1","tintindex":0},"east":{"uv":[0.0,0.0,12.5,0.0],"texture":"#1"},"south":{"uv":[0.0,0.0,3.5,0.0],"texture":"#1","tintindex":0},"west":{"uv":[0.0,0.0,12.5,0.0],"texture":"#1"},"up":{"uv":[3.5,12.5,0.0,0.0],"texture":"#1","tintindex":0},"down":{"uv":[7.0,0.0,3.5,12.5],"texture":"#1","tintindex":0}}},{"from":[3.75,15.3187,20.4829],"to":[10.5,23.3187,20.4829],"rotation":{"origin":[-6.25,14.40427,8.25],"x":0.0,"y":0.0,"z":0.0},"faces":{"north":{"uv":[8.5,1.5,9.375,2.5],"texture":"#3"},"east":{"uv":[0.0,0.0,0.0,1.0],"texture":"#3"},"south":{"uv":[8.5,2.5,9.375,3.5],"texture":"#3"},"west":{"uv":[0.0,0.0,0.0,1.0],"texture":"#3"},"up":{"uv":[0.875,0.0,0.0,0.0],"texture":"#3"},"down":{"uv":[0.875,0.0,0.0,0.0],"texture":"#3"}}},{"from":[3.75,23.30854,-4.47748],"to":[10.5,23.30854,20.52252],"rotation":{"origin":[-6.25,14.40427,8.25],"x":0.0,"y":0.0,"z":0.0},"faces":{"north":{"uv":[0.0,0.0,0.875,0.0],"texture":"#3"},"east":{"uv":[0.0,0.0,3.125,0.0],"texture":"#3"},"south":{"uv":[0.0,0.0,0.875,0.0],"texture":"#3"},"west":{"uv":[0.0,0.0,3.125,0.0],"texture":"#3"},"up":{"uv":[4.875,8.875,4.0,5.75],"texture":"#3"},"down":{"uv":[5.75,5.75,4.875,8.875],"texture":"#3"}}},{"from":[3.75,15.3187,-4.48],"to":[10.5,23.3187,-4.48],"rotation":{"origin":[-6.25,14.40427,8.2],"x":0.0,"y":0.0,"z":0.0},"faces":{"north":{"uv":[7.625,8.5,8.5,9.5],"texture":"#3"},"east":{"uv":[0.0,0.0,0.0,1.0],"texture":"#3"},"south":{"uv":[8.5,8.5,9.375,9.5],"texture":"#3"},"west":{"uv":[0.0,0.0,0.0,1.0],"texture":"#3"},"up":{"uv":[0.875,0.0,0.0,0.0],"texture":"#3"},"down":{"uv":[0.875,0.0,0.0,0.0],"texture":"#3"}}},{"from":[-3.0,15.3187,20.4829],"to":[3.75,23.3187,20.4829],"rotation":{"origin":[-13.0,14.40427,8.25],"x":0.0,"y":0.0,"z":0.0},"faces":{"north":{"uv":[7.0,0.0,10.5,4.0],"texture":"#1","tintindex":0},"east":{"uv":[0.0,0.0,0.0,4.0],"texture":"#1"},"south":{"uv":[7.0,4.0,10.5,8.0],"texture":"#1","tintindex":0},"west":{"uv":[0.0,0.0,0.0,4.0],"texture":"#1"},"up":{"uv":[3.5,0.0,0.0,0.0],"texture":"#1","tintindex":0},"down":{"uv":[3.5,0.0,0.0,0.0],"texture":"#1","tintindex":0}}},{"from":[-3.0,15.3187,-4.48],"to":[3.75,23.3187,-4.48],"rotation":{"origin":[-13.0,14.40427,8.2],"x":0.0,"y":0.0,"z":0.0},"faces":{"north":{"uv":[7.0,8.0,10.5,12.0],"texture":"#1","tintindex":0},"east":{"uv":[0.0,0.0,0.0,4.0],"texture":"#1"},"south":{"uv":[10.5,0.0,14.0,4.0],"texture":"#1","tintindex":0},"west":{"uv":[0.0,0.0,0.0,4.0],"texture":"#1"},"up":{"uv":[3.5,0.0,0.0,0.0],"texture":"#1","tintindex":0},"down":{"uv":[3.5,0.0,0.0,0.0],"texture":"#1","tintindex":0}}},{"from":[-3.0,23.30854,-4.47748],"to":[3.75,23.30854,20.52252],"rotation":{"origin":[-13.0,14.40427,8.25],"x":0.0,"y":0.0,"z":0.0},"faces":{"north":{"uv":[0.0,0.0,3.5,0.0],"texture":"#1","tintindex":0},"east":{"uv":[0.0,0.0,12.5,0.0],"texture":"#1"},"south":{"uv":[0.0,0.0,3.5,0.0],"texture":"#1","tintindex":0},"west":{"uv":[0.0,0.0,12.5,0.0],"texture":"#1"},"up":{"uv":[3.5,12.5,0.0,0.0],"texture":"#1","tintindex":0},"down":{"uv":[7.0,0.0,3.5,12.5],"texture":"#1","tintindex":0}}}],"textures":{"1":"workshop_six:da8df617-8d42-432a-8859-5e9b5655e535","3":"workshop_six:be6d1237-461f-4eb5-9fd1-ee195567fe61","particle":"workshop_six:da8df617-8d42-432a-8859-5e9b5655e535"},"gui_light":"front"}