{"display":{"thirdperson_righthand":{"rotation":[49.0,0.0,0.0],"translation":[-1.0,0.0,-0.5],"scale":[0.27,0.27,0.27]},"thirdperson_lefthand":{"rotation":[49.0,0.0,0.0],"translation":[-1.0,0.0,-0.5],"scale":[0.27,0.27,0.27]},"firstperson_righthand":{"translation":[0.0,4.75,1.5],"scale":[0.39,0.39,0.39]},"firstperson_lefthand":{"translation":[0.0,4.75,1.5],"scale":[0.39,0.39,0.39]},"ground":{"translation":[0.0,2.25,0.0],"scale":[0.4,0.4,0.4]},"gui":{"rotation":[11.75,0.0,0.0],"scale":[0.64,0.64,0.64]},"head":{"scale":[0.0,0.0,0.0]},"fixed":{"rotation":[-90.0,0.0,0.0],"translation":[0.0,0.0,-16.0],"scale":[2.0,2.0,2.0]}},"elements":[{"from":[-1.0,0.0,-1.0],"to":[17.0,14.0,17.0],"rotation":{"origin":[15.0,0.0,0.0],"x":0.0,"y":0.0,"z":0.0},"faces":{"north":{"uv":[0.0,6.75,2.25,8.5],"texture":"#0"},"east":{"uv":[0.0,6.75,2.25,8.5],"texture":"#0"},"south":{"uv":[0.0,6.75,2.25,8.5],"texture":"#0"},"west":{"uv":[0.0,6.75,2.25,8.5],"texture":"#0"},"up":{"uv":[7.125,4.625,4.875,2.375],"texture":"#0"},"down":{"uv":[7.125,4.625,4.875,6.875],"texture":"#0"}}},{"from":[-2.0,13.0,-2.0],"to":[18.0,15.0,18.0],"rotation":{"origin":[16.0,13.0,-1.0],"x":0.0,"y":0.0,"z":0.0},"faces":{"north":{"uv":[7.125,5.375,9.625,5.625],"texture":"#0"},"east":{"uv":[7.125,5.625,9.625,5.875],"texture":"#0"},"south":{"uv":[7.125,5.375,9.625,5.625],"texture":"#0"},"west":{"uv":[7.125,5.625,9.625,5.875],"texture":"#0"},"up":{"uv":[2.5,2.5,0.0,0.0],"texture":"#0"},"down":{"uv":[2.5,2.5,0.0,5.0],"texture":"#0"}}},{"from":[-1.5,9.0,-1.5],"to":[17.5,11.0,17.5],"rotation":{"origin":[15.5,9.0,-0.5],"x":0.0,"y":0.0,"z":0.0},"faces":{"north":{"uv":[7.125,6.625,9.5,6.875],"texture":"#0"},"east":{"uv":[7.125,6.625,9.5,6.875],"texture":"#0"},"south":{"uv":[7.125,6.625,9.5,6.875],"texture":"#0"},"west":{"uv":[7.125,6.625,9.5,6.875],"texture":"#0"},"up":{"uv":[4.875,2.375,2.5,0.0],"texture":"#0"},"down":{"uv":[4.875,2.375,2.5,4.75],"texture":"#0"}}},{"from":[-2.5,12.5,12.0],"to":[18.5,15.5,14.0],"rotation":{"origin":[15.5,12.5,5.0],"x":0.0,"y":0.0,"z":0.0},"faces":{"north":{"uv":[7.125,3.125,9.75,3.5],"texture":"#0"},"east":{"uv":[2.25,5.75,2.5,6.125],"texture":"#0"},"south":{"uv":[7.125,3.5,9.75,3.875],"texture":"#0"},"west":{"uv":[2.25,6.125,2.5,6.5],"texture":"#0"},"up":{"uv":[9.75,4.625,7.125,4.375],"texture":"#0"},"down":{"uv":[9.75,4.625,7.125,4.875],"texture":"#0"}}},{"from":[-1.5,3.0,-1.5],"to":[17.5,5.0,17.5],"rotation":{"origin":[15.5,3.0,-0.5],"x":0.0,"y":0.0,"z":0.0},"faces":{"north":{"uv":[7.125,6.625,9.5,6.875],"texture":"#0"},"east":{"uv":[7.125,6.625,9.5,6.875],"texture":"#0"},"south":{"uv":[7.125,6.625,9.5,6.875],"texture":"#0"},"west":{"uv":[7.125,6.625,9.5,6.875],"texture":"#0"},"up":{"uv":[4.875,2.375,2.5,0.0],"texture":"#0"},"down":{"uv":[4.875,2.375,2.5,4.75],"texture":"#0"}}},{"from":[-2.5,12.5,2.0],"to":[18.5,15.5,4.0],"rotation":{"origin":[0.5,12.5,11.0],"x":0.0,"y":0.0,"z":0.0},"faces":{"north":{"uv":[7.125,3.5,9.75,3.875],"texture":"#0"},"east":{"uv":[2.25,6.125,2.5,6.5],"texture":"#0"},"south":{"uv":[7.125,3.125,9.75,3.5],"texture":"#0"},"west":{"uv":[2.25,5.75,2.5,6.125],"texture":"#0"},"up":{"uv":[7.125,4.375,9.75,4.625],"texture":"#0"},"down":{"uv":[7.125,4.875,9.75,4.625],"texture":"#0"}}}],"textures":{"0":"workshop_six:5ef126c2-6b51-4b61-9b7f-648fdd4819df","particle":"workshop_six:5ef126c2-6b51-4b61-9b7f-648fdd4819df"},"gui_light":"front"}