{"display":{"thirdperson_righthand":{"rotation":[49.0,0.0,0.0],"translation":[-1.0,0.0,-0.5],"scale":[0.27,0.27,0.27]},"thirdperson_lefthand":{"rotation":[49.0,0.0,0.0],"translation":[-1.0,0.0,-0.5],"scale":[0.27,0.27,0.27]},"firstperson_righthand":{"translation":[0.0,4.75,1.5],"scale":[0.39,0.39,0.39]},"firstperson_lefthand":{"translation":[0.0,4.75,1.5],"scale":[0.39,0.39,0.39]},"ground":{"translation":[0.0,2.25,0.0],"scale":[0.4,0.4,0.4]},"gui":{"rotation":[18.0,0.0,0.0],"translation":[0.5,-0.75,0.0],"scale":[0.67,0.67,0.67]},"head":{"scale":[0.0,0.0,0.0]},"fixed":{"rotation":[-90.0,0.0,0.0],"translation":[0.0,0.0,-16.0],"scale":[2.0,2.0,2.0]}},"elements":[{"from":[2.68567,0.0,2.87145],"to":[13.68567,3.0,12.87145],"rotation":{"origin":[7.70698,0.75,5.6456],"x":0.0,"y":0.0,"z":0.0},"faces":{"north":{"uv":[9.0,0.0,14.5,1.5],"texture":"#3"},"east":{"uv":[9.0,3.0,14.0,4.5],"texture":"#3"},"south":{"uv":[9.0,1.5,14.5,3.0],"texture":"#3"},"west":{"uv":[9.0,4.5,14.0,6.0],"texture":"#3"},"up":{"uv":[5.5,5.0,0.0,0.0],"texture":"#3"},"down":{"uv":[5.5,5.0,0.0,10.0],"texture":"#3"}}},{"from":[9.75527,0.0,1.54886],"to":[14.75527,1.0,6.54886],"rotation":{"origin":[7.70698,0.75,5.6456],"x":0.0,"y":0.0,"z":0.0},"faces":{"north":{"uv":[12.5,9.0,15.0,9.5],"texture":"#3"},"east":{"uv":[12.5,9.5,15.0,10.0],"texture":"#3"},"south":{"uv":[12.5,10.0,15.0,10.5],"texture":"#3"},"west":{"uv":[12.5,10.5,15.0,11.0],"texture":"#3"},"up":{"uv":[2.5,12.5,0.0,10.0],"texture":"#3"},"down":{"uv":[5.0,10.0,2.5,12.5],"texture":"#3"}}},{"from":[3.70678,0.0,9.76532],"to":[9.70678,2.0,14.76532],"rotation":{"origin":[7.70698,0.75,5.6456],"x":0.0,"y":0.0,"z":0.0},"faces":{"north":{"uv":[5.0,12.0,8.0,13.0],"texture":"#3"},"east":{"uv":[11.0,12.0,13.5,13.0],"texture":"#3"},"south":{"uv":[8.0,12.0,11.0,13.0],"texture":"#3"},"west":{"uv":[0.0,12.5,2.5,13.5],"texture":"#3"},"up":{"uv":[12.5,8.5,9.5,6.0],"texture":"#3"},"down":{"uv":[12.5,8.5,9.5,11.0],"texture":"#3"}}},{"from":[0.75527,0.0,4.54886],"to":[7.75527,1.0,10.54886],"rotation":{"origin":[7.70698,0.75,5.6456],"x":0.0,"y":0.0,"z":0.0},"faces":{"north":{"uv":[12.5,7.0,16.0,7.5],"texture":"#3"},"east":{"uv":[12.5,8.0,15.5,8.5],"texture":"#3"},"south":{"uv":[12.5,7.5,16.0,8.0],"texture":"#3"},"west":{"uv":[12.5,8.5,15.5,9.0],"texture":"#3"},"up":{"uv":[9.0,3.0,5.5,0.0],"texture":"#3"},"down":{"uv":[9.0,3.0,5.5,6.0],"texture":"#3"}}},{"from":[4.0,3.0,4.0],"to":[12.0,19.0,12.0],"rotation":{"origin":[7.0,0.0,8.0],"x":0.0,"y":0.0,"z":0.0},"faces":{"north":{"uv":[0.0,0.0,2.0,4.0],"texture":"#2","tintindex":0},"east":{"uv":[2.0,0.0,4.0,4.0],"texture":"#2","tintindex":0},"south":{"uv":[0.0,4.0,2.0,8.0],"texture":"#2","tintindex":0},"west":{"uv":[4.0,0.0,6.0,4.0],"texture":"#2","tintindex":0},"up":{"uv":[8.5,5.5,6.5,3.5],"texture":"#2","tintindex":0},"down":{"uv":[8.5,5.5,6.5,7.5],"texture":"#2","tintindex":0}}},{"from":[5.0,2.0,3.75],"to":[11.0,16.0,9.75],"rotation":{"origin":[7.0,0.0,8.0],"x":-22.5,"y":0.0,"z":0.0},"faces":{"north":{"uv":[2.0,4.0,3.5,7.5],"texture":"#2","tintindex":0},"east":{"uv":[3.5,4.0,5.0,7.5],"texture":"#2","tintindex":0},"south":{"uv":[5.0,4.0,6.5,7.5],"texture":"#2","tintindex":0},"west":{"uv":[6.0,0.0,7.5,3.5],"texture":"#2","tintindex":0},"up":{"uv":[8.5,9.0,7.0,7.5],"texture":"#2","tintindex":0},"down":{"uv":[1.5,8.0,0.0,9.5],"texture":"#2","tintindex":0}}},{"from":[4.75,4.0,6.0],"to":[8.75,14.0,10.0],"rotation":{"origin":[7.0,0.0,8.0],"x":0.0,"y":0.0,"z":22.5},"faces":{"north":{"uv":[3.0,7.5,4.0,10.0],"texture":"#2","tintindex":0},"east":{"uv":[4.0,7.5,5.0,10.0],"texture":"#2","tintindex":0},"south":{"uv":[5.0,7.5,6.0,10.0],"texture":"#2","tintindex":0},"west":{"uv":[6.0,7.5,7.0,10.0],"texture":"#2","tintindex":0},"up":{"uv":[10.5,1.0,9.5,0.0],"texture":"#2","tintindex":0},"down":{"uv":[2.0,9.5,1.0,10.5],"texture":"#2","tintindex":0}}},{"from":[7.25,1.0,7.0],"to":[11.25,10.0,11.0],"rotation":{"origin":[9.0,0.0,8.0],"x":0.0,"y":0.0,"z":-22.5},"faces":{"north":{"uv":[8.5,0.0,9.5,2.25],"texture":"#2","tintindex":0},"east":{"uv":[8.5,2.25,9.5,4.5],"texture":"#2","tintindex":0},"south":{"uv":[8.5,4.5,9.5,6.75],"texture":"#2","tintindex":0},"west":{"uv":[8.5,6.75,9.5,9.0],"texture":"#2","tintindex":0},"up":{"uv":[9.5,10.0,8.5,9.0],"texture":"#2","tintindex":0},"down":{"uv":[1.0,9.5,0.0,10.5],"texture":"#2","tintindex":0}}},{"from":[5.0,1.0,8.25],"to":[8.0,12.0,12.25],"rotation":{"origin":[9.0,0.0,8.0],"x":22.5,"y":0.0,"z":0.0},"faces":{"north":{"uv":[7.0,9.0,7.75,11.75],"texture":"#2","tintindex":0},"east":{"uv":[7.5,0.0,8.5,2.75],"texture":"#2","tintindex":0},"south":{"uv":[7.75,9.0,8.5,11.75],"texture":"#2","tintindex":0},"west":{"uv":[2.0,7.5,3.0,10.25],"texture":"#2","tintindex":0},"up":{"uv":[10.25,2.0,9.5,1.0],"texture":"#2","tintindex":0},"down":{"uv":[10.25,2.0,9.5,3.0],"texture":"#2","tintindex":0}}},{"from":[3.70678,0.0,-0.23468],"to":[11.70678,2.0,4.76532],"rotation":{"origin":[7.70698,0.75,5.6456],"x":0.0,"y":0.0,"z":0.0},"faces":{"north":{"uv":[5.0,11.0,9.0,12.0],"texture":"#3"},"east":{"uv":[2.5,12.5,5.0,13.5],"texture":"#3"},"south":{"uv":[9.0,11.0,13.0,12.0],"texture":"#3"},"west":{"uv":[12.5,6.0,15.0,7.0],"texture":"#3"},"up":{"uv":[9.5,8.5,5.5,6.0],"texture":"#3"},"down":{"uv":[9.5,8.5,5.5,11.0],"texture":"#3"}}}],"textures":{"2":"workshop_six:f846bdc2-da86-4000-8326-aac18d4c43b2","3":"workshop_six:af5111da-1ff7-47d0-9179-1f630f089f6f","particle":"workshop_six:af5111da-1ff7-47d0-9179-1f630f089f6f"},"gui_light":"front"}