{"display":{"thirdperson_righthand":{"rotation":[49.0,0.0,0.0],"translation":[-1.0,0.0,-0.5],"scale":[0.27,0.27,0.27]},"thirdperson_lefthand":{"rotation":[49.0,0.0,0.0],"translation":[-1.0,0.0,-0.5],"scale":[0.27,0.27,0.27]},"firstperson_righthand":{"translation":[0.0,4.75,1.5],"scale":[0.39,0.39,0.39]},"firstperson_lefthand":{"translation":[0.0,4.75,1.5],"scale":[0.39,0.39,0.39]},"ground":{"translation":[0.0,2.25,0.0],"scale":[0.4,0.4,0.4]},"gui":{"rotation":[-23.0,0.0,0.0],"translation":[0.0,1.5,0.0],"scale":[0.64,0.64,0.64]},"head":{"scale":[0.0,0.0,0.0]},"fixed":{"rotation":[90.0,0.0,0.0],"translation":[0.0,0.0,-16.0],"scale":[2.0,2.0,2.0]}},"elements":[{"from":[7.0,8.0,7.0],"to":[9.0,16.0,9.0],"rotation":{"origin":[2.0,26.0,7.0],"x":0.0,"y":0.0,"z":0.0},"faces":{"north":{"uv":[4.75,12.0,5.25,14.0],"texture":"#1"},"east":{"uv":[5.25,12.0,5.75,14.0],"texture":"#1"},"south":{"uv":[5.75,12.0,6.25,14.0],"texture":"#1"},"west":{"uv":[6.25,12.0,6.75,14.0],"texture":"#1"},"up":{"uv":[8.75,12.5,8.25,12.0],"texture":"#1"},"down":{"uv":[9.25,12.0,8.75,12.5],"texture":"#1"}}},{"from":[-1.5,-1.5,-1.5],"to":[17.5,8.5,17.5],"rotation":{"origin":[4.5,9.5,4.5],"x":0.0,"y":0.0,"z":0.0},"faces":{"north":{"uv":[0.0,9.5,4.75,12.0],"texture":"#1","tintindex":0},"east":{"uv":[0.0,9.5,4.75,12.0],"texture":"#1","tintindex":0},"south":{"uv":[0.0,9.5,4.75,12.0],"texture":"#1","tintindex":0},"west":{"uv":[0.0,9.5,4.75,12.0],"texture":"#1","tintindex":0},"up":{"uv":[4.75,4.75,0.0,0.0],"texture":"#1"},"down":{"uv":[4.75,4.75,0.0,9.5],"texture":"#1"}}},{"from":[5.0,0.0,7.0],"to":[11.0,1.0,9.0],"rotation":{"origin":[2.0,22.0,7.0],"x":0.0,"y":0.0,"z":0.0},"faces":{"north":{"uv":[13.25,13.0,14.75,13.25],"texture":"#1"},"east":{"uv":[7.25,14.0,7.75,14.25],"texture":"#1"},"south":{"uv":[13.25,13.25,14.75,13.5],"texture":"#1"},"west":{"uv":[7.75,14.0,8.25,14.25],"texture":"#1"},"up":{"uv":[9.75,13.0,8.25,12.5],"texture":"#1"},"down":{"uv":[11.25,12.5,9.75,13.0],"texture":"#1"}}},{"from":[5.0,7.0,7.0],"to":[11.0,8.0,9.0],"rotation":{"origin":[2.0,30.0,7.0],"x":0.0,"y":0.0,"z":0.0},"faces":{"north":{"uv":[13.25,12.5,14.75,12.75],"texture":"#1"},"east":{"uv":[6.25,14.0,6.75,14.25],"texture":"#1"},"south":{"uv":[13.25,12.75,14.75,13.0],"texture":"#1"},"west":{"uv":[6.75,14.0,7.25,14.25],"texture":"#1"},"up":{"uv":[8.25,12.5,6.75,12.0],"texture":"#1"},"down":{"uv":[8.25,12.5,6.75,13.0],"texture":"#1"}}},{"from":[7.0,-2.0,7.0],"to":[9.0,0.0,9.0],"rotation":{"origin":[2.0,29.0,7.0],"x":0.0,"y":0.0,"z":0.0},"faces":{"north":{"uv":[10.25,13.75,10.75,14.25],"texture":"#1"},"east":{"uv":[10.75,13.75,11.25,14.25],"texture":"#1"},"south":{"uv":[13.75,13.5,14.25,14.0],"texture":"#1"},"west":{"uv":[4.75,14.0,5.25,14.5],"texture":"#1"},"up":{"uv":[5.75,14.5,5.25,14.0],"texture":"#1"},"down":{"uv":[6.25,14.0,5.75,14.5],"texture":"#1"}}},{"from":[10.0,1.0,7.0],"to":[11.0,7.0,9.0],"rotation":{"origin":[2.0,25.0,7.0],"x":0.0,"y":0.0,"z":0.0},"faces":{"north":{"uv":[13.25,13.5,13.5,15.0],"texture":"#1"},"east":{"uv":[11.25,12.5,11.75,14.0],"texture":"#1"},"south":{"uv":[13.5,13.5,13.75,15.0],"texture":"#1"},"west":{"uv":[11.75,12.5,12.25,14.0],"texture":"#1"},"up":{"uv":[9.5,12.5,9.25,12.0],"texture":"#1"},"down":{"uv":[8.5,14.0,8.25,14.5],"texture":"#1"}}},{"from":[5.0,1.0,7.0],"to":[6.0,7.0,9.0],"rotation":{"origin":[-3.0,25.0,7.0],"x":0.0,"y":0.0,"z":0.0},"faces":{"north":{"uv":[9.75,13.75,10.0,15.25],"texture":"#1"},"east":{"uv":[12.25,12.5,12.75,14.0],"texture":"#1"},"south":{"uv":[10.0,13.75,10.25,15.25],"texture":"#1"},"west":{"uv":[12.75,12.5,13.25,14.0],"texture":"#1"},"up":{"uv":[8.75,14.5,8.5,14.0],"texture":"#1"},"down":{"uv":[9.0,14.0,8.75,14.5],"texture":"#1"}}},{"from":[6.5,2.0,6.5],"to":[9.5,6.0,9.5],"rotation":{"origin":[2.5,24.0,6.5],"x":0.0,"y":0.0,"z":0.0},"faces":{"north":{"uv":[6.75,13.0,7.5,14.0],"texture":"#1"},"east":{"uv":[7.5,13.0,8.25,14.0],"texture":"#1"},"south":{"uv":[8.25,13.0,9.0,14.0],"texture":"#1"},"west":{"uv":[9.0,13.0,9.75,14.0],"texture":"#1"},"up":{"uv":[10.5,13.75,9.75,13.0],"texture":"#1"},"down":{"uv":[11.25,13.0,10.5,13.75],"texture":"#1"}}},{"from":[7.5,5.0,7.5],"to":[8.5,7.0,8.5],"rotation":{"origin":[1.5,36.0,7.5],"x":0.0,"y":0.0,"z":0.0},"faces":{"north":{"uv":[9.0,14.0,9.25,14.5],"texture":"#1"},"east":{"uv":[9.25,14.0,9.5,14.5],"texture":"#1"},"south":{"uv":[9.5,14.0,9.75,14.5],"texture":"#1"},"west":{"uv":[11.25,14.0,11.5,14.5],"texture":"#1"},"up":{"uv":[11.75,14.25,11.5,14.0],"texture":"#1"},"down":{"uv":[12.0,14.0,11.75,14.25],"texture":"#1"}}},{"from":[17.5,8.5,17.5],"to":[-1.5,-1.5,-1.5],"rotation":{"origin":[4.5,9.5,4.5],"x":0.0,"y":0.0,"z":0.0},"faces":{"north":{"uv":[9.5,5.0,14.25,7.5],"texture":"#1","tintindex":0},"east":{"uv":[9.5,7.5,14.25,10.0],"texture":"#1","tintindex":0},"south":{"uv":[9.5,10.0,14.25,12.5],"texture":"#1","tintindex":0},"west":{"uv":[0.0,12.0,4.75,14.5],"texture":"#1","tintindex":0},"up":{"uv":[9.5,4.75,4.75,0.0],"texture":"#1"},"down":{"uv":[9.5,4.75,4.75,9.5],"texture":"#1"}}}],"textures":{"1":"workshop_six:ea545b00-759f-446f-8f61-d72dfc1baf4a","particle":"workshop_six:ea545b00-759f-446f-8f61-d72dfc1baf4a"},"gui_light":"front"}