{"display":{"thirdperson_righthand":{"rotation":[49.0,0.0,0.0],"translation":[-1.0,0.0,-0.5],"scale":[0.11,0.11,0.11]},"thirdperson_lefthand":{"rotation":[49.0,0.0,0.0],"translation":[-1.0,0.0,-0.5],"scale":[0.11,0.11,0.11]},"firstperson_righthand":{"translation":[0.0,4.75,1.5],"scale":[0.21,0.21,0.21]},"firstperson_lefthand":{"translation":[0.0,4.75,1.5],"scale":[0.21,0.21,0.21]},"ground":{"translation":[0.0,2.75,0.0],"scale":[0.19,0.19,0.19]},"gui":{"rotation":[11.75,0.0,0.0],"translation":[0.0,0.25,0.0],"scale":[0.29,0.29,0.29]},"head":{"scale":[0.0,0.0,0.0]},"fixed":{"rotation":[-90.0,0.0,0.0],"translation":[0.0,0.0,-48.0],"scale":[2.0,2.0,2.0]}},"elements":[{"from":[-13.0,30.0,8.0],"to":[29.0,31.0,8.0],"rotation":{"origin":[27.0,29.0,8.0],"x":0.0,"y":0.0,"z":0.0},"faces":{"north":{"uv":[3.0,0.0,8.25,0.125],"texture":"#8"},"east":{"uv":[0.0,0.0,0.0,0.125],"texture":"#8"},"south":{"uv":[3.0,0.0,8.25,0.125],"texture":"#8"},"west":{"uv":[0.0,0.0,0.0,0.125],"texture":"#8"},"up":{"uv":[5.25,0.0,0.0,0.0],"texture":"#8"},"down":{"uv":[5.25,0.0,0.0,0.0],"texture":"#8"}}},{"from":[28.5,-14.0,6.5],"to":[31.5,32.0,9.5],"rotation":{"origin":[22.5,0.0,-0.5],"x":0.0,"y":0.0,"z":0.0},"faces":{"north":{"uv":[1.5,0.0,1.875,5.75],"texture":"#8"},"east":{"uv":[1.875,0.0,2.25,5.75],"texture":"#8"},"south":{"uv":[2.25,0.0,2.625,5.75],"texture":"#8"},"west":{"uv":[2.625,0.0,3.0,5.75],"texture":"#8"},"up":{"uv":[5.375,5.375,5.0,5.0],"texture":"#8"},"down":{"uv":[3.375,5.125,3.0,5.5],"texture":"#8"}}},{"from":[28.0,-16.0,6.0],"to":[32.0,-14.0,10.0],"rotation":{"origin":[23.0,-6.0,0.0],"x":0.0,"y":0.0,"z":0.0},"faces":{"north":{"uv":[5.25,4.25,5.75,4.5],"texture":"#8"},"east":{"uv":[5.25,4.5,5.75,4.75],"texture":"#8"},"south":{"uv":[5.25,4.75,5.75,5.0],"texture":"#8"},"west":{"uv":[5.375,2.0,5.875,2.25],"texture":"#8"},"up":{"uv":[4.0,5.125,3.5,4.625],"texture":"#8"},"down":{"uv":[5.125,3.75,4.625,4.25],"texture":"#8"}}},{"from":[28.4,12.0,6.4],"to":[31.6,20.0,9.6],"rotation":{"origin":[22.5,-6.0,-0.5],"x":0.0,"y":0.0,"z":0.0},"faces":{"north":{"uv":[4.25,4.25,4.625,5.25],"texture":"#8"},"east":{"uv":[4.625,0.25,5.0,1.25],"texture":"#8"},"south":{"uv":[4.625,1.25,5.0,2.25],"texture":"#8"},"west":{"uv":[4.625,2.25,5.0,3.25],"texture":"#8"},"up":{"uv":[5.5,3.5,5.125,3.125],"texture":"#8"},"down":{"uv":[3.75,5.125,3.375,5.5],"texture":"#8"}}},{"from":[-15.5,-14.0,6.5],"to":[-12.5,32.0,9.5],"rotation":{"origin":[-6.5,0.0,-0.5],"x":0.0,"y":0.0,"z":0.0},"faces":{"north":{"uv":[1.875,0.0,1.5,5.75],"texture":"#8"},"east":{"uv":[3.0,0.0,2.625,5.75],"texture":"#8"},"south":{"uv":[2.625,0.0,2.25,5.75],"texture":"#8"},"west":{"uv":[2.25,0.0,1.875,5.75],"texture":"#8"},"up":{"uv":[5.0,5.375,5.375,5.0],"texture":"#8"},"down":{"uv":[3.0,5.125,3.375,5.5],"texture":"#8"}}},{"from":[-15.6,12.0,6.4],"to":[-12.4,20.0,9.6],"rotation":{"origin":[-6.5,-6.0,-0.5],"x":0.0,"y":0.0,"z":0.0},"faces":{"north":{"uv":[4.625,4.25,4.25,5.25],"texture":"#8"},"east":{"uv":[5.0,2.25,4.625,3.25],"texture":"#8"},"south":{"uv":[5.0,1.25,4.625,2.25],"texture":"#8"},"west":{"uv":[5.0,0.25,4.625,1.25],"texture":"#8"},"up":{"uv":[5.125,3.5,5.5,3.125],"texture":"#8"},"down":{"uv":[3.375,5.125,3.75,5.5],"texture":"#8"}}},{"from":[-16.0,-16.0,6.0],"to":[-12.0,-14.0,10.0],"rotation":{"origin":[-7.0,-6.0,0.0],"x":0.0,"y":0.0,"z":0.0},"faces":{"north":{"uv":[5.75,4.25,5.25,4.5],"texture":"#8"},"east":{"uv":[5.875,2.0,5.375,2.25],"texture":"#8"},"south":{"uv":[5.75,4.75,5.25,5.0],"texture":"#8"},"west":{"uv":[5.75,4.5,5.25,4.75],"texture":"#8"},"up":{"uv":[3.5,5.125,4.0,4.625],"texture":"#8"},"down":{"uv":[4.625,3.75,5.125,4.25],"texture":"#8"}}},{"from":[21.5,29.75,7.5],"to":[26.5,31.25,8.5],"rotation":{"origin":[24.5,29.0,8.0],"x":0.0,"y":0.0,"z":0.0},"faces":{"north":{"uv":[4.625,4.25,5.25,4.5],"texture":"#8"},"east":{"uv":[4.0,4.625,4.125,4.875],"texture":"#8"},"south":{"uv":[4.625,4.5,5.25,4.75],"texture":"#8"},"west":{"uv":[4.125,4.625,4.25,4.875],"texture":"#8"},"up":{"uv":[6.0,2.375,5.375,2.25],"texture":"#8"},"down":{"uv":[6.0,2.375,5.375,2.5],"texture":"#8"}}},{"from":[21.5,23.25,8.0],"to":[26.5,29.75,8.0],"rotation":{"origin":[24.5,27.5,8.0],"x":0.0,"y":0.0,"z":0.0},"faces":{"north":{"uv":[3.0,0.25,3.625,1.125],"texture":"#8"},"east":{"uv":[0.0,0.0,0.0,0.875],"texture":"#8"},"south":{"uv":[3.0,1.125,3.625,2.0],"texture":"#8"},"west":{"uv":[0.0,0.0,0.0,0.875],"texture":"#8"},"up":{"uv":[0.625,0.0,0.0,0.0],"texture":"#8"},"down":{"uv":[0.625,0.0,0.0,0.0],"texture":"#8"}}},{"from":[13.5,23.25,8.0],"to":[18.5,29.75,8.0],"rotation":{"origin":[16.5,27.5,8.0],"x":0.0,"y":0.0,"z":0.0},"faces":{"north":{"uv":[3.0,2.0,3.625,2.875],"texture":"#8"},"east":{"uv":[0.0,0.0,0.0,0.875],"texture":"#8"},"south":{"uv":[3.0,2.875,3.625,3.75],"texture":"#8"},"west":{"uv":[0.0,0.0,0.0,0.875],"texture":"#8"},"up":{"uv":[0.625,0.0,0.0,0.0],"texture":"#8"},"down":{"uv":[0.625,0.0,0.0,0.0],"texture":"#8"}}},{"from":[13.5,29.75,7.5],"to":[18.5,31.25,8.5],"rotation":{"origin":[16.5,29.0,8.0],"x":0.0,"y":0.0,"z":0.0},"faces":{"north":{"uv":[4.625,4.75,5.25,5.0],"texture":"#8"},"east":{"uv":[4.0,4.875,4.125,5.125],"texture":"#8"},"south":{"uv":[5.0,0.25,5.625,0.5],"texture":"#8"},"west":{"uv":[4.125,4.875,4.25,5.125],"texture":"#8"},"up":{"uv":[6.0,2.625,5.375,2.5],"texture":"#8"},"down":{"uv":[6.0,2.625,5.375,2.75],"texture":"#8"}}},{"from":[5.5,23.25,8.0],"to":[10.5,29.75,8.0],"rotation":{"origin":[8.5,27.5,8.0],"x":0.0,"y":0.0,"z":0.0},"faces":{"north":{"uv":[3.625,0.25,4.25,1.125],"texture":"#8"},"east":{"uv":[0.0,0.0,0.0,0.875],"texture":"#8"},"south":{"uv":[3.625,1.125,4.25,2.0],"texture":"#8"},"west":{"uv":[0.0,0.0,0.0,0.875],"texture":"#8"},"up":{"uv":[0.625,0.0,0.0,0.0],"texture":"#8"},"down":{"uv":[0.625,0.0,0.0,0.0],"texture":"#8"}}},{"from":[5.5,29.75,7.5],"to":[10.5,31.25,8.5],"rotation":{"origin":[8.5,29.0,8.0],"x":0.0,"y":0.0,"z":0.0},"faces":{"north":{"uv":[5.0,0.5,5.625,0.75],"texture":"#8"},"east":{"uv":[5.375,5.0,5.5,5.25],"texture":"#8"},"south":{"uv":[5.0,0.75,5.625,1.0],"texture":"#8"},"west":{"uv":[3.0,5.5,3.125,5.75],"texture":"#8"},"up":{"uv":[6.0,2.875,5.375,2.75],"texture":"#8"},"down":{"uv":[6.0,2.875,5.375,3.0],"texture":"#8"}}},{"from":[-2.5,29.75,7.5],"to":[2.5,31.25,8.5],"rotation":{"origin":[0.5,29.0,8.0],"x":0.0,"y":0.0,"z":0.0},"faces":{"north":{"uv":[5.0,1.0,5.625,1.25],"texture":"#8"},"east":{"uv":[3.125,5.5,3.25,5.75],"texture":"#8"},"south":{"uv":[5.0,1.25,5.625,1.5],"texture":"#8"},"west":{"uv":[5.5,3.125,5.625,3.375],"texture":"#8"},"up":{"uv":[6.0,3.125,5.375,3.0],"texture":"#8"},"down":{"uv":[4.375,5.375,3.75,5.5],"texture":"#8"}}},{"from":[-2.5,23.25,8.0],"to":[2.5,29.75,8.0],"rotation":{"origin":[0.5,27.5,8.0],"x":0.0,"y":0.0,"z":0.0},"faces":{"north":{"uv":[3.625,2.0,4.25,2.875],"texture":"#8"},"east":{"uv":[0.0,0.0,0.0,0.875],"texture":"#8"},"south":{"uv":[3.625,2.875,4.25,3.75],"texture":"#8"},"west":{"uv":[0.0,0.0,0.0,0.875],"texture":"#8"},"up":{"uv":[0.625,0.0,0.0,0.0],"texture":"#8"},"down":{"uv":[0.625,0.0,0.0,0.0],"texture":"#8"}}},{"from":[-10.5,29.75,7.5],"to":[-5.5,31.25,8.5],"rotation":{"origin":[-7.5,29.0,8.0],"x":0.0,"y":0.0,"z":0.0},"faces":{"north":{"uv":[5.0,1.5,5.625,1.75],"texture":"#8"},"east":{"uv":[3.25,5.5,3.375,5.75],"texture":"#8"},"south":{"uv":[5.0,1.75,5.625,2.0],"texture":"#8"},"west":{"uv":[3.375,5.5,3.5,5.75],"texture":"#8"},"up":{"uv":[5.0,5.5,4.375,5.375],"texture":"#8"},"down":{"uv":[5.625,5.375,5.0,5.5],"texture":"#8"}}},{"from":[-10.5,23.25,8.0],"to":[-5.5,29.75,8.0],"rotation":{"origin":[-7.5,27.5,8.0],"x":0.0,"y":0.0,"z":0.0},"faces":{"north":{"uv":[3.0,3.75,3.625,4.625],"texture":"#8"},"east":{"uv":[0.0,0.0,0.0,0.875],"texture":"#8"},"south":{"uv":[3.625,3.75,4.25,4.625],"texture":"#8"},"west":{"uv":[0.0,0.0,0.0,0.875],"texture":"#8"},"up":{"uv":[0.625,0.0,0.0,0.0],"texture":"#8"},"down":{"uv":[0.625,0.0,0.0,0.0],"texture":"#8"}}}],"textures":{"8":"workshop_six:cfb9006e-5fa6-40eb-b487-0ef6eec8196b","particle":"workshop_six:cfb9006e-5fa6-40eb-b487-0ef6eec8196b"},"gui_light":"front"}