{"display":{"thirdperson_righthand":{"rotation":[49.0,0.0,0.0],"translation":[-1.0,0.0,-0.5],"scale":[0.27,0.27,0.27]},"thirdperson_lefthand":{"rotation":[49.0,0.0,0.0],"translation":[-1.0,0.0,-0.5],"scale":[0.27,0.27,0.27]},"firstperson_righthand":{"translation":[0.0,4.75,1.5],"scale":[0.39,0.39,0.39]},"firstperson_lefthand":{"translation":[0.0,4.75,1.5],"scale":[0.39,0.39,0.39]},"ground":{"translation":[0.0,2.25,0.0],"scale":[0.4,0.4,0.4]},"gui":{"rotation":[11.75,0.0,0.0],"translation":[0.0,0.75,0.0],"scale":[0.69,0.69,0.69]},"head":{"scale":[0.0,0.0,0.0]},"fixed":{"rotation":[-90.0,0.0,0.0],"translation":[0.0,0.0,-16.0],"scale":[2.0,2.0,2.0]}},"elements":[{"from":[4.0,10.0,4.0],"to":[13.0,12.0,13.0],"rotation":{"origin":[0.0,1.0,0.0],"x":0.0,"y":0.0,"z":0.0},"faces":{"north":{"uv":[8.0,5.0,12.5,6.0],"texture":"#1"},"east":{"uv":[8.0,6.0,12.5,7.0],"texture":"#1"},"south":{"uv":[9.0,10.0,13.5,11.0],"texture":"#1"},"west":{"uv":[10.5,0.0,15.0,1.0],"texture":"#1"},"up":{"uv":[4.5,4.5,0.0,0.0],"texture":"#1"},"down":{"uv":[4.5,4.5,0.0,9.0],"texture":"#1"}}},{"from":[11.0,4.0,-1.0],"to":[18.0,5.0,6.0],"rotation":{"origin":[14.5,4.5,-0.5],"x":0.0,"y":-22.5,"z":0.0},"faces":{"north":{"uv":[10.5,1.0,14.0,1.5],"texture":"#1"},"east":{"uv":[10.5,1.5,14.0,2.0],"texture":"#1"},"south":{"uv":[10.5,2.0,14.0,2.5],"texture":"#1"},"west":{"uv":[10.5,2.5,14.0,3.0],"texture":"#1"},"up":{"uv":[8.0,3.5,4.5,0.0],"texture":"#1"},"down":{"uv":[8.0,3.5,4.5,7.0],"texture":"#1"}}},{"from":[14.0,6.0,10.0],"to":[19.0,7.0,15.0],"rotation":{"origin":[18.5,2.5,9.5],"x":0.0,"y":-22.5,"z":0.0},"faces":{"north":{"uv":[11.5,7.0,14.0,7.5],"texture":"#1"},"east":{"uv":[11.5,7.5,14.0,8.0],"texture":"#1"},"south":{"uv":[11.5,8.0,14.0,8.5],"texture":"#1"},"west":{"uv":[11.5,8.5,14.0,9.0],"texture":"#1"},"up":{"uv":[10.5,2.5,8.0,0.0],"texture":"#1"},"down":{"uv":[10.5,2.5,8.0,5.0],"texture":"#1"}}},{"from":[-2.0,6.0,5.0],"to":[4.0,7.0,11.0],"rotation":{"origin":[1.0,6.5,8.0],"x":0.0,"y":-22.5,"z":0.0},"faces":{"north":{"uv":[10.5,3.0,13.5,3.5],"texture":"#1"},"east":{"uv":[10.5,3.5,13.5,4.0],"texture":"#1"},"south":{"uv":[10.5,4.0,13.5,4.5],"texture":"#1"},"west":{"uv":[10.5,4.5,13.5,5.0],"texture":"#1"},"up":{"uv":[7.5,10.0,4.5,7.0],"texture":"#1"},"down":{"uv":[10.5,7.0,7.5,10.0],"texture":"#1"}}},{"from":[4.0,4.0,8.0],"to":[9.0,5.0,13.0],"rotation":{"origin":[-6.5,11.5,14.5],"x":0.0,"y":-22.5,"z":0.0},"faces":{"north":{"uv":[11.5,9.0,14.0,9.5],"texture":"#1"},"east":{"uv":[11.5,9.5,14.0,10.0],"texture":"#1"},"south":{"uv":[11.5,11.0,14.0,11.5],"texture":"#1"},"west":{"uv":[11.5,11.5,14.0,12.0],"texture":"#1"},"up":{"uv":[2.5,11.5,0.0,9.0],"texture":"#1"},"down":{"uv":[5.0,10.0,2.5,12.5],"texture":"#1"}}},{"from":[7.5,0.0,7.5],"to":[9.5,11.0,9.5],"faces":{"north":{"uv":[5.0,10.0,6.0,15.5],"texture":"#1"},"east":{"uv":[6.0,10.0,7.0,15.5],"texture":"#1"},"south":{"uv":[7.0,10.0,8.0,15.5],"texture":"#1"},"west":{"uv":[8.0,10.0,9.0,15.5],"texture":"#1"},"up":{"uv":[3.5,10.0,2.5,9.0],"texture":"#1"},"down":{"uv":[4.5,9.0,3.5,10.0],"texture":"#1"}}},{"from":[14.0,0.0,2.0],"to":[15.0,4.0,3.0],"rotation":{"origin":[14.5,3.5,-0.5],"x":0.0,"y":-22.5,"z":0.0},"faces":{"north":{"uv":[0.5,11.5,1.0,13.5],"texture":"#1"},"east":{"uv":[1.0,11.5,1.5,13.5],"texture":"#1"},"south":{"uv":[1.5,11.5,2.0,13.5],"texture":"#1"},"west":{"uv":[2.0,11.5,2.5,13.5],"texture":"#1"},"up":{"uv":[4.0,13.0,3.5,12.5],"texture":"#1"},"down":{"uv":[4.5,12.5,4.0,13.0],"texture":"#1"}}},{"from":[16.0,0.0,12.0],"to":[17.0,6.0,13.0],"rotation":{"origin":[18.5,1.5,9.5],"x":0.0,"y":-22.5,"z":0.0},"faces":{"north":{"uv":[10.5,7.0,11.0,10.0],"texture":"#1"},"east":{"uv":[11.0,7.0,11.5,10.0],"texture":"#1"},"south":{"uv":[9.0,11.0,9.5,14.0],"texture":"#1"},"west":{"uv":[9.5,11.0,10.0,14.0],"texture":"#1"},"up":{"uv":[5.0,13.0,4.5,12.5],"texture":"#1"},"down":{"uv":[13.0,5.0,12.5,5.5],"texture":"#1"}}},{"from":[0.5,0.0,7.5],"to":[1.5,6.0,8.5],"rotation":{"origin":[1.0,5.5,8.0],"x":0.0,"y":-22.5,"z":0.0},"faces":{"north":{"uv":[10.0,11.0,10.5,14.0],"texture":"#1"},"east":{"uv":[10.5,11.0,11.0,14.0],"texture":"#1"},"south":{"uv":[11.0,11.0,11.5,14.0],"texture":"#1"},"west":{"uv":[0.0,11.5,0.5,14.5],"texture":"#1"},"up":{"uv":[13.0,6.0,12.5,5.5],"texture":"#1"},"down":{"uv":[13.0,6.0,12.5,6.5],"texture":"#1"}}},{"from":[6.0,0.0,10.0],"to":[7.0,4.0,11.0],"rotation":{"origin":[-6.5,10.5,14.5],"x":0.0,"y":-22.5,"z":0.0},"faces":{"north":{"uv":[11.5,12.0,12.0,14.0],"texture":"#1"},"east":{"uv":[12.0,12.0,12.5,14.0],"texture":"#1"},"south":{"uv":[2.5,12.5,3.0,14.5],"texture":"#1"},"west":{"uv":[3.0,12.5,3.5,14.5],"texture":"#1"},"up":{"uv":[13.0,7.0,12.5,6.5],"texture":"#1"},"down":{"uv":[13.0,12.0,12.5,12.5],"texture":"#1"}}}],"textures":{"1":"workshop_six:7a51139c-eab3-4505-811d-20c77334aa2b","particle":"workshop_six:7a51139c-eab3-4505-811d-20c77334aa2b"},"gui_light":"front"}