{"display":{"thirdperson_righthand":{"rotation":[49.0,0.0,0.0],"translation":[1.0,0.0,-0.5],"scale":[0.27,0.27,0.27]},"thirdperson_lefthand":{"rotation":[49.0,0.0,0.0],"translation":[-2.0,0.0,-0.5],"scale":[0.27,0.27,0.27]},"firstperson_righthand":{"translation":[1.25,4.75,2.5],"scale":[0.23,0.23,0.23]},"firstperson_lefthand":{"translation":[-1.75,4.75,2.5],"scale":[0.23,0.23,0.23]},"ground":{"translation":[3.25,2.25,0.0],"scale":[0.4,0.4,0.4]},"gui":{"rotation":[11.75,180.0,0.0],"translation":[-3.0,-2.5,0.0],"scale":[0.41,0.41,0.41]},"head":{"scale":[0.0,0.0,0.0]},"fixed":{"rotation":[-90.0,0.0,0.0],"translation":[0.0,0.0,-22.0],"scale":[2.0,2.0,2.0]}},"elements":[{"from":[-15.75,-3.0,-1.25],"to":[-13.75,32.0,0.75],"rotation":{"origin":[0.25,12.51903,7.0],"x":0.0,"y":0.0,"z":0.0},"faces":{"north":{"uv":[8.125,10.375,8.375,14.75],"texture":"#3"},"east":{"uv":[7.875,10.25,8.125,14.625],"texture":"#3"},"south":{"uv":[10.0,10.25,10.25,14.625],"texture":"#3"},"west":{"uv":[10.25,10.25,10.5,14.625],"texture":"#3"},"up":{"uv":[12.0,8.25,11.75,8.0],"texture":"#3","rotation":90},"down":{"uv":[10.75,11.75,10.5,12.0],"texture":"#3","rotation":270}}},{"from":[-14.25,-1.0,0.25],"to":[14.75,5.0,15.25],"rotation":{"origin":[0.25,12.51903,7.0],"x":0.0,"y":0.0,"z":0.0},"faces":{"north":{"uv":[0.0,7.25,3.625,8.0],"texture":"#3"},"east":{"uv":[4.0,9.375,5.875,10.125],"texture":"#3"},"south":{"uv":[5.875,7.125,9.5,7.875],"texture":"#3"},"west":{"uv":[9.5,7.0,11.375,7.75],"texture":"#3"},"up":{"uv":[1.875,3.625,0.0,0.0],"texture":"#3","rotation":90},"down":{"uv":[3.75,0.0,1.875,3.625],"texture":"#3","rotation":270}}},{"from":[-15.25,-2.0,-0.75],"to":[-14.25,11.0,16.25],"rotation":{"origin":[0.25,12.51903,7.0],"x":0.0,"y":0.0,"z":0.0},"faces":{"north":{"uv":[5.25,11.375,5.375,13.0],"texture":"#3"},"east":{"uv":[5.75,2.25,7.875,3.875],"texture":"#3"},"south":{"uv":[5.125,11.375,5.25,13.0],"texture":"#3"},"west":{"uv":[5.75,3.875,7.875,5.5],"texture":"#3"},"up":{"uv":[5.75,8.875,3.625,8.75],"texture":"#3","rotation":90},"down":{"uv":[12.125,5.25,10.0,5.375],"texture":"#3","rotation":270}}},{"from":[14.75,-2.0,-0.75],"to":[15.75,6.0,16.25],"rotation":{"origin":[0.25,12.51903,7.0],"x":0.0,"y":0.0,"z":0.0},"faces":{"north":{"uv":[4.75,11.625,4.875,12.625],"texture":"#3"},"east":{"uv":[7.875,1.5,10.0,2.5],"texture":"#3"},"south":{"uv":[3.625,7.25,3.75,8.25],"texture":"#3"},"west":{"uv":[7.875,2.5,10.0,3.5],"texture":"#3"},"up":{"uv":[12.125,5.5,10.0,5.375],"texture":"#3","rotation":90},"down":{"uv":[13.375,9.5,11.25,9.625],"texture":"#3","rotation":270}}},{"from":[-14.25,-2.0,-0.75],"to":[14.75,2.0,0.25],"rotation":{"origin":[0.25,12.51903,7.0],"x":0.0,"y":0.0,"z":0.0},"faces":{"north":{"uv":[5.875,7.875,9.5,8.375],"texture":"#3"},"east":{"uv":[7.75,1.5,7.875,2.0],"texture":"#3"},"south":{"uv":[7.875,5.5,11.5,6.0],"texture":"#3"},"west":{"uv":[3.625,8.25,3.75,8.75],"texture":"#3"},"up":{"uv":[10.0,14.0,9.875,10.375],"texture":"#3","rotation":90},"down":{"uv":[7.75,10.875,7.625,14.5],"texture":"#3","rotation":270}}},{"from":[-3.25,0.5,0.0],"to":[14.75,5.5,15.5],"rotation":{"origin":[0.25,12.51903,7.0],"x":0.0,"y":0.0,"z":0.0},"faces":{"north":{"uv":[5.875,9.625,8.125,10.25],"texture":"#3","tintindex":0},"east":{"uv":[10.0,2.75,12.0,3.375],"texture":"#3","tintindex":0},"south":{"uv":[9.5,7.75,11.75,8.375],"texture":"#3","tintindex":0},"west":{"uv":[10.0,3.375,12.0,4.0],"texture":"#3","tintindex":0},"up":{"uv":[5.75,2.25,3.75,0.0],"texture":"#3","rotation":90,"tintindex":0},"down":{"uv":[5.75,2.25,3.75,4.5],"texture":"#3","rotation":270,"tintindex":0}}},{"from":[-8.25,0.0,-0.25],"to":[-3.25,6.0,15.75],"rotation":{"origin":[0.25,12.51903,7.0],"x":0.0,"y":0.0,"z":0.0},"faces":{"north":{"uv":[11.125,10.875,11.75,11.625],"texture":"#3","tintindex":0},"east":{"uv":[7.25,8.875,9.25,9.625],"texture":"#3","tintindex":0},"south":{"uv":[10.5,10.875,11.125,11.625],"texture":"#3","tintindex":0},"west":{"uv":[0.0,9.0,2.0,9.75],"texture":"#3","tintindex":0},"up":{"uv":[12.0,4.625,10.0,4.0],"texture":"#3","rotation":90,"tintindex":0},"down":{"uv":[12.0,4.625,10.0,5.25],"texture":"#3","rotation":270,"tintindex":0}}},{"from":[-10.18855,-0.36657,2.25],"to":[-5.18855,2.63343,13.25],"rotation":{"origin":[0.25,12.51903,7.0],"x":0.0,"y":0.0,"z":-22.5},"faces":{"north":{"uv":[11.5,6.0,12.125,6.375],"texture":"#3"},"east":{"uv":[3.75,6.75,5.125,7.125],"texture":"#3"},"south":{"uv":[5.125,6.75,5.75,7.125],"texture":"#3"},"west":{"uv":[2.0,9.0,3.375,9.375],"texture":"#3"},"up":{"uv":[11.875,10.875,10.5,10.25],"texture":"#3","rotation":90},"down":{"uv":[2.875,10.75,1.5,11.375],"texture":"#3","rotation":270}}},{"from":[-15.75,-3.0,14.75],"to":[-13.75,32.0,16.75],"rotation":{"origin":[0.25,12.51903,7.0],"x":0.0,"y":0.0,"z":0.0},"faces":{"north":{"uv":[9.125,10.375,9.375,14.75],"texture":"#3"},"east":{"uv":[8.375,10.375,8.625,14.75],"texture":"#3"},"south":{"uv":[8.625,10.375,8.875,14.75],"texture":"#3"},"west":{"uv":[8.875,10.375,9.125,14.75],"texture":"#3"},"up":{"uv":[11.0,12.0,10.75,11.75],"texture":"#3","rotation":90},"down":{"uv":[12.0,10.875,11.75,11.125],"texture":"#3","rotation":270}}},{"from":[14.25,-3.0,-1.25],"to":[16.25,27.0,0.75],"rotation":{"origin":[0.25,12.51903,7.0],"x":0.0,"y":0.0,"z":0.0},"faces":{"north":{"uv":[0.25,10.5,0.5,14.25],"texture":"#3"},"east":{"uv":[9.375,10.375,9.625,14.125],"texture":"#3"},"south":{"uv":[9.625,10.375,9.875,14.125],"texture":"#3"},"west":{"uv":[0.0,10.5,0.25,14.25],"texture":"#3"},"up":{"uv":[11.25,12.0,11.0,11.75],"texture":"#3","rotation":90},"down":{"uv":[12.0,11.125,11.75,11.375],"texture":"#3","rotation":270}}},{"from":[-14.25,-2.0,15.25],"to":[14.75,2.0,16.25],"rotation":{"origin":[0.25,12.51903,7.0],"x":0.0,"y":0.0,"z":0.0},"faces":{"north":{"uv":[7.875,6.5,11.5,7.0],"texture":"#3"},"east":{"uv":[11.25,11.75,11.375,12.25],"texture":"#3"},"south":{"uv":[7.875,6.0,11.5,6.5],"texture":"#3"},"west":{"uv":[11.375,11.75,11.5,12.25],"texture":"#3"},"up":{"uv":[7.875,14.5,7.75,10.875],"texture":"#3","rotation":90},"down":{"uv":[1.625,11.375,1.5,15.0],"texture":"#3","rotation":270}}},{"from":[14.25,-3.0,14.75],"to":[16.25,27.0,16.75],"rotation":{"origin":[0.25,12.51903,7.0],"x":0.0,"y":0.0,"z":0.0},"faces":{"north":{"uv":[1.25,10.5,1.5,14.25],"texture":"#3"},"east":{"uv":[0.5,10.5,0.75,14.25],"texture":"#3"},"south":{"uv":[0.75,10.5,1.0,14.25],"texture":"#3"},"west":{"uv":[1.0,10.5,1.25,14.25],"texture":"#3"},"up":{"uv":[12.0,11.625,11.75,11.375],"texture":"#3","rotation":90},"down":{"uv":[11.75,11.75,11.5,12.0],"texture":"#3","rotation":270}}},{"from":[-14.25,19.0,0.25],"to":[14.75,25.0,15.25],"rotation":{"origin":[0.25,12.51903,7.0],"x":0.0,"y":0.0,"z":0.0},"faces":{"north":{"uv":[7.75,0.75,11.375,1.5],"texture":"#3"},"east":{"uv":[8.125,9.625,10.0,10.375],"texture":"#3"},"south":{"uv":[7.75,0.0,11.375,0.75],"texture":"#3"},"west":{"uv":[0.0,9.75,1.875,10.5],"texture":"#3"},"up":{"uv":[1.875,7.25,0.0,3.625],"texture":"#3","rotation":90},"down":{"uv":[3.75,3.625,1.875,7.25],"texture":"#3","rotation":270}}},{"from":[-15.25,18.0,-0.75],"to":[-14.25,31.0,16.25],"rotation":{"origin":[0.25,12.51903,7.0],"x":0.0,"y":0.0,"z":0.0},"faces":{"north":{"uv":[5.5,11.375,5.625,13.0],"texture":"#3"},"east":{"uv":[5.75,5.5,7.875,7.125],"texture":"#3"},"south":{"uv":[5.375,11.375,5.5,13.0],"texture":"#3"},"west":{"uv":[3.75,7.125,5.875,8.75],"texture":"#3"},"up":{"uv":[13.5,0.875,11.375,0.75],"texture":"#3","rotation":90},"down":{"uv":[13.5,0.875,11.375,1.0],"texture":"#3","rotation":270}}},{"from":[14.75,18.0,-0.75],"to":[15.75,26.0,16.25],"rotation":{"origin":[0.25,12.51903,7.0],"x":0.0,"y":0.0,"z":0.0},"faces":{"north":{"uv":[5.0,11.625,5.125,12.625],"texture":"#3"},"east":{"uv":[7.875,3.5,10.0,4.5],"texture":"#3"},"south":{"uv":[4.875,11.625,5.0,12.625],"texture":"#3"},"west":{"uv":[7.875,4.5,10.0,5.5],"texture":"#3"},"up":{"uv":[13.5,1.125,11.375,1.0],"texture":"#3","rotation":90},"down":{"uv":[13.5,1.125,11.375,1.25],"texture":"#3","rotation":270}}},{"from":[-14.25,18.0,-0.75],"to":[14.75,22.0,0.25],"rotation":{"origin":[0.25,12.51903,7.0],"x":0.0,"y":0.0,"z":0.0},"faces":{"north":{"uv":[5.875,8.375,9.5,8.875],"texture":"#3"},"east":{"uv":[11.75,11.75,11.875,12.25],"texture":"#3"},"south":{"uv":[0.0,8.0,3.625,8.5],"texture":"#3"},"west":{"uv":[2.75,11.875,2.875,12.375],"texture":"#3"},"up":{"uv":[1.75,15.0,1.625,11.375],"texture":"#3","rotation":90},"down":{"uv":[1.875,11.375,1.75,15.0],"texture":"#3","rotation":270}}},{"from":[-3.25,20.5,0.0],"to":[14.75,25.5,15.5],"rotation":{"origin":[0.25,12.51903,7.0],"x":0.0,"y":0.0,"z":0.0},"faces":{"north":{"uv":[10.0,2.125,12.25,2.75],"texture":"#3","tintindex":0},"east":{"uv":[10.0,9.625,12.0,10.25],"texture":"#3","tintindex":0},"south":{"uv":[10.0,1.5,12.25,2.125],"texture":"#3","tintindex":0},"west":{"uv":[1.875,10.125,3.875,10.75],"texture":"#3","tintindex":0},"up":{"uv":[5.75,6.75,3.75,4.5],"texture":"#3","rotation":90,"tintindex":0},"down":{"uv":[7.75,0.0,5.75,2.25],"texture":"#3","rotation":270,"tintindex":0}}},{"from":[-8.25,20.0,-0.25],"to":[-3.25,26.0,15.75],"rotation":{"origin":[0.25,12.51903,7.0],"x":0.0,"y":0.0,"z":0.0},"faces":{"north":{"uv":[11.375,0.0,12.0,0.75],"texture":"#3","tintindex":0},"east":{"uv":[9.25,8.875,11.25,9.625],"texture":"#3","tintindex":0},"south":{"uv":[11.25,8.75,11.875,9.5],"texture":"#3","tintindex":0},"west":{"uv":[2.0,9.375,4.0,10.125],"texture":"#3","tintindex":0},"up":{"uv":[5.875,10.75,3.875,10.125],"texture":"#3","rotation":90,"tintindex":0},"down":{"uv":[7.875,10.25,5.875,10.875],"texture":"#3","rotation":270,"tintindex":0}}},{"from":[-15.75,18.11102,2.25],"to":[-10.75,21.11102,13.25],"rotation":{"origin":[0.25,12.51903,7.0],"x":0.0,"y":0.0,"z":-22.5},"faces":{"north":{"uv":[2.125,11.625,2.75,12.0],"texture":"#3"},"east":{"uv":[9.5,8.375,10.875,8.75],"texture":"#3"},"south":{"uv":[11.5,6.375,12.125,6.75],"texture":"#3"},"west":{"uv":[10.875,8.375,12.25,8.75],"texture":"#3"},"up":{"uv":[4.25,11.375,2.875,10.75],"texture":"#3","rotation":90},"down":{"uv":[5.625,10.75,4.25,11.375],"texture":"#3","rotation":270}}},{"from":[-14.25,18.0,15.25],"to":[14.75,22.0,16.25],"rotation":{"origin":[0.25,12.51903,7.0],"x":0.0,"y":0.0,"z":0.0},"faces":{"north":{"uv":[3.625,8.875,7.25,9.375],"texture":"#3"},"east":{"uv":[2.875,11.875,3.0,12.375],"texture":"#3"},"south":{"uv":[0.0,8.5,3.625,9.0],"texture":"#3"},"west":{"uv":[3.0,11.875,3.125,12.375],"texture":"#3"},"up":{"uv":[2.0,15.0,1.875,11.375],"texture":"#3","rotation":90},"down":{"uv":[2.125,11.375,2.0,15.0],"texture":"#3","rotation":270}}},{"from":[11.25,-3.0,-2.75],"to":[13.25,23.0,-0.75],"rotation":{"origin":[0.25,12.51903,7.0],"x":0.0,"y":0.0,"z":0.0},"faces":{"north":{"uv":[6.875,10.875,6.625,14.125],"texture":"#3"},"east":{"uv":[7.625,10.875,7.375,14.125],"texture":"#3"},"south":{"uv":[7.375,10.875,7.125,14.125],"texture":"#3"},"west":{"uv":[7.125,10.875,6.875,14.125],"texture":"#3"},"up":{"uv":[1.75,10.5,1.5,10.75],"texture":"#3","rotation":180},"down":{"uv":[12.0,8.0,11.75,7.75],"texture":"#3","rotation":180}}},{"from":[3.25,5.18725,-6.20075],"to":[11.25,6.18725,-4.40075],"rotation":{"origin":[0.25,12.51903,7.0],"x":-22.5,"y":0.0,"z":0.0},"faces":{"north":{"uv":[8.875,7.0,7.875,7.125],"texture":"#3"},"east":{"uv":[9.375,7.0,9.125,7.125],"texture":"#3"},"south":{"uv":[10.5,8.75,9.5,8.875],"texture":"#3"},"west":{"uv":[9.125,7.0,8.875,7.125],"texture":"#3"},"up":{"uv":[6.875,9.375,5.875,9.625],"texture":"#3","rotation":180},"down":{"uv":[12.375,1.5,11.375,1.25],"texture":"#3","rotation":180}}},{"from":[1.25,-3.0,-2.75],"to":[3.25,23.0,-0.75],"rotation":{"origin":[0.25,12.51903,7.0],"x":0.0,"y":0.0,"z":0.0},"faces":{"north":{"uv":[5.875,10.75,5.625,14.0],"texture":"#3"},"east":{"uv":[6.625,10.875,6.375,14.125],"texture":"#3"},"south":{"uv":[6.375,10.875,6.125,14.125],"texture":"#3"},"west":{"uv":[6.125,10.875,5.875,14.125],"texture":"#3"},"up":{"uv":[3.625,9.0,3.375,9.25],"texture":"#3","rotation":180},"down":{"uv":[7.125,9.625,6.875,9.375],"texture":"#3","rotation":180}}},{"from":[3.25,9.80665,-4.28733],"to":[11.25,10.80665,-2.48733],"rotation":{"origin":[0.25,12.51903,7.0],"x":-22.5,"y":0.0,"z":0.0},"faces":{"north":{"uv":[12.5,6.75,11.5,6.875],"texture":"#3"},"east":{"uv":[10.75,8.75,10.5,8.875],"texture":"#3"},"south":{"uv":[12.5,6.875,11.5,7.0],"texture":"#3"},"west":{"uv":[3.625,9.25,3.375,9.375],"texture":"#3"},"up":{"uv":[3.125,11.375,2.125,11.625],"texture":"#3","rotation":180},"down":{"uv":[4.125,11.625,3.125,11.375],"texture":"#3","rotation":180}}},{"from":[3.25,14.42605,-2.37391],"to":[11.25,15.42605,-0.57391],"rotation":{"origin":[0.25,12.51903,7.0],"x":-22.5,"y":0.0,"z":0.0},"faces":{"north":{"uv":[3.75,11.625,2.75,11.75],"texture":"#3"},"east":{"uv":[11.25,8.75,11.0,8.875],"texture":"#3"},"south":{"uv":[4.75,11.625,3.75,11.75],"texture":"#3"},"west":{"uv":[11.0,8.75,10.75,8.875],"texture":"#3"},"up":{"uv":[5.125,11.375,4.125,11.625],"texture":"#3","rotation":180},"down":{"uv":[12.375,7.25,11.375,7.0],"texture":"#3","rotation":180}}},{"from":[3.25,19.04545,-0.46049],"to":[11.25,20.04545,1.33951],"rotation":{"origin":[0.25,12.51903,7.0],"x":-22.5,"y":0.0,"z":0.0},"faces":{"north":{"uv":[11.5,11.625,10.5,11.75],"texture":"#3"},"east":{"uv":[3.375,11.875,3.125,12.0],"texture":"#3"},"south":{"uv":[12.5,11.625,11.5,11.75],"texture":"#3"},"west":{"uv":[12.0,8.25,11.75,8.375],"texture":"#3"},"up":{"uv":[12.375,7.25,11.375,7.5],"texture":"#3","rotation":180},"down":{"uv":[12.375,7.75,11.375,7.5],"texture":"#3","rotation":180}}},{"from":[3.25,23.66484,1.45292],"to":[11.25,24.66484,3.25292],"rotation":{"origin":[0.25,12.51903,7.0],"x":-22.5,"y":0.0,"z":0.0},"faces":{"north":{"uv":[3.75,11.75,2.75,11.875],"texture":"#3"},"east":{"uv":[3.875,11.875,3.625,12.0],"texture":"#3"},"south":{"uv":[4.75,11.75,3.75,11.875],"texture":"#3"},"west":{"uv":[3.625,11.875,3.375,12.0],"texture":"#3"},"up":{"uv":[12.5,5.5,11.5,5.75],"texture":"#3","rotation":180},"down":{"uv":[12.5,6.0,11.5,5.75],"texture":"#3","rotation":180}}}],"textures":{"3":"workshop_six:04b8b212-7fa8-4d1c-b82d-690892999b25","particle":"workshop_six:04b8b212-7fa8-4d1c-b82d-690892999b25"},"gui_light":"front"}