{"display":{"thirdperson_righthand":{"rotation":[49.0,0.0,0.0],"translation":[-0.5,2.0,-1.0],"scale":[0.37,0.37,0.37]},"thirdperson_lefthand":{"rotation":[49.0,0.0,0.0],"translation":[-0.5,2.0,-1.75],"scale":[0.37,0.37,0.37]},"firstperson_righthand":{"translation":[0.0,4.75,1.5],"scale":[0.39,0.39,0.39]},"firstperson_lefthand":{"translation":[0.0,4.75,1.5],"scale":[0.39,0.39,0.39]},"ground":{"translation":[0.0,2.25,0.0],"scale":[0.4,0.4,0.4]},"gui":{"rotation":[31.0,160.0,0.0],"translation":[0.0,2.25,0.0],"scale":[0.7,0.7,0.7]},"head":{"scale":[0.0,0.0,0.0]},"fixed":{"translation":[0.0,0.0,-16.0],"scale":[2.0,2.0,2.0]}},"elements":[{"from":[0.0,1.0,0.0],"to":[16.0,3.0,2.0],"faces":{"north":{"uv":[2.0,4.0,6.0,4.5],"texture":"#2"},"east":{"uv":[7.5,7.5,8.0,8.0],"texture":"#2"},"south":{"uv":[4.0,2.0,8.0,2.5],"texture":"#2"},"west":{"uv":[8.0,2.0,8.5,2.5],"texture":"#2"},"up":{"uv":[8.0,3.0,4.0,2.5],"texture":"#2"},"down":{"uv":[8.0,3.0,4.0,3.5],"texture":"#2"}}},{"from":[14.0,1.0,2.0],"to":[16.0,3.0,14.0],"rotation":{"origin":[-0.5,0.0,2.0],"x":0.0,"y":0.0,"z":0.0},"faces":{"north":{"uv":[8.0,7.5,8.5,8.0],"texture":"#2"},"east":{"uv":[6.0,1.5,9.0,2.0],"texture":"#2"},"south":{"uv":[8.0,8.0,8.5,8.5],"texture":"#2"},"west":{"uv":[3.0,6.0,6.0,6.5],"texture":"#2"},"up":{"uv":[6.5,7.0,6.0,4.0],"texture":"#2"},"down":{"uv":[0.5,6.5,0.0,9.5],"texture":"#2"}}},{"from":[14.0,0.0,14.0],"to":[16.0,8.0,16.0],"rotation":{"origin":[0.0,2.0,2.0],"x":0.0,"y":0.0,"z":0.0},"faces":{"north":{"uv":[0.5,7.0,1.0,9.0],"texture":"#2"},"east":{"uv":[1.0,7.0,1.5,9.0],"texture":"#2"},"south":{"uv":[1.5,7.0,2.0,9.0],"texture":"#2"},"west":{"uv":[2.0,7.0,2.5,9.0],"texture":"#2"},"up":{"uv":[8.5,4.0,8.0,3.5],"texture":"#2"},"down":{"uv":[8.0,8.0,7.5,8.5],"texture":"#2"}}},{"from":[0.0,0.0,14.0],"to":[2.0,8.0,16.0],"rotation":{"origin":[-14.0,2.0,2.0],"x":0.0,"y":0.0,"z":0.0},"faces":{"north":{"uv":[2.5,7.0,3.0,9.0],"texture":"#2"},"east":{"uv":[3.0,7.0,3.5,9.0],"texture":"#2"},"south":{"uv":[6.0,7.0,6.5,9.0],"texture":"#2"},"west":{"uv":[7.0,6.5,7.5,8.5],"texture":"#2"},"up":{"uv":[9.0,8.0,8.5,7.5],"texture":"#2"},"down":{"uv":[8.5,8.5,8.0,9.0],"texture":"#2"}}},{"from":[2.0,1.0,15.0],"to":[14.0,3.0,16.0],"rotation":{"origin":[-2.0,-0.125,15.0],"x":0.0,"y":0.0,"z":0.0},"faces":{"north":{"uv":[6.0,0.5,9.0,1.0],"texture":"#2"},"east":{"uv":[9.0,3.0,9.25,3.5],"texture":"#2"},"south":{"uv":[6.0,1.0,9.0,1.5],"texture":"#2"},"west":{"uv":[3.25,9.0,3.5,9.5],"texture":"#2"},"up":{"uv":[10.5,7.25,7.5,7.0],"texture":"#2"},"down":{"uv":[10.5,7.25,7.5,7.5],"texture":"#2"}}},{"from":[2.0,5.0,15.0],"to":[14.0,7.0,16.0],"rotation":{"origin":[-2.0,5.875,15.0],"x":0.0,"y":0.0,"z":0.0},"faces":{"north":{"uv":[0.0,6.0,3.0,6.5],"texture":"#2"},"east":{"uv":[9.0,2.5,9.25,3.0],"texture":"#2"},"south":{"uv":[6.0,0.0,9.0,0.5],"texture":"#2"},"west":{"uv":[3.0,9.0,3.25,9.5],"texture":"#2"},"up":{"uv":[10.5,6.75,7.5,6.5],"texture":"#2"},"down":{"uv":[10.5,6.75,7.5,7.0],"texture":"#2"}}},{"from":[8.0,7.30854,-0.54752],"to":[16.0,7.30854,15.45248],"rotation":{"origin":[8.0,4.71598,7.87164],"x":0.0,"y":0.0,"z":0.0},"faces":{"north":{"uv":[0.0,0.0,2.0,0.0],"texture":"#2"},"east":{"uv":[0.0,0.0,4.0,0.0],"texture":"#2"},"south":{"uv":[0.0,0.0,2.0,0.0],"texture":"#2"},"west":{"uv":[0.0,0.0,4.0,0.0],"texture":"#2"},"up":{"uv":[2.0,4.0,0.0,0.0],"texture":"#2"},"down":{"uv":[4.0,0.0,2.0,4.0],"texture":"#2"}}},{"from":[8.0,-0.6813,-0.5079],"to":[16.0,7.3187,-0.5079],"rotation":{"origin":[44.0,4.0,0.675],"x":0.0,"y":0.0,"z":0.0},"faces":{"north":{"uv":[0.0,4.0,2.0,6.0],"texture":"#2"},"east":{"uv":[0.0,0.0,0.0,2.0],"texture":"#2"},"south":{"uv":[4.0,0.0,6.0,2.0],"texture":"#2"},"west":{"uv":[0.0,0.0,0.0,2.0],"texture":"#2"},"up":{"uv":[2.0,0.0,0.0,0.0],"texture":"#2"},"down":{"uv":[2.0,0.0,0.0,0.0],"texture":"#2"}}},{"from":[0.0,1.0,2.0],"to":[2.0,3.0,14.0],"rotation":{"origin":[9.75,3.14718,7.87164],"x":0.0,"y":0.0,"z":0.0},"faces":{"north":{"uv":[8.5,3.0,9.0,3.5],"texture":"#2"},"east":{"uv":[6.5,4.5,9.5,5.0],"texture":"#2"},"south":{"uv":[8.5,3.5,9.0,4.0],"texture":"#2"},"west":{"uv":[6.5,5.0,9.5,5.5],"texture":"#2"},"up":{"uv":[5.0,9.5,4.5,6.5],"texture":"#2"},"down":{"uv":[5.5,6.5,5.0,9.5],"texture":"#2"}}},{"from":[0.0,5.0,0.0],"to":[16.0,7.0,2.0],"faces":{"north":{"uv":[4.0,3.5,8.0,4.0],"texture":"#2"},"east":{"uv":[8.0,2.5,8.5,3.0],"texture":"#2"},"south":{"uv":[2.0,4.5,6.0,5.0],"texture":"#2"},"west":{"uv":[8.0,3.0,8.5,3.5],"texture":"#2"},"up":{"uv":[6.0,5.5,2.0,5.0],"texture":"#2"},"down":{"uv":[6.0,5.5,2.0,6.0],"texture":"#2"}}},{"from":[0.0,5.0,2.0],"to":[2.0,7.0,14.0],"rotation":{"origin":[9.75,3.14718,7.87164],"x":0.0,"y":0.0,"z":0.0},"faces":{"north":{"uv":[7.0,8.5,7.5,9.0],"texture":"#2"},"east":{"uv":[6.5,5.5,9.5,6.0],"texture":"#2"},"south":{"uv":[7.5,8.5,8.0,9.0],"texture":"#2"},"west":{"uv":[6.5,6.0,9.5,6.5],"texture":"#2"},"up":{"uv":[6.0,9.5,5.5,6.5],"texture":"#2"},"down":{"uv":[7.0,6.5,6.5,9.5],"texture":"#2"}}},{"from":[14.0,5.0,2.0],"to":[16.0,7.0,14.0],"rotation":{"origin":[-0.5,0.0,2.0],"x":0.0,"y":0.0,"z":0.0},"faces":{"north":{"uv":[8.5,2.0,9.0,2.5],"texture":"#2"},"east":{"uv":[0.5,6.5,3.5,7.0],"texture":"#2"},"south":{"uv":[8.5,2.5,9.0,3.0],"texture":"#2"},"west":{"uv":[6.5,4.0,9.5,4.5],"texture":"#2"},"up":{"uv":[4.0,9.5,3.5,6.5],"texture":"#2"},"down":{"uv":[4.5,6.5,4.0,9.5],"texture":"#2"}}},{"from":[0.0,3.0,0.0],"to":[2.0,5.0,2.0],"rotation":{"origin":[-14.0,2.0,2.0],"x":0.0,"y":0.0,"z":0.0},"faces":{"north":{"uv":[9.0,1.0,9.5,1.5],"texture":"#2"},"east":{"uv":[1.5,9.0,2.0,9.5],"texture":"#2"},"south":{"uv":[9.0,1.5,9.5,2.0],"texture":"#2"},"west":{"uv":[2.0,9.0,2.5,9.5],"texture":"#2"},"up":{"uv":[9.5,2.5,9.0,2.0],"texture":"#2"},"down":{"uv":[3.0,9.0,2.5,9.5],"texture":"#2"}}},{"from":[14.0,3.0,0.0],"to":[16.0,5.0,2.0],"rotation":{"origin":[0.0,2.0,2.0],"x":0.0,"y":0.0,"z":0.0},"faces":{"north":{"uv":[8.5,8.0,9.0,8.5],"texture":"#2"},"east":{"uv":[8.5,8.5,9.0,9.0],"texture":"#2"},"south":{"uv":[9.0,0.0,9.5,0.5],"texture":"#2"},"west":{"uv":[0.5,9.0,1.0,9.5],"texture":"#2"},"up":{"uv":[9.5,1.0,9.0,0.5],"texture":"#2"},"down":{"uv":[1.5,9.0,1.0,9.5],"texture":"#2"}}},{"from":[0.0,7.30854,-0.54752],"to":[8.0,7.30854,15.45248],"rotation":{"origin":[0.0,4.71598,7.87164],"x":0.0,"y":0.0,"z":0.0},"faces":{"north":{"uv":[0.0,0.0,4.0,0.0],"texture":"#1","tintindex":0},"east":{"uv":[0.0,0.0,8.0,0.0],"texture":"#1"},"south":{"uv":[0.0,0.0,4.0,0.0],"texture":"#1","tintindex":0},"west":{"uv":[0.0,0.0,8.0,0.0],"texture":"#1"},"up":{"uv":[4.0,8.0,0.0,0.0],"texture":"#1","tintindex":0},"down":{"uv":[8.0,0.0,4.0,8.0],"texture":"#1","tintindex":0}}},{"from":[0.0,-0.6813,-0.5079],"to":[8.0,7.3187,-0.5079],"rotation":{"origin":[36.0,4.0,0.675],"x":0.0,"y":0.0,"z":0.0},"faces":{"north":{"uv":[0.0,8.0,4.0,12.0],"texture":"#1","tintindex":0},"east":{"uv":[0.0,0.0,0.0,4.0],"texture":"#1"},"south":{"uv":[8.0,0.0,12.0,4.0],"texture":"#1","tintindex":0},"west":{"uv":[0.0,0.0,0.0,4.0],"texture":"#1"},"up":{"uv":[4.0,0.0,0.0,0.0],"texture":"#1","tintindex":0},"down":{"uv":[4.0,0.0,0.0,0.0],"texture":"#1","tintindex":0}}}],"textures":{"1":"workshop_six:24caa51d-79f6-4609-a20b-13d9545cec8d","2":"workshop_six:2edd61f7-4cca-4a21-9aae-7aafe5d3af51","particle":"workshop_six:24caa51d-79f6-4609-a20b-13d9545cec8d"},"gui_light":"front"}