{"display":{"thirdperson_righthand":{"rotation":[49.0,0.0,0.0],"translation":[-1.0,1.5,0.25],"scale":[0.27,0.27,0.27]},"thirdperson_lefthand":{"rotation":[49.0,0.0,0.0],"translation":[-1.0,1.5,0.25],"scale":[0.27,0.27,0.27]},"firstperson_righthand":{"translation":[0.0,4.75,1.5],"scale":[0.39,0.39,0.39]},"firstperson_lefthand":{"translation":[0.0,4.75,1.5],"scale":[0.39,0.39,0.39]},"ground":{"translation":[0.0,2.25,0.0],"scale":[0.4,0.4,0.4]},"gui":{"rotation":[23.75,0.0,0.0],"translation":[0.0,4.75,0.0],"scale":[1.04,1.04,1.04]},"head":{"scale":[0.0,0.0,0.0]},"fixed":{"rotation":[-90.0,0.0,0.0],"translation":[0.0,0.0,-16.0],"scale":[2.0,2.0,2.0]}},"elements":[{"from":[0.775,0.0,3.45],"to":[0.775,3.0,4.45],"rotation":{"origin":[0.5,1.0,0.0],"x":0.0,"y":45.0,"z":0.0},"faces":{"north":{"uv":[0.0,0.0,0.0,1.5],"texture":"#4"},"east":{"uv":[8.0,5.0,8.5,6.5],"texture":"#4"},"south":{"uv":[0.0,0.0,0.0,1.5],"texture":"#4"},"west":{"uv":[8.0,6.5,8.5,8.0],"texture":"#4"},"up":{"uv":[0.0,0.5,0.0,0.0],"texture":"#4"},"down":{"uv":[0.0,0.0,0.0,0.5],"texture":"#4"}}},{"from":[1.0,3.0,1.0],"to":[15.0,3.0,15.0],"faces":{"north":{"uv":[0.0,0.0,7.0,0.0],"texture":"#4"},"east":{"uv":[0.0,0.0,7.0,0.0],"texture":"#4"},"south":{"uv":[0.0,0.0,7.0,0.0],"texture":"#4"},"west":{"uv":[0.0,0.0,7.0,0.0],"texture":"#4"},"up":{"uv":[7.0,7.0,0.0,0.0],"texture":"#4"},"down":{"uv":[7.0,7.0,0.0,14.0],"texture":"#4"}}},{"from":[5.775,0.0,4.45],"to":[5.775,3.0,5.45],"rotation":{"origin":[5.5,1.0,1.0],"x":0.0,"y":45.0,"z":0.0},"faces":{"north":{"uv":[0.0,0.0,0.0,1.5],"texture":"#4"},"east":{"uv":[8.0,8.0,8.5,9.5],"texture":"#4"},"south":{"uv":[0.0,0.0,0.0,1.5],"texture":"#4"},"west":{"uv":[8.5,0.0,9.0,1.5],"texture":"#4"},"up":{"uv":[0.0,0.5,0.0,0.0],"texture":"#4"},"down":{"uv":[0.0,0.0,0.0,0.5],"texture":"#4"}}},{"from":[12.48753,0.0,2.59862],"to":[12.48753,3.0,3.59862],"rotation":{"origin":[12.48753,1.5,3.09862],"x":0.0,"y":-22.5,"z":0.0},"faces":{"north":{"uv":[0.0,0.0,0.0,1.5],"texture":"#4"},"east":{"uv":[8.5,1.5,9.0,3.0],"texture":"#4"},"south":{"uv":[0.0,0.0,0.0,1.5],"texture":"#4"},"west":{"uv":[8.5,3.0,9.0,4.5],"texture":"#4"},"up":{"uv":[0.0,0.5,0.0,0.0],"texture":"#4"},"down":{"uv":[0.0,0.0,0.0,0.5],"texture":"#4"}}},{"from":[5.275,0.0,7.95],"to":[5.275,3.0,8.95],"rotation":{"origin":[5.0,1.0,4.5],"x":0.0,"y":45.0,"z":0.0},"faces":{"north":{"uv":[0.0,0.0,0.0,1.5],"texture":"#4"},"east":{"uv":[8.5,4.5,9.0,6.0],"texture":"#4"},"south":{"uv":[0.0,0.0,0.0,1.5],"texture":"#4"},"west":{"uv":[8.5,6.0,9.0,7.5],"texture":"#4"},"up":{"uv":[0.0,0.5,0.0,0.0],"texture":"#4"},"down":{"uv":[0.0,0.0,0.0,0.5],"texture":"#4"}}},{"from":[3.48753,0.0,7.09862],"to":[4.48753,3.0,7.09862],"rotation":{"origin":[3.98753,1.5,7.09862],"x":0.0,"y":0.0,"z":0.0},"faces":{"north":{"uv":[8.5,7.5,9.0,9.0],"texture":"#4"},"east":{"uv":[0.0,0.0,0.0,1.5],"texture":"#4"},"south":{"uv":[9.0,0.0,9.5,1.5],"texture":"#4"},"west":{"uv":[0.0,0.0,0.0,1.5],"texture":"#4"},"up":{"uv":[0.5,0.0,0.0,0.0],"texture":"#4"},"down":{"uv":[0.5,0.0,0.0,0.0],"texture":"#4"}}},{"from":[8.275,0.0,9.45],"to":[8.275,3.0,10.45],"rotation":{"origin":[8.0,1.0,6.0],"x":0.0,"y":45.0,"z":0.0},"faces":{"north":{"uv":[0.0,0.0,0.0,1.5],"texture":"#4"},"east":{"uv":[9.0,1.5,9.5,3.0],"texture":"#4"},"south":{"uv":[0.0,0.0,0.0,1.5],"texture":"#4"},"west":{"uv":[9.0,3.0,9.5,4.5],"texture":"#4"},"up":{"uv":[0.0,0.5,0.0,0.0],"texture":"#4"},"down":{"uv":[0.0,0.0,0.0,0.5],"texture":"#4"}}},{"from":[9.48753,0.0,13.09862],"to":[10.48753,3.0,13.09862],"rotation":{"origin":[9.98753,1.5,13.09862],"x":0.0,"y":45.0,"z":0.0},"faces":{"north":{"uv":[9.0,4.5,9.5,6.0],"texture":"#4"},"east":{"uv":[0.0,0.0,0.0,1.5],"texture":"#4"},"south":{"uv":[9.0,6.0,9.5,7.5],"texture":"#4"},"west":{"uv":[0.0,0.0,0.0,1.5],"texture":"#4"},"up":{"uv":[0.5,0.0,0.0,0.0],"texture":"#4"},"down":{"uv":[0.5,0.0,0.0,0.0],"texture":"#4"}}},{"from":[2.775,0.0,12.45],"to":[2.775,3.0,13.45],"rotation":{"origin":[2.5,1.0,9.0],"x":0.0,"y":45.0,"z":0.0},"faces":{"north":{"uv":[0.0,0.0,0.0,1.5],"texture":"#4"},"east":{"uv":[9.0,7.5,9.5,9.0],"texture":"#4"},"south":{"uv":[0.0,0.0,0.0,1.5],"texture":"#4"},"west":{"uv":[8.5,9.0,9.0,10.5],"texture":"#4"},"up":{"uv":[0.0,0.5,0.0,0.0],"texture":"#4"},"down":{"uv":[0.0,0.0,0.0,0.5],"texture":"#4"}}},{"from":[-0.725,0.0,13.95],"to":[-0.725,3.0,14.95],"rotation":{"origin":[-1.0,1.0,10.5],"x":0.0,"y":45.0,"z":0.0},"faces":{"north":{"uv":[0.0,0.0,0.0,1.5],"texture":"#4"},"east":{"uv":[9.0,9.0,9.5,10.5],"texture":"#4"},"south":{"uv":[0.0,0.0,0.0,1.5],"texture":"#4"},"west":{"uv":[9.5,0.0,10.0,1.5],"texture":"#4"},"up":{"uv":[0.0,0.5,0.0,0.0],"texture":"#4"},"down":{"uv":[0.0,0.0,0.0,0.5],"texture":"#4"}}},{"from":[13.48753,0.0,11.09862],"to":[14.48753,3.0,11.09862],"rotation":{"origin":[13.98753,1.5,11.09862],"x":0.0,"y":22.5,"z":0.0},"faces":{"north":{"uv":[9.5,1.5,10.0,3.0],"texture":"#4"},"east":{"uv":[0.0,0.0,0.0,1.5],"texture":"#4"},"south":{"uv":[9.5,3.0,10.0,4.5],"texture":"#4"},"west":{"uv":[0.0,0.0,0.0,1.5],"texture":"#4"},"up":{"uv":[0.5,0.0,0.0,0.0],"texture":"#4"},"down":{"uv":[0.5,0.0,0.0,0.0],"texture":"#4"}}},{"from":[5.275,0.0,11.95],"to":[5.275,2.0,12.95],"rotation":{"origin":[5.0,1.0,8.5],"x":0.0,"y":45.0,"z":0.0},"faces":{"north":{"uv":[0.0,0.0,0.0,1.0],"texture":"#4"},"east":{"uv":[9.5,4.5,10.0,5.5],"texture":"#4"},"south":{"uv":[0.0,0.0,0.0,1.0],"texture":"#4"},"west":{"uv":[9.5,5.5,10.0,6.5],"texture":"#4"},"up":{"uv":[0.0,0.5,0.0,0.0],"texture":"#4"},"down":{"uv":[0.0,0.0,0.0,0.5],"texture":"#4"}}},{"from":[6.275,0.0,11.95],"to":[6.275,1.0,12.95],"rotation":{"origin":[6.0,1.0,8.5],"x":0.0,"y":45.0,"z":0.0},"faces":{"north":{"uv":[0.0,0.0,0.0,0.5],"texture":"#4"},"east":{"uv":[10.0,1.0,10.5,1.5],"texture":"#4"},"south":{"uv":[0.0,0.0,0.0,0.5],"texture":"#4"},"west":{"uv":[10.0,1.5,10.5,2.0],"texture":"#4"},"up":{"uv":[0.0,0.5,0.0,0.0],"texture":"#4"},"down":{"uv":[0.0,0.0,0.0,0.5],"texture":"#4"}}},{"from":[2.38397,0.0,7.74506],"to":[2.38397,2.0,8.74506],"rotation":{"origin":[2.73753,0.75,8.59862],"x":0.0,"y":-22.5,"z":0.0},"faces":{"north":{"uv":[0.0,0.0,0.0,1.0],"texture":"#4"},"east":{"uv":[9.5,6.5,10.0,7.5],"texture":"#4"},"south":{"uv":[0.0,0.0,0.0,1.0],"texture":"#4"},"west":{"uv":[9.5,7.5,10.0,8.5],"texture":"#4"},"up":{"uv":[0.0,0.5,0.0,0.0],"texture":"#4"},"down":{"uv":[0.0,0.0,0.0,0.5],"texture":"#4"}}},{"from":[3.09108,0.0,8.45217],"to":[3.09108,1.0,9.45217],"rotation":{"origin":[2.73753,0.75,8.59862],"x":0.0,"y":-22.5,"z":0.0},"faces":{"north":{"uv":[0.0,0.0,0.0,0.5],"texture":"#4"},"east":{"uv":[10.0,2.0,10.5,2.5],"texture":"#4"},"south":{"uv":[0.0,0.0,0.0,0.5],"texture":"#4"},"west":{"uv":[10.0,2.5,10.5,3.0],"texture":"#4"},"up":{"uv":[0.0,0.5,0.0,0.0],"texture":"#4"},"down":{"uv":[0.0,0.0,0.0,0.5],"texture":"#4"}}},{"from":[5.59108,0.0,1.24506],"to":[6.59108,2.0,1.24506],"rotation":{"origin":[5.73753,0.75,1.59862],"x":0.0,"y":-45.0,"z":0.0},"faces":{"north":{"uv":[8.0,9.5,8.5,10.5],"texture":"#4"},"east":{"uv":[0.0,0.0,0.0,1.0],"texture":"#4"},"south":{"uv":[9.5,8.5,10.0,9.5],"texture":"#4"},"west":{"uv":[0.0,0.0,0.0,1.0],"texture":"#4"},"up":{"uv":[0.5,0.0,0.0,0.0],"texture":"#4"},"down":{"uv":[0.5,0.0,0.0,0.0],"texture":"#4"}}},{"from":[4.88397,0.0,1.95217],"to":[5.88397,1.0,1.95217],"rotation":{"origin":[5.73753,0.75,1.59862],"x":0.0,"y":-45.0,"z":0.0},"faces":{"north":{"uv":[10.0,3.0,10.5,3.5],"texture":"#4"},"east":{"uv":[0.0,0.0,0.0,0.5],"texture":"#4"},"south":{"uv":[10.0,3.5,10.5,4.0],"texture":"#4"},"west":{"uv":[0.0,0.0,0.0,0.5],"texture":"#4"},"up":{"uv":[0.5,0.0,0.0,0.0],"texture":"#4"},"down":{"uv":[0.5,0.0,0.0,0.0],"texture":"#4"}}},{"from":[11.59108,0.0,5.24506],"to":[12.59108,2.0,5.24506],"rotation":{"origin":[11.73753,0.75,5.59862],"x":0.0,"y":45.0,"z":0.0},"faces":{"north":{"uv":[9.5,9.5,10.0,10.5],"texture":"#4"},"east":{"uv":[0.0,0.0,0.0,1.0],"texture":"#4"},"south":{"uv":[10.0,0.0,10.5,1.0],"texture":"#4"},"west":{"uv":[0.0,0.0,0.0,1.0],"texture":"#4"},"up":{"uv":[0.5,0.0,0.0,0.0],"texture":"#4"},"down":{"uv":[0.5,0.0,0.0,0.0],"texture":"#4"}}},{"from":[10.88397,0.0,5.95217],"to":[11.88397,1.0,5.95217],"rotation":{"origin":[11.73753,0.75,5.59862],"x":0.0,"y":45.0,"z":0.0},"faces":{"north":{"uv":[10.0,4.0,10.5,4.5],"texture":"#4"},"east":{"uv":[0.0,0.0,0.0,0.5],"texture":"#4"},"south":{"uv":[10.0,4.5,10.5,5.0],"texture":"#4"},"west":{"uv":[0.0,0.0,0.0,0.5],"texture":"#4"},"up":{"uv":[0.5,0.0,0.0,0.0],"texture":"#4"},"down":{"uv":[0.5,0.0,0.0,0.0],"texture":"#4"}}},{"from":[1.5,5.0,1.5],"to":[14.5,5.0,14.5],"rotation":{"origin":[-0.5,2.0,-0.5],"x":0.0,"y":0.0,"z":0.0},"faces":{"north":{"uv":[0.0,0.0,6.5,0.0],"texture":"#2"},"east":{"uv":[0.0,0.0,6.5,0.0],"texture":"#2"},"south":{"uv":[0.0,0.0,6.5,0.0],"texture":"#2"},"west":{"uv":[0.0,0.0,6.5,0.0],"texture":"#2"},"up":{"uv":[6.5,6.5,0.0,0.0],"texture":"#2","tintindex":0},"down":{"uv":[6.5,0.0,0.0,6.5],"texture":"#2","tintindex":0}}},{"from":[10.80897,0.0,5.54506],"to":[10.80897,5.0,6.54506],"rotation":{"origin":[10.98753,0.75,6.47362],"x":0.0,"y":-22.5,"z":0.0},"faces":{"north":{"uv":[0.0,0.0,0.0,2.5],"texture":"#4"},"east":{"uv":[7.5,2.5,8.0,5.0],"texture":"#4"},"south":{"uv":[0.0,0.0,0.0,2.5],"texture":"#4"},"west":{"uv":[7.5,5.0,8.0,7.5],"texture":"#4"},"up":{"uv":[0.0,0.5,0.0,0.0],"texture":"#4"},"down":{"uv":[0.0,0.0,0.0,0.5],"texture":"#4"}}},{"from":[4.43397,0.0,5.99506],"to":[4.43397,5.0,6.99506],"rotation":{"origin":[10.98753,0.75,6.47362],"x":0.0,"y":-22.5,"z":0.0},"faces":{"north":{"uv":[0.0,0.0,0.0,2.5],"texture":"#4"},"east":{"uv":[7.5,2.5,8.0,5.0],"texture":"#4"},"south":{"uv":[0.0,0.0,0.0,2.5],"texture":"#4"},"west":{"uv":[7.5,5.0,8.0,7.5],"texture":"#4"},"up":{"uv":[0.0,0.5,0.0,0.0],"texture":"#4"},"down":{"uv":[0.0,0.0,0.0,0.5],"texture":"#4"}}},{"from":[5.30897,0.0,13.22006],"to":[5.30897,5.0,14.22006],"rotation":{"origin":[10.98753,0.75,6.47362],"x":0.0,"y":-22.5,"z":0.0},"faces":{"north":{"uv":[0.0,0.0,0.0,2.5],"texture":"#4"},"east":{"uv":[7.5,2.5,8.0,5.0],"texture":"#4"},"south":{"uv":[0.0,0.0,0.0,2.5],"texture":"#4"},"west":{"uv":[7.5,5.0,8.0,7.5],"texture":"#4"},"up":{"uv":[0.0,0.5,0.0,0.0],"texture":"#4"},"down":{"uv":[0.0,0.0,0.0,0.5],"texture":"#4"}}},{"from":[8.40897,0.0,10.22006],"to":[8.40897,5.0,11.22006],"rotation":{"origin":[12.08753,0.75,6.47362],"x":0.0,"y":-22.5,"z":0.0},"faces":{"north":{"uv":[0.0,0.0,0.0,2.5],"texture":"#4"},"east":{"uv":[7.5,2.5,8.0,5.0],"texture":"#4"},"south":{"uv":[0.0,0.0,0.0,2.5],"texture":"#4"},"west":{"uv":[7.5,5.0,8.0,7.5],"texture":"#4"},"up":{"uv":[0.0,0.5,0.0,0.0],"texture":"#4"},"down":{"uv":[0.0,0.0,0.0,0.5],"texture":"#4"}}},{"from":[13.40897,0.0,12.22006],"to":[13.40897,5.0,13.22006],"rotation":{"origin":[17.08753,0.75,8.47362],"x":0.0,"y":-22.5,"z":0.0},"faces":{"north":{"uv":[0.0,0.0,0.0,2.5],"texture":"#4"},"east":{"uv":[7.5,2.5,8.0,5.0],"texture":"#4"},"south":{"uv":[0.0,0.0,0.0,2.5],"texture":"#4"},"west":{"uv":[7.5,5.0,8.0,7.5],"texture":"#4"},"up":{"uv":[0.0,0.5,0.0,0.0],"texture":"#4"},"down":{"uv":[0.0,0.0,0.0,0.5],"texture":"#4"}}}],"textures":{"2":"workshop_six:f1cd92b1-7363-4bba-9bd0-d74b85f5afeb","4":"workshop_six:74986a3d-6c09-44ce-84ba-2e5db0c0c221","particle":"workshop_six:f1cd92b1-7363-4bba-9bd0-d74b85f5afeb"},"gui_light":"front"}