{"display":{"thirdperson_righthand":{"rotation":[49.0,0.0,0.0],"translation":[-1.0,0.0,-0.5],"scale":[0.27,0.27,0.27]},"thirdperson_lefthand":{"rotation":[49.0,0.0,0.0],"translation":[-1.0,0.0,-0.5],"scale":[0.27,0.27,0.27]},"firstperson_righthand":{"translation":[0.0,4.75,1.5],"scale":[0.39,0.39,0.39]},"firstperson_lefthand":{"translation":[0.0,4.75,1.5],"scale":[0.39,0.39,0.39]},"ground":{"translation":[0.0,2.25,0.0],"scale":[0.4,0.4,0.4]},"gui":{"rotation":[11.75,0.0,0.0],"translation":[0.0,-0.5,0.0],"scale":[0.64,0.64,0.64]},"head":{"scale":[0.0,0.0,0.0]},"fixed":{"rotation":[-90.0,0.0,0.0],"translation":[0.0,0.0,-16.0],"scale":[2.0,2.0,2.0]}},"elements":[{"from":[-3.0,14.0,-3.0],"to":[19.0,16.0,19.0],"faces":{"north":{"uv":[5.5,0.0,11.0,0.5],"texture":"#0"},"east":{"uv":[5.5,0.5,11.0,1.0],"texture":"#0"},"south":{"uv":[5.5,1.0,11.0,1.5],"texture":"#0"},"west":{"uv":[5.5,1.5,11.0,2.0],"texture":"#0"},"up":{"uv":[5.5,5.5,0.0,0.0],"texture":"#0"},"down":{"uv":[5.5,5.5,0.0,11.0],"texture":"#0"}}},{"from":[14.0,0.0,0.0],"to":[16.0,14.0,2.0],"faces":{"north":{"uv":[5.5,2.0,6.0,5.5],"texture":"#0"},"east":{"uv":[5.5,5.5,6.0,9.0],"texture":"#0"},"south":{"uv":[6.0,2.0,6.5,5.5],"texture":"#0"},"west":{"uv":[6.0,5.5,6.5,9.0],"texture":"#0"},"up":{"uv":[7.0,4.0,6.5,3.5],"texture":"#0"},"down":{"uv":[7.0,4.0,6.5,4.5],"texture":"#0"}}},{"from":[2.0,10.0,0.5],"to":[14.0,12.0,1.5],"faces":{"north":{"uv":[6.5,2.0,9.5,2.5],"texture":"#0"},"east":{"uv":[6.5,4.5,6.75,5.0],"texture":"#0"},"south":{"uv":[6.5,2.5,9.5,3.0],"texture":"#0"},"west":{"uv":[6.5,5.0,6.75,5.5],"texture":"#0"},"up":{"uv":[9.5,3.25,6.5,3.0],"texture":"#0"},"down":{"uv":[9.5,3.25,6.5,3.5],"texture":"#0"}}},{"from":[14.5,10.0,2.0],"to":[15.5,12.0,14.0],"rotation":{"origin":[4.5,9.0,1.0],"x":0.0,"y":0.0,"z":0.0},"faces":{"north":{"uv":[6.75,4.5,6.5,5.0],"texture":"#0"},"east":{"uv":[9.5,2.0,6.5,2.5],"texture":"#0"},"south":{"uv":[6.75,5.0,6.5,5.5],"texture":"#0"},"west":{"uv":[9.5,2.5,6.5,3.0],"texture":"#0"},"up":{"uv":[9.5,3.0,6.5,3.25],"texture":"#0","rotation":270},"down":{"uv":[9.5,3.5,6.5,3.25],"texture":"#0","rotation":90}}},{"from":[0.0,0.0,0.0],"to":[2.0,14.0,2.0],"rotation":{"origin":[11.5,9.0,1.0],"x":0.0,"y":0.0,"z":0.0},"faces":{"north":{"uv":[5.5,5.5,6.0,9.0],"texture":"#0"},"east":{"uv":[6.0,2.0,6.5,5.5],"texture":"#0"},"south":{"uv":[6.0,5.5,6.5,9.0],"texture":"#0"},"west":{"uv":[5.5,2.0,6.0,5.5],"texture":"#0"},"up":{"uv":[7.0,4.0,6.5,3.5],"texture":"#0","rotation":270},"down":{"uv":[7.0,4.0,6.5,4.5],"texture":"#0","rotation":90}}},{"from":[0.0,0.0,14.0],"to":[2.0,14.0,16.0],"rotation":{"origin":[11.5,9.0,15.0],"x":0.0,"y":0.0,"z":0.0},"faces":{"north":{"uv":[6.5,5.5,6.0,9.0],"texture":"#0"},"east":{"uv":[6.5,2.0,6.0,5.5],"texture":"#0"},"south":{"uv":[6.0,5.5,5.5,9.0],"texture":"#0"},"west":{"uv":[6.0,2.0,5.5,5.5],"texture":"#0"},"up":{"uv":[6.5,4.0,7.0,3.5],"texture":"#0","rotation":270},"down":{"uv":[6.5,4.0,7.0,4.5],"texture":"#0","rotation":90}}},{"from":[0.5,10.0,2.0],"to":[1.5,12.0,14.0],"rotation":{"origin":[11.5,9.0,15.0],"x":0.0,"y":0.0,"z":0.0},"faces":{"north":{"uv":[6.75,5.0,6.5,5.5],"texture":"#0"},"east":{"uv":[9.5,2.5,6.5,3.0],"texture":"#0"},"south":{"uv":[6.75,4.5,6.5,5.0],"texture":"#0"},"west":{"uv":[9.5,2.0,6.5,2.5],"texture":"#0"},"up":{"uv":[6.5,3.25,9.5,3.0],"texture":"#0","rotation":270},"down":{"uv":[6.5,3.25,9.5,3.5],"texture":"#0","rotation":90}}},{"from":[2.0,10.0,14.5],"to":[14.0,12.0,15.5],"rotation":{"origin":[0.0,0.0,16.0],"x":0.0,"y":0.0,"z":0.0},"faces":{"north":{"uv":[9.5,2.5,6.5,3.0],"texture":"#0"},"east":{"uv":[6.75,4.5,6.5,5.0],"texture":"#0"},"south":{"uv":[9.5,2.0,6.5,2.5],"texture":"#0"},"west":{"uv":[6.75,5.0,6.5,5.5],"texture":"#0"},"up":{"uv":[9.5,3.0,6.5,3.25],"texture":"#0"},"down":{"uv":[9.5,3.5,6.5,3.25],"texture":"#0"}}},{"from":[14.0,0.0,14.0],"to":[16.0,14.0,16.0],"rotation":{"origin":[0.0,0.0,16.0],"x":0.0,"y":0.0,"z":0.0},"faces":{"north":{"uv":[6.5,2.0,6.0,5.5],"texture":"#0"},"east":{"uv":[6.0,5.5,5.5,9.0],"texture":"#0"},"south":{"uv":[6.0,2.0,5.5,5.5],"texture":"#0"},"west":{"uv":[6.5,5.5,6.0,9.0],"texture":"#0"},"up":{"uv":[7.0,3.5,6.5,4.0],"texture":"#0"},"down":{"uv":[7.0,4.5,6.5,4.0],"texture":"#0"}}}],"textures":{"0":"workshop_six:11d52671-a6ee-47b4-becd-e43ba3d06b9a","particle":"workshop_six:11d52671-a6ee-47b4-becd-e43ba3d06b9a"},"gui_light":"front"}