{"display":{"thirdperson_righthand":{"rotation":[49.0,0.0,0.0],"translation":[-1.0,0.0,-0.5],"scale":[0.27,0.27,0.27]},"thirdperson_lefthand":{"rotation":[49.0,0.0,0.0],"translation":[-1.5,0.0,-0.5],"scale":[0.27,0.27,0.27]},"firstperson_righthand":{"translation":[0.0,4.75,1.5],"scale":[0.39,0.39,0.39]},"firstperson_lefthand":{"translation":[0.0,4.75,1.5],"scale":[0.39,0.39,0.39]},"ground":{"translation":[0.0,2.25,-3.5],"scale":[0.4,0.4,0.4]},"gui":{"rotation":[11.75,0.0,0.0],"translation":[0.5,1.5,0.0],"scale":[0.69,0.69,0.69]},"head":{"scale":[0.0,0.0,0.0]},"fixed":{"rotation":[-90.0,0.0,0.0],"translation":[0.0,0.0,-16.0],"scale":[2.0,2.0,2.0]}},"elements":[{"from":[-0.5,0.0,2.0],"to":[4.5,5.0,31.0],"faces":{"north":{"uv":[1.25,6.125,1.875,6.75],"texture":"#1"},"east":{"uv":[0.0,0.0,3.625,0.625],"texture":"#1"},"south":{"uv":[1.875,6.125,2.5,6.75],"texture":"#1"},"west":{"uv":[0.0,0.625,3.625,1.25],"texture":"#1"},"up":{"uv":[0.625,4.875,0.0,1.25],"texture":"#1"},"down":{"uv":[1.25,1.25,0.625,4.875],"texture":"#1"}}},{"from":[5.5,0.0,-1.0],"to":[10.5,5.0,28.0],"faces":{"north":{"uv":[6.125,2.5,6.75,3.125],"texture":"#1"},"east":{"uv":[1.25,1.25,4.875,1.875],"texture":"#1"},"south":{"uv":[6.125,3.125,6.75,3.75],"texture":"#1"},"west":{"uv":[1.25,1.875,4.875,2.5],"texture":"#1"},"up":{"uv":[1.875,6.125,1.25,2.5],"texture":"#1"},"down":{"uv":[2.5,2.5,1.875,6.125],"texture":"#1"}}},{"from":[11.5,0.0,1.0],"to":[16.5,5.0,30.0],"faces":{"north":{"uv":[6.25,5.0,6.875,5.625],"texture":"#1"},"east":{"uv":[2.5,2.5,6.125,3.125],"texture":"#1"},"south":{"uv":[6.25,5.625,6.875,6.25],"texture":"#1"},"west":{"uv":[2.5,3.125,6.125,3.75],"texture":"#1"},"up":{"uv":[3.125,7.375,2.5,3.75],"texture":"#1"},"down":{"uv":[3.75,3.75,3.125,7.375],"texture":"#1"}}},{"from":[7.5,5.0,0.0],"to":[12.5,10.0,29.0],"rotation":{"origin":[7.0,7.5,15.5],"x":0.0,"y":22.5,"z":0.0},"faces":{"north":{"uv":[6.25,6.25,6.875,6.875],"texture":"#1"},"east":{"uv":[3.625,0.0,7.25,0.625],"texture":"#1"},"south":{"uv":[1.25,6.75,1.875,7.375],"texture":"#1"},"west":{"uv":[3.625,0.625,7.25,1.25],"texture":"#1"},"up":{"uv":[4.375,7.375,3.75,3.75],"texture":"#1"},"down":{"uv":[5.0,3.75,4.375,7.375],"texture":"#1"}}},{"from":[1.5,5.0,3.0],"to":[6.5,10.0,32.0],"rotation":{"origin":[7.0,7.5,15.5],"x":0.0,"y":22.5,"z":0.0},"faces":{"north":{"uv":[1.875,6.75,2.5,7.375],"texture":"#1"},"east":{"uv":[4.875,1.25,8.5,1.875],"texture":"#1"},"south":{"uv":[6.75,2.5,7.375,3.125],"texture":"#1"},"west":{"uv":[4.875,1.875,8.5,2.5],"texture":"#1"},"up":{"uv":[0.625,8.5,0.0,4.875],"texture":"#1"},"down":{"uv":[1.25,4.875,0.625,8.5],"texture":"#1"}}},{"from":[4.5,10.0,1.0],"to":[9.5,15.0,30.0],"faces":{"north":{"uv":[6.75,3.125,7.375,3.75],"texture":"#1"},"east":{"uv":[5.0,3.75,8.625,4.375],"texture":"#1"},"south":{"uv":[6.875,5.0,7.5,5.625],"texture":"#1"},"west":{"uv":[5.0,4.375,8.625,5.0],"texture":"#1"},"up":{"uv":[5.625,8.625,5.0,5.0],"texture":"#1"},"down":{"uv":[6.25,5.0,5.625,8.625],"texture":"#1"}}},{"from":[-2.5,1.0,20.5],"to":[0.5,4.0,23.5],"rotation":{"origin":[-1.5,2.5,22.0],"x":0.0,"y":-22.5,"z":0.0},"faces":{"north":{"uv":[6.875,5.625,7.25,6.0],"texture":"#1"},"east":{"uv":[6.875,6.0,7.25,6.375],"texture":"#1"},"south":{"uv":[6.25,6.875,6.625,7.25],"texture":"#1"},"west":{"uv":[6.875,6.375,7.25,6.75],"texture":"#1"},"up":{"uv":[7.0,7.25,6.625,6.875],"texture":"#1"},"down":{"uv":[7.375,6.75,7.0,7.125],"texture":"#1"}}},{"from":[2.5,11.0,6.5],"to":[5.5,14.0,9.5],"rotation":{"origin":[3.5,12.5,8.0],"x":0.0,"y":22.5,"z":0.0},"faces":{"north":{"uv":[7.0,7.125,7.375,7.5],"texture":"#1"},"east":{"uv":[7.25,0.0,7.625,0.375],"texture":"#1"},"south":{"uv":[7.25,0.375,7.625,0.75],"texture":"#1"},"west":{"uv":[7.25,0.75,7.625,1.125],"texture":"#1"},"up":{"uv":[7.625,6.0,7.25,5.625],"texture":"#1"},"down":{"uv":[7.625,6.0,7.25,6.375],"texture":"#1"}}},{"from":[8.5,11.0,19.25],"to":[11.5,14.0,22.25],"rotation":{"origin":[10.5,12.5,20.75],"x":0.0,"y":-22.5,"z":0.0},"faces":{"north":{"uv":[6.25,7.25,6.625,7.625],"texture":"#1"},"east":{"uv":[7.25,6.375,7.625,6.75],"texture":"#1"},"south":{"uv":[6.625,7.25,7.0,7.625],"texture":"#1"},"west":{"uv":[1.25,7.375,1.625,7.75],"texture":"#1"},"up":{"uv":[2.0,7.75,1.625,7.375],"texture":"#1"},"down":{"uv":[2.375,7.375,2.0,7.75],"texture":"#1"}}},{"from":[14.75,1.0,7.25],"to":[17.75,4.0,10.25],"rotation":{"origin":[16.75,2.5,8.75],"x":0.0,"y":45.0,"z":0.0},"faces":{"north":{"uv":[2.375,7.375,2.75,7.75],"texture":"#1"},"east":{"uv":[7.375,2.5,7.75,2.875],"texture":"#1"},"south":{"uv":[2.75,7.375,3.125,7.75],"texture":"#1"},"west":{"uv":[7.375,2.875,7.75,3.25],"texture":"#1"},"up":{"uv":[3.5,7.75,3.125,7.375],"texture":"#1"},"down":{"uv":[7.75,3.25,7.375,3.625],"texture":"#1"}}}],"textures":{"1":"workshop_six:0cd5deac-965a-4e88-af3c-e525d6633bea","particle":"workshop_six:0cd5deac-965a-4e88-af3c-e525d6633bea"},"gui_light":"front"}