{"display":{"thirdperson_righthand":{"rotation":[49.0,0.0,0.0],"translation":[1.75,0.0,-0.5],"scale":[0.27,0.27,0.27]},"thirdperson_lefthand":{"rotation":[49.0,0.0,0.0],"translation":[-2.0,0.0,-0.5],"scale":[0.27,0.27,0.27]},"firstperson_righthand":{"rotation":[-180.0,82.5,-180.0],"translation":[0.0,4.75,1.5],"scale":[0.25,0.25,0.25]},"firstperson_lefthand":{"rotation":[-180.0,82.5,-180.0],"translation":[0.0,4.75,4.75],"scale":[0.25,0.25,0.25]},"ground":{"translation":[3.0,2.25,0.0],"scale":[0.4,0.4,0.4]},"gui":{"rotation":[11.75,180.0,0.0],"translation":[-3.75,0.25,0.0],"scale":[0.47,0.47,0.47]},"head":{"scale":[0.0,0.0,0.0]},"fixed":{"rotation":[-90.0,0.0,0.0],"translation":[0.0,0.0,-16.0],"scale":[2.0,2.0,2.0]}},"elements":[{"from":[-16.0,14.0,-1.5],"to":[16.0,16.0,16.5],"faces":{"north":{"uv":[5.5,4.875,9.5,5.125],"texture":"#1"},"east":{"uv":[2.0,6.5,4.25,6.75],"texture":"#1"},"south":{"uv":[5.5,5.125,9.5,5.375],"texture":"#1"},"west":{"uv":[6.5,5.375,8.75,5.625],"texture":"#1"},"up":{"uv":[4.0,2.25,0.0,0.0],"texture":"#1"},"down":{"uv":[4.0,2.25,0.0,4.5],"texture":"#1"}}},{"from":[13.0,0.0,0.0],"to":[15.0,14.0,2.0],"faces":{"north":{"uv":[4.25,6.5,4.5,8.25],"texture":"#1"},"east":{"uv":[4.5,6.5,4.75,8.25],"texture":"#1"},"south":{"uv":[4.75,6.5,5.0,8.25],"texture":"#1"},"west":{"uv":[5.0,6.5,5.25,8.25],"texture":"#1"},"up":{"uv":[2.25,6.375,2.0,6.125],"texture":"#1"},"down":{"uv":[2.5,6.125,2.25,6.375],"texture":"#1"}}},{"from":[13.5,10.0,2.0],"to":[14.5,12.0,14.0],"rotation":{"origin":[4.5,9.0,1.0],"x":0.0,"y":0.0,"z":0.0},"faces":{"north":{"uv":[3.875,4.5,4.0,4.75],"texture":"#1"},"east":{"uv":[6.75,4.25,8.25,4.5],"texture":"#1"},"south":{"uv":[2.75,6.125,2.875,6.375],"texture":"#1"},"west":{"uv":[6.75,4.5,8.25,4.75],"texture":"#1"},"up":{"uv":[1.625,8.75,1.5,7.25],"texture":"#1"},"down":{"uv":[1.75,7.25,1.625,8.75],"texture":"#1"}}},{"from":[-15.0,0.0,0.0],"to":[-13.0,14.0,2.0],"rotation":{"origin":[11.5,9.0,1.0],"x":0.0,"y":0.0,"z":0.0},"faces":{"north":{"uv":[5.25,6.5,5.5,8.25],"texture":"#1"},"east":{"uv":[6.5,5.625,6.75,7.375],"texture":"#1"},"south":{"uv":[5.5,6.625,5.75,8.375],"texture":"#1"},"west":{"uv":[5.75,6.625,6.0,8.375],"texture":"#1"},"up":{"uv":[2.75,6.375,2.5,6.125],"texture":"#1"},"down":{"uv":[7.5,3.0,7.25,3.25],"texture":"#1"}}},{"from":[-15.0,0.0,14.0],"to":[-13.0,14.0,16.0],"rotation":{"origin":[11.5,9.0,15.0],"x":0.0,"y":0.0,"z":0.0},"faces":{"north":{"uv":[6.0,6.625,6.25,8.375],"texture":"#1"},"east":{"uv":[6.25,6.625,6.5,8.375],"texture":"#1"},"south":{"uv":[0.0,6.75,0.25,8.5],"texture":"#1"},"west":{"uv":[6.75,0.0,7.0,1.75],"texture":"#1"},"up":{"uv":[7.5,3.5,7.25,3.25],"texture":"#1"},"down":{"uv":[7.5,3.5,7.25,3.75],"texture":"#1"}}},{"from":[-14.5,1.0,2.0],"to":[-13.5,14.0,14.0],"rotation":{"origin":[11.5,9.0,15.0],"x":0.0,"y":0.0,"z":0.0},"faces":{"north":{"uv":[2.625,7.0,2.75,8.625],"texture":"#1"},"east":{"uv":[4.0,0.0,5.5,1.625],"texture":"#1"},"south":{"uv":[2.75,7.0,2.875,8.625],"texture":"#1"},"west":{"uv":[4.0,1.625,5.5,3.25],"texture":"#1"},"up":{"uv":[1.875,8.75,1.75,7.25],"texture":"#1"},"down":{"uv":[2.0,7.25,1.875,8.75],"texture":"#1"}}},{"from":[13.0,0.0,14.0],"to":[15.0,14.0,16.0],"rotation":{"origin":[0.0,0.0,16.0],"x":0.0,"y":0.0,"z":0.0},"faces":{"north":{"uv":[0.25,6.75,0.5,8.5],"texture":"#1"},"east":{"uv":[0.5,6.75,0.75,8.5],"texture":"#1"},"south":{"uv":[0.75,6.75,1.0,8.5],"texture":"#1"},"west":{"uv":[1.0,6.75,1.25,8.5],"texture":"#1"},"up":{"uv":[7.5,5.875,7.25,5.625],"texture":"#1"},"down":{"uv":[7.5,5.875,7.25,6.125],"texture":"#1"}}},{"from":[-1.0,10.0,14.5],"to":[13.0,12.0,15.5],"rotation":{"origin":[0.0,0.0,16.0],"x":0.0,"y":0.0,"z":0.0},"faces":{"north":{"uv":[1.25,6.75,3.0,7.0],"texture":"#1"},"east":{"uv":[2.5,7.25,2.625,7.5],"texture":"#1"},"south":{"uv":[6.75,1.75,8.5,2.0],"texture":"#1"},"west":{"uv":[7.0,7.25,7.125,7.5],"texture":"#1"},"up":{"uv":[8.5,4.875,6.75,4.75],"texture":"#1"},"down":{"uv":[8.75,2.25,7.0,2.375],"texture":"#1"}}},{"from":[-2.5,1.0,2.0],"to":[-1.5,14.0,14.0],"rotation":{"origin":[11.5,9.0,15.0],"x":0.0,"y":0.0,"z":0.0},"faces":{"north":{"uv":[2.875,7.0,3.0,8.625],"texture":"#1"},"east":{"uv":[4.0,3.25,5.5,4.875],"texture":"#1"},"south":{"uv":[7.0,5.625,7.125,7.25],"texture":"#1"},"west":{"uv":[0.0,4.5,1.5,6.125],"texture":"#1"},"up":{"uv":[2.125,8.75,2.0,7.25],"texture":"#1"},"down":{"uv":[2.25,7.25,2.125,8.75],"texture":"#1"}}},{"from":[-3.0,0.0,14.0],"to":[-1.0,14.0,16.0],"rotation":{"origin":[4.5,9.0,15.0],"x":0.0,"y":0.0,"z":0.0},"faces":{"north":{"uv":[6.75,2.0,7.0,3.75],"texture":"#1"},"east":{"uv":[3.0,6.75,3.25,8.5],"texture":"#1"},"south":{"uv":[3.25,6.75,3.5,8.5],"texture":"#1"},"west":{"uv":[3.5,6.75,3.75,8.5],"texture":"#1"},"up":{"uv":[7.5,6.375,7.25,6.125],"texture":"#1"},"down":{"uv":[7.5,6.375,7.25,6.625],"texture":"#1"}}},{"from":[-3.0,0.0,0.0],"to":[-1.0,14.0,2.0],"rotation":{"origin":[4.5,9.0,1.0],"x":0.0,"y":0.0,"z":0.0},"faces":{"north":{"uv":[3.75,6.75,4.0,8.5],"texture":"#1"},"east":{"uv":[4.0,6.75,4.25,8.5],"texture":"#1"},"south":{"uv":[6.75,5.625,7.0,7.375],"texture":"#1"},"west":{"uv":[7.0,0.0,7.25,1.75],"texture":"#1"},"up":{"uv":[7.5,6.875,7.25,6.625],"texture":"#1"},"down":{"uv":[7.5,6.875,7.25,7.125],"texture":"#1"}}},{"from":[-13.0,1.0,14.5],"to":[-3.0,14.0,15.5],"rotation":{"origin":[0.0,0.0,16.0],"x":0.0,"y":0.0,"z":0.0},"faces":{"north":{"uv":[4.25,4.875,5.5,6.5],"texture":"#1"},"east":{"uv":[7.125,5.625,7.25,7.25],"texture":"#1"},"south":{"uv":[5.5,0.0,6.75,1.625],"texture":"#1"},"west":{"uv":[7.25,0.0,7.375,1.625],"texture":"#1"},"up":{"uv":[8.25,2.5,7.0,2.375],"texture":"#1"},"down":{"uv":[8.25,2.5,7.0,2.625],"texture":"#1"}}},{"from":[-13.0,1.0,1.0],"to":[-3.0,14.0,2.0],"rotation":{"origin":[0.0,0.0,16.0],"x":0.0,"y":0.0,"z":0.0},"faces":{"north":{"uv":[5.5,1.625,6.75,3.25],"texture":"#1"},"east":{"uv":[1.25,7.25,1.375,8.875],"texture":"#1"},"south":{"uv":[5.5,3.25,6.75,4.875],"texture":"#1"},"west":{"uv":[1.375,7.25,1.5,8.875],"texture":"#1"},"up":{"uv":[8.25,2.75,7.0,2.625],"texture":"#1"},"down":{"uv":[8.25,2.75,7.0,2.875],"texture":"#1"}}},{"from":[-12.0,8.0,0.0],"to":[-4.0,13.0,1.0],"rotation":{"origin":[0.0,0.0,16.0],"x":0.0,"y":0.0,"z":0.0},"faces":{"north":{"uv":[5.5,5.375,6.5,6.0],"texture":"#1"},"east":{"uv":[7.0,3.0,7.125,3.625],"texture":"#1"},"south":{"uv":[5.5,6.0,6.5,6.625],"texture":"#1"},"west":{"uv":[7.125,3.0,7.25,3.625],"texture":"#1"},"up":{"uv":[3.875,4.625,2.875,4.5],"texture":"#1"},"down":{"uv":[3.875,4.625,2.875,4.75],"texture":"#1"}}},{"from":[-12.0,2.0,0.0],"to":[-4.0,7.0,1.0],"rotation":{"origin":[0.0,0.0,16.0],"x":0.0,"y":0.0,"z":0.0},"faces":{"north":{"uv":[0.0,6.125,1.0,6.75],"texture":"#1"},"east":{"uv":[2.25,7.25,2.375,7.875],"texture":"#1"},"south":{"uv":[1.0,6.125,2.0,6.75],"texture":"#1"},"west":{"uv":[2.375,7.25,2.5,7.875],"texture":"#1"},"up":{"uv":[3.875,4.875,2.875,4.75],"texture":"#1"},"down":{"uv":[8.0,2.875,7.0,3.0],"texture":"#1"}}},{"from":[-9.0,4.0,-1.0],"to":[-7.0,5.0,0.0],"rotation":{"origin":[0.0,0.0,16.0],"x":0.0,"y":0.0,"z":0.0},"faces":{"north":{"uv":[2.0,6.375,2.25,6.5],"texture":"#1"},"east":{"uv":[3.875,4.75,4.0,4.875],"texture":"#1"},"south":{"uv":[2.25,6.375,2.5,6.5],"texture":"#1"},"west":{"uv":[2.75,6.375,2.875,6.5],"texture":"#1"},"up":{"uv":[2.75,6.5,2.5,6.375],"texture":"#1"},"down":{"uv":[7.25,3.625,7.0,3.75],"texture":"#1"}}},{"from":[-9.0,10.0,-1.0],"to":[-7.0,11.0,0.0],"rotation":{"origin":[0.0,0.0,16.0],"x":0.0,"y":0.0,"z":0.0},"faces":{"north":{"uv":[7.25,1.625,7.5,1.75],"texture":"#1"},"east":{"uv":[7.375,0.125,7.5,0.25],"texture":"#1"},"south":{"uv":[7.125,7.25,7.375,7.375],"texture":"#1"},"west":{"uv":[7.375,0.25,7.5,0.375],"texture":"#1"},"up":{"uv":[7.5,7.25,7.25,7.125],"texture":"#1"},"down":{"uv":[7.625,0.0,7.375,0.125],"texture":"#1"}}},{"from":[-13.5,2.0,2.0],"to":[-2.5,4.0,15.0],"faces":{"north":{"uv":[1.25,7.0,2.625,7.25],"texture":"#1"},"east":{"uv":[6.75,3.75,8.375,4.0],"texture":"#1"},"south":{"uv":[7.0,2.0,8.375,2.25],"texture":"#1"},"west":{"uv":[6.75,4.0,8.375,4.25],"texture":"#1"},"up":{"uv":[2.875,6.125,1.5,4.5],"texture":"#1"},"down":{"uv":[4.25,4.875,2.875,6.5],"texture":"#1"}}}],"textures":{"1":"workshop_six:5aa89583-5492-4aed-9822-a3e1cd19605c","particle":"workshop_six:5aa89583-5492-4aed-9822-a3e1cd19605c"},"gui_light":"front"}