{"display":{"thirdperson_righthand":{"rotation":[49.0,0.0,0.0],"translation":[-0.5,1.5,0.75],"scale":[0.27,0.27,0.27]},"thirdperson_lefthand":{"rotation":[49.0,0.0,0.0],"translation":[-0.5,1.5,0.75],"scale":[0.27,0.27,0.27]},"firstperson_righthand":{"translation":[0.0,4.75,1.5],"scale":[0.39,0.39,0.39]},"firstperson_lefthand":{"translation":[0.0,4.75,1.5],"scale":[0.39,0.39,0.39]},"ground":{"translation":[0.0,2.25,0.0],"scale":[0.4,0.4,0.4]},"gui":{"rotation":[11.75,0.0,0.0],"translation":[0.0,8.0,0.0],"scale":[1.25,1.25,1.25]},"head":{"scale":[0.0,0.0,0.0]},"fixed":{"rotation":[-90.0,0.0,0.0],"translation":[0.0,0.0,-16.0],"scale":[2.0,2.0,2.0]}},"elements":[{"from":[8.0,0.0,3.5],"to":[14.0,1.0,12.5],"rotation":{"origin":[9.75,1.5,8.0],"x":0.0,"y":0.0,"z":0.0},"faces":{"north":{"uv":[8.5,8.5,11.5,9.0],"texture":"#3"},"east":{"uv":[8.5,5.5,13.0,6.0],"texture":"#3"},"south":{"uv":[3.0,9.0,6.0,9.5],"texture":"#3"},"west":{"uv":[8.5,6.0,13.0,6.5],"texture":"#3"},"up":{"uv":[8.5,4.5,5.5,0.0],"texture":"#3"},"down":{"uv":[8.5,4.5,5.5,9.0],"texture":"#3"}}},{"from":[2.0,0.0,3.5],"to":[8.0,1.0,12.5],"rotation":{"origin":[3.75,1.5,8.0],"x":0.0,"y":0.0,"z":0.0},"faces":{"north":{"uv":[9.0,9.0,6.0,9.5],"texture":"#3"},"east":{"uv":[13.0,7.0,8.5,7.5],"texture":"#3"},"south":{"uv":[12.0,9.0,9.0,9.5],"texture":"#3"},"west":{"uv":[13.0,6.5,8.5,7.0],"texture":"#3"},"up":{"uv":[0.0,12.5,3.0,8.0],"texture":"#3"},"down":{"uv":[8.5,0.0,11.5,4.5],"texture":"#3"}}},{"from":[2.5,0.5,4.0],"to":[13.5,1.5,12.0],"rotation":{"origin":[5.25,1.0,8.0],"x":0.0,"y":0.0,"z":0.0},"faces":{"north":{"uv":[8.5,4.5,14.0,5.0],"texture":"#3"},"east":{"uv":[8.5,7.5,12.5,8.0],"texture":"#3"},"south":{"uv":[8.5,5.0,14.0,5.5],"texture":"#3"},"west":{"uv":[8.5,8.0,12.5,8.5],"texture":"#3"},"up":{"uv":[5.5,4.0,0.0,0.0],"texture":"#3"},"down":{"uv":[5.5,4.0,0.0,8.0],"texture":"#3"}}},{"from":[2.5,2.5,4.0],"to":[8.5,2.5,12.0],"rotation":{"origin":[5.5,2.5,8.0],"x":0.0,"y":0.0,"z":-22.5},"faces":{"north":{"uv":[8.5,4.5,14.0,5.0],"texture":"#3"},"east":{"uv":[8.5,7.5,12.5,8.0],"texture":"#3"},"south":{"uv":[8.5,5.0,14.0,5.5],"texture":"#3"},"west":{"uv":[8.5,8.0,12.5,8.5],"texture":"#3"},"up":{"uv":[5.5,4.0,2.5,0.0],"texture":"#3"},"down":{"uv":[5.5,0.0,2.5,4.0],"texture":"#3"}}},{"from":[7.5,2.5,4.0],"to":[13.5,2.5,12.0],"rotation":{"origin":[10.5,2.5,8.0],"x":0.0,"y":0.0,"z":22.5},"faces":{"north":{"uv":[14.0,4.5,8.5,5.0],"texture":"#3"},"east":{"uv":[12.5,8.0,8.5,8.5],"texture":"#3"},"south":{"uv":[14.0,5.0,8.5,5.5],"texture":"#3"},"west":{"uv":[12.5,7.5,8.5,8.0],"texture":"#3"},"up":{"uv":[2.5,4.0,5.5,0.0],"texture":"#3"},"down":{"uv":[2.5,0.0,5.5,4.0],"texture":"#3"}}}],"textures":{"3":"workshop_six:70c529f7-0de5-4520-8f7f-13386421bdfe","particle":"workshop_six:70c529f7-0de5-4520-8f7f-13386421bdfe"},"gui_light":"front"}