{"display":{"thirdperson_righthand":{"rotation":[49.0,0.0,0.0],"translation":[0.25,0.0,-0.5],"scale":[0.27,0.27,0.27]},"thirdperson_lefthand":{"rotation":[49.0,0.0,0.0],"translation":[0.25,0.0,-0.5],"scale":[0.27,0.27,0.27]},"firstperson_righthand":{"rotation":[0.0,99.0,0.0],"translation":[1.0,2.5,2.25],"scale":[0.31,0.31,0.31]},"firstperson_lefthand":{"rotation":[0.0,99.0,0.0],"translation":[1.0,2.5,2.25],"scale":[0.31,0.31,0.31]},"ground":{"translation":[0.0,2.25,0.0],"scale":[0.4,0.4,0.4]},"gui":{"rotation":[11.75,180.0,0.0],"translation":[0.0,-3.25,0.0],"scale":[0.41,0.41,0.41]},"head":{"scale":[0.0,0.0,0.0]},"fixed":{"rotation":[-90.0,0.0,0.0],"translation":[0.0,0.0,-16.0],"scale":[2.0,2.0,2.0]}},"elements":[{"from":[-3.0,30.0,-1.5],"to":[19.0,32.0,16.5],"faces":{"north":{"uv":[8.25,0.0,11.0,0.25],"texture":"#1"},"east":{"uv":[8.25,0.5,10.5,0.75],"texture":"#1"},"south":{"uv":[8.25,0.25,11.0,0.5],"texture":"#1"},"west":{"uv":[8.25,0.75,10.5,1.0],"texture":"#1"},"up":{"uv":[6.75,2.25,4.0,0.0],"texture":"#1"},"down":{"uv":[6.75,2.25,4.0,4.5],"texture":"#1"}}},{"from":[16.0,0.0,0.0],"to":[18.0,30.0,2.0],"faces":{"north":{"uv":[1.5,8.375,1.75,12.125],"texture":"#1"},"east":{"uv":[1.75,8.375,2.0,12.125],"texture":"#1"},"south":{"uv":[2.0,8.375,2.25,12.125],"texture":"#1"},"west":{"uv":[2.25,8.375,2.5,12.125],"texture":"#1"},"up":{"uv":[7.0,4.25,6.75,4.0],"texture":"#1"},"down":{"uv":[7.0,4.25,6.75,4.5],"texture":"#1"}}},{"from":[-2.0,0.0,0.0],"to":[0.0,30.0,2.0],"rotation":{"origin":[11.5,9.0,1.0],"x":0.0,"y":0.0,"z":0.0},"faces":{"north":{"uv":[2.5,8.375,2.75,12.125],"texture":"#1"},"east":{"uv":[2.75,8.375,3.0,12.125],"texture":"#1"},"south":{"uv":[3.0,8.375,3.25,12.125],"texture":"#1"},"west":{"uv":[3.25,8.375,3.5,12.125],"texture":"#1"},"up":{"uv":[3.875,7.625,3.625,7.375],"texture":"#1"},"down":{"uv":[3.875,7.625,3.625,7.875],"texture":"#1"}}},{"from":[-2.0,0.0,14.0],"to":[0.0,30.0,16.0],"rotation":{"origin":[11.5,9.0,15.0],"x":0.0,"y":0.0,"z":0.0},"faces":{"north":{"uv":[3.5,8.5,3.75,12.25],"texture":"#1"},"east":{"uv":[3.75,8.5,4.0,12.25],"texture":"#1"},"south":{"uv":[4.0,8.5,4.25,12.25],"texture":"#1"},"west":{"uv":[4.25,8.5,4.5,12.25],"texture":"#1"},"up":{"uv":[8.875,8.75,8.625,8.5],"texture":"#1"},"down":{"uv":[9.0,6.625,8.75,6.875],"texture":"#1"}}},{"from":[-1.5,3.0,2.0],"to":[-0.5,30.0,14.0],"rotation":{"origin":[11.5,9.0,15.0],"x":0.0,"y":0.0,"z":0.0},"faces":{"north":{"uv":[5.5,8.5,5.625,11.875],"texture":"#1"},"east":{"uv":[4.0,4.5,5.5,7.875],"texture":"#1"},"south":{"uv":[5.625,8.5,5.75,11.875],"texture":"#1"},"west":{"uv":[5.5,4.5,7.0,7.875],"texture":"#1"},"up":{"uv":[6.625,10.0,6.5,8.5],"texture":"#1"},"down":{"uv":[6.75,8.5,6.625,10.0],"texture":"#1"}}},{"from":[16.0,0.0,14.0],"to":[18.0,30.0,16.0],"rotation":{"origin":[0.0,0.0,16.0],"x":0.0,"y":0.0,"z":0.0},"faces":{"north":{"uv":[4.5,8.5,4.75,12.25],"texture":"#1"},"east":{"uv":[4.75,8.5,5.0,12.25],"texture":"#1"},"south":{"uv":[5.0,8.5,5.25,12.25],"texture":"#1"},"west":{"uv":[5.25,8.5,5.5,12.25],"texture":"#1"},"up":{"uv":[7.125,9.0,6.875,8.75],"texture":"#1"},"down":{"uv":[9.0,6.875,8.75,7.125],"texture":"#1"}}},{"from":[0.0,3.0,14.5],"to":[16.0,30.0,15.5],"rotation":{"origin":[0.0,0.0,16.0],"x":0.0,"y":0.0,"z":0.0},"faces":{"north":{"uv":[0.0,0.0,2.0,3.375],"texture":"#1"},"east":{"uv":[5.75,8.5,5.875,11.875],"texture":"#1"},"south":{"uv":[2.0,0.0,4.0,3.375],"texture":"#1"},"west":{"uv":[5.875,8.5,6.0,11.875],"texture":"#1"},"up":{"uv":[10.25,1.375,8.25,1.25],"texture":"#1"},"down":{"uv":[10.25,1.375,8.25,1.5],"texture":"#1"}}},{"from":[0.0,3.0,1.0],"to":[16.0,30.0,2.0],"rotation":{"origin":[0.0,0.0,16.0],"x":0.0,"y":0.0,"z":0.0},"faces":{"north":{"uv":[0.0,3.375,2.0,6.75],"texture":"#1"},"east":{"uv":[6.0,8.5,6.125,11.875],"texture":"#1"},"south":{"uv":[2.0,3.375,4.0,6.75],"texture":"#1"},"west":{"uv":[6.125,8.5,6.25,11.875],"texture":"#1"},"up":{"uv":[10.25,1.625,8.25,1.5],"texture":"#1"},"down":{"uv":[10.25,1.625,8.25,1.75],"texture":"#1"}}},{"from":[1.5,23.0,0.0],"to":[14.5,28.0,1.0],"rotation":{"origin":[0.0,0.0,16.0],"x":0.0,"y":0.0,"z":0.0},"faces":{"north":{"uv":[7.0,5.0,8.625,5.625],"texture":"#1"},"east":{"uv":[6.75,3.375,6.875,4.0],"texture":"#1"},"south":{"uv":[7.0,5.625,8.625,6.25],"texture":"#1"},"west":{"uv":[3.625,6.75,3.75,7.375],"texture":"#1"},"up":{"uv":[9.875,2.125,8.25,2.0],"texture":"#1"},"down":{"uv":[9.875,2.125,8.25,2.25],"texture":"#1"}}},{"from":[1.5,17.0,0.0],"to":[14.5,22.0,1.0],"rotation":{"origin":[0.0,0.0,16.0],"x":0.0,"y":0.0,"z":0.0},"faces":{"north":{"uv":[7.0,6.25,8.625,6.875],"texture":"#1"},"east":{"uv":[3.75,6.75,3.875,7.375],"texture":"#1"},"south":{"uv":[7.0,6.875,8.625,7.5],"texture":"#1"},"west":{"uv":[3.875,6.75,4.0,7.375],"texture":"#1"},"up":{"uv":[9.875,2.375,8.25,2.25],"texture":"#1"},"down":{"uv":[9.875,2.375,8.25,2.5],"texture":"#1"}}},{"from":[5.0,19.0,-1.0],"to":[11.0,20.0,0.0],"rotation":{"origin":[0.0,0.0,16.0],"x":0.0,"y":0.0,"z":0.0},"faces":{"north":{"uv":[8.25,3.0,9.0,3.125],"texture":"#1"},"east":{"uv":[3.875,7.375,4.0,7.5],"texture":"#1"},"south":{"uv":[8.25,3.125,9.0,3.25],"texture":"#1"},"west":{"uv":[3.875,7.5,4.0,7.625],"texture":"#1"},"up":{"uv":[9.0,3.375,8.25,3.25],"texture":"#1"},"down":{"uv":[9.375,5.0,8.625,5.125],"texture":"#1"}}},{"from":[5.0,25.0,-1.0],"to":[11.0,26.0,0.0],"rotation":{"origin":[0.0,0.0,16.0],"x":0.0,"y":0.0,"z":0.0},"faces":{"north":{"uv":[8.625,5.125,9.375,5.25],"texture":"#1"},"east":{"uv":[3.875,7.625,4.0,7.75],"texture":"#1"},"south":{"uv":[8.625,5.25,9.375,5.375],"texture":"#1"},"west":{"uv":[3.875,7.75,4.0,7.875],"texture":"#1"},"up":{"uv":[9.375,5.5,8.625,5.375],"texture":"#1"},"down":{"uv":[9.375,5.5,8.625,5.625],"texture":"#1"}}},{"from":[-0.5,4.0,2.0],"to":[16.5,5.0,15.0],"faces":{"north":{"uv":[8.25,1.0,10.375,1.125],"texture":"#1"},"east":{"uv":[8.25,1.75,9.875,1.875],"texture":"#1"},"south":{"uv":[8.25,1.125,10.375,1.25],"texture":"#1"},"west":{"uv":[8.25,1.875,9.875,2.0],"texture":"#1"},"up":{"uv":[3.625,8.375,1.5,6.75],"texture":"#1"},"down":{"uv":[9.125,3.375,7.0,5.0],"texture":"#1"}}},{"from":[16.5,3.0,2.0],"to":[17.5,30.0,14.0],"rotation":{"origin":[4.5,9.0,15.0],"x":0.0,"y":0.0,"z":0.0},"faces":{"north":{"uv":[6.25,8.5,6.375,11.875],"texture":"#1"},"east":{"uv":[0.0,6.75,1.5,10.125],"texture":"#1"},"south":{"uv":[6.375,8.5,6.5,11.875],"texture":"#1"},"west":{"uv":[6.75,0.0,8.25,3.375],"texture":"#1"},"up":{"uv":[6.875,10.0,6.75,8.5],"texture":"#1"},"down":{"uv":[8.625,8.125,8.5,9.625],"texture":"#1"}}},{"from":[5.0,7.0,-1.0],"to":[11.0,8.0,0.0],"rotation":{"origin":[0.0,0.0,16.0],"x":0.0,"y":0.0,"z":0.0},"faces":{"north":{"uv":[8.625,5.625,9.375,5.75],"texture":"#1"},"east":{"uv":[6.875,7.875,7.0,8.0],"texture":"#1"},"south":{"uv":[8.625,5.75,9.375,5.875],"texture":"#1"},"west":{"uv":[6.875,8.0,7.0,8.125],"texture":"#1"},"up":{"uv":[9.375,6.0,8.625,5.875],"texture":"#1"},"down":{"uv":[9.375,6.0,8.625,6.125],"texture":"#1"}}},{"from":[1.5,5.0,0.0],"to":[14.5,10.0,1.0],"rotation":{"origin":[0.0,0.0,16.0],"x":0.0,"y":0.0,"z":0.0},"faces":{"north":{"uv":[7.0,7.5,8.625,8.125],"texture":"#1"},"east":{"uv":[6.875,3.375,7.0,4.0],"texture":"#1"},"south":{"uv":[3.625,7.875,5.25,8.5],"texture":"#1"},"west":{"uv":[8.625,6.625,8.75,7.25],"texture":"#1"},"up":{"uv":[9.875,2.625,8.25,2.5],"texture":"#1"},"down":{"uv":[9.875,2.625,8.25,2.75],"texture":"#1"}}},{"from":[5.0,13.0,-1.0],"to":[11.0,14.0,0.0],"rotation":{"origin":[0.0,0.0,16.0],"x":0.0,"y":0.0,"z":0.0},"faces":{"north":{"uv":[8.625,6.125,9.375,6.25],"texture":"#1"},"east":{"uv":[3.5,8.375,3.625,8.5],"texture":"#1"},"south":{"uv":[8.625,6.25,9.375,6.375],"texture":"#1"},"west":{"uv":[7.125,8.75,7.25,8.875],"texture":"#1"},"up":{"uv":[9.375,6.5,8.625,6.375],"texture":"#1"},"down":{"uv":[9.375,6.5,8.625,6.625],"texture":"#1"}}},{"from":[1.5,11.0,0.0],"to":[14.5,16.0,1.0],"rotation":{"origin":[0.0,0.0,16.0],"x":0.0,"y":0.0,"z":0.0},"faces":{"north":{"uv":[5.25,7.875,6.875,8.5],"texture":"#1"},"east":{"uv":[8.625,7.25,8.75,7.875],"texture":"#1"},"south":{"uv":[6.875,8.125,8.5,8.75],"texture":"#1"},"west":{"uv":[8.625,7.875,8.75,8.5],"texture":"#1"},"up":{"uv":[9.875,2.875,8.25,2.75],"texture":"#1"},"down":{"uv":[9.875,2.875,8.25,3.0],"texture":"#1"}}}],"textures":{"1":"workshop_six:4f2336b7-e9fb-4762-a3b5-55a6714a48e7","particle":"workshop_six:4f2336b7-e9fb-4762-a3b5-55a6714a48e7"},"gui_light":"front"}