{"display":{"thirdperson_righthand":{"rotation":[49.0,0.0,0.0],"translation":[-1.0,0.0,-0.5],"scale":[0.27,0.27,0.27]},"thirdperson_lefthand":{"rotation":[49.0,0.0,0.0],"translation":[-1.0,0.0,-0.5],"scale":[0.27,0.27,0.27]},"firstperson_righthand":{"translation":[0.0,4.75,1.5],"scale":[0.39,0.39,0.39]},"firstperson_lefthand":{"translation":[0.0,4.75,1.5],"scale":[0.39,0.39,0.39]},"ground":{"translation":[0.0,2.25,0.0],"scale":[0.4,0.4,0.4]},"gui":{"rotation":[11.75,171.0,0.0],"translation":[0.0,1.5,0.0],"scale":[0.77,0.77,0.77]},"head":{"scale":[0.0,0.0,0.0]},"fixed":{"rotation":[-90.0,0.0,0.0],"translation":[0.0,0.0,-16.0],"scale":[2.0,2.0,2.0]}},"elements":[{"from":[0.0,6.6,0.0],"to":[16.0,8.6,1.0],"rotation":{"origin":[8.0,1.85,9.0],"x":-22.5,"y":0.0,"z":0.0},"faces":{"north":{"uv":[0.0,4.0,4.0,4.5],"texture":"#7"},"east":{"uv":[9.0,7.5,9.25,8.0],"texture":"#7"},"south":{"uv":[4.0,4.0,8.0,4.5],"texture":"#7"},"west":{"uv":[11.0,6.0,11.25,6.5],"texture":"#7"},"up":{"uv":[11.0,2.75,7.0,2.5],"texture":"#7"},"down":{"uv":[11.0,2.75,7.0,3.0],"texture":"#7"}}},{"from":[0.0,3.6,1.0],"to":[1.0,5.6,17.0],"rotation":{"origin":[8.0,1.85,9.0],"x":-22.5,"y":0.0,"z":0.0},"faces":{"north":{"uv":[7.75,11.0,8.0,11.5],"texture":"#7"},"east":{"uv":[0.0,4.5,4.0,5.0],"texture":"#7"},"south":{"uv":[11.25,6.75,11.5,7.25],"texture":"#7"},"west":{"uv":[4.0,4.5,8.0,5.0],"texture":"#7"},"up":{"uv":[4.25,11.0,4.0,7.0],"texture":"#7"},"down":{"uv":[4.5,7.0,4.25,11.0],"texture":"#7"}}},{"from":[1.0,4.6,1.0],"to":[2.0,8.6,2.0],"rotation":{"origin":[8.0,1.85,9.0],"x":-22.5,"y":0.0,"z":0.0},"faces":{"north":{"uv":[8.5,11.5,8.75,12.5],"texture":"#7"},"east":{"uv":[7.5,11.75,7.75,12.75],"texture":"#7"},"south":{"uv":[11.0,11.75,11.25,12.75],"texture":"#7"},"west":{"uv":[11.25,11.75,11.5,12.75],"texture":"#7"},"up":{"uv":[10.75,7.5,10.5,7.25],"texture":"#7"},"down":{"uv":[11.0,2.25,10.75,2.5],"texture":"#7"}}},{"from":[1.0,3.6,1.0],"to":[15.0,4.6,17.0],"rotation":{"origin":[8.0,1.85,9.0],"x":-22.5,"y":0.0,"z":0.0},"faces":{"north":{"uv":[8.0,4.0,11.5,4.25],"texture":"#7"},"east":{"uv":[7.0,3.0,11.0,3.25],"texture":"#7"},"south":{"uv":[8.0,4.25,11.5,4.5],"texture":"#7"},"west":{"uv":[7.0,3.25,11.0,3.5],"texture":"#7"},"up":{"uv":[3.5,4.0,0.0,0.0],"texture":"#7"},"down":{"uv":[7.0,0.0,3.5,4.0],"texture":"#7"}}},{"from":[0.0,6.6,1.0],"to":[1.0,8.6,17.0],"rotation":{"origin":[8.0,1.85,9.0],"x":-22.5,"y":0.0,"z":0.0},"faces":{"north":{"uv":[3.25,13.0,3.5,13.5],"texture":"#7"},"east":{"uv":[0.0,5.0,4.0,5.5],"texture":"#7"},"south":{"uv":[3.5,13.0,3.75,13.5],"texture":"#7"},"west":{"uv":[4.0,5.0,8.0,5.5],"texture":"#7"},"up":{"uv":[4.75,11.0,4.5,7.0],"texture":"#7"},"down":{"uv":[5.0,7.0,4.75,11.0],"texture":"#7"}}},{"from":[1.0,4.6,16.0],"to":[2.0,8.6,17.0],"rotation":{"origin":[8.0,1.85,9.0],"x":-22.5,"y":0.0,"z":0.0},"faces":{"north":{"uv":[8.75,12.0,9.0,13.0],"texture":"#7"},"east":{"uv":[9.0,12.0,9.25,13.0],"texture":"#7"},"south":{"uv":[9.25,12.0,9.5,13.0],"texture":"#7"},"west":{"uv":[11.5,12.0,11.75,13.0],"texture":"#7"},"up":{"uv":[11.0,6.25,10.75,6.0],"texture":"#7"},"down":{"uv":[11.25,3.75,11.0,4.0],"texture":"#7"}}},{"from":[0.0,3.6,17.0],"to":[16.0,5.6,18.0],"rotation":{"origin":[8.0,1.85,9.0],"x":-22.5,"y":0.0,"z":0.0},"faces":{"north":{"uv":[0.0,5.5,4.0,6.0],"texture":"#7"},"east":{"uv":[13.0,3.5,13.25,4.0],"texture":"#7"},"south":{"uv":[4.0,5.5,8.0,6.0],"texture":"#7"},"west":{"uv":[3.75,13.0,4.0,13.5],"texture":"#7"},"up":{"uv":[11.0,3.75,7.0,3.5],"texture":"#7"},"down":{"uv":[11.0,3.75,7.0,4.0],"texture":"#7"}}},{"from":[0.0,6.6,17.0],"to":[16.0,8.6,18.0],"rotation":{"origin":[8.0,1.85,9.0],"x":-22.5,"y":0.0,"z":0.0},"faces":{"north":{"uv":[0.0,6.0,4.0,6.5],"texture":"#7"},"east":{"uv":[4.0,13.0,4.25,13.5],"texture":"#7"},"south":{"uv":[4.0,6.0,8.0,6.5],"texture":"#7"},"west":{"uv":[13.0,4.0,13.25,4.5],"texture":"#7"},"up":{"uv":[9.0,7.25,5.0,7.0],"texture":"#7"},"down":{"uv":[9.0,7.25,5.0,7.5],"texture":"#7"}}},{"from":[15.0,3.6,1.0],"to":[16.0,5.6,17.0],"rotation":{"origin":[8.0,1.85,9.0],"x":-22.5,"y":0.0,"z":0.0},"faces":{"north":{"uv":[4.25,13.0,4.5,13.5],"texture":"#7"},"east":{"uv":[0.0,6.5,4.0,7.0],"texture":"#7"},"south":{"uv":[4.5,13.0,4.75,13.5],"texture":"#7"},"west":{"uv":[4.0,6.5,8.0,7.0],"texture":"#7"},"up":{"uv":[0.25,11.5,0.0,7.5],"texture":"#7"},"down":{"uv":[0.5,7.5,0.25,11.5],"texture":"#7"}}},{"from":[15.0,6.6,1.0],"to":[16.0,8.6,17.0],"rotation":{"origin":[8.0,1.85,9.0],"x":-22.5,"y":0.0,"z":0.0},"faces":{"north":{"uv":[13.0,4.5,13.25,5.0],"texture":"#7"},"east":{"uv":[0.0,7.0,4.0,7.5],"texture":"#7"},"south":{"uv":[4.75,13.0,5.0,13.5],"texture":"#7"},"west":{"uv":[7.0,0.0,11.0,0.5],"texture":"#7"},"up":{"uv":[0.75,11.5,0.5,7.5],"texture":"#7"},"down":{"uv":[1.0,7.5,0.75,11.5],"texture":"#7"}}},{"from":[14.0,4.6,16.0],"to":[15.0,8.6,17.0],"rotation":{"origin":[8.0,1.85,9.0],"x":-22.5,"y":0.0,"z":0.0},"faces":{"north":{"uv":[11.75,12.0,12.0,13.0],"texture":"#7"},"east":{"uv":[12.0,12.0,12.25,13.0],"texture":"#7"},"south":{"uv":[0.0,12.25,0.25,13.25],"texture":"#7"},"west":{"uv":[0.25,12.25,0.5,13.25],"texture":"#7"},"up":{"uv":[11.5,4.0,11.25,3.75],"texture":"#7"},"down":{"uv":[9.75,11.25,9.5,11.5],"texture":"#7"}}},{"from":[14.0,4.6,1.0],"to":[15.0,8.6,2.0],"rotation":{"origin":[8.0,1.85,9.0],"x":-22.5,"y":0.0,"z":0.0},"faces":{"north":{"uv":[0.5,12.25,0.75,13.25],"texture":"#7"},"east":{"uv":[12.25,3.75,12.5,4.75],"texture":"#7"},"south":{"uv":[12.25,4.75,12.5,5.75],"texture":"#7"},"west":{"uv":[12.25,6.75,12.5,7.75],"texture":"#7"},"up":{"uv":[10.0,11.5,9.75,11.25],"texture":"#7"},"down":{"uv":[1.0,11.5,0.75,11.75],"texture":"#7"}}},{"from":[0.0,3.6,0.0],"to":[16.0,5.6,1.0],"rotation":{"origin":[8.0,1.85,9.0],"x":-22.5,"y":0.0,"z":0.0},"faces":{"north":{"uv":[7.0,0.5,11.0,1.0],"texture":"#7"},"east":{"uv":[5.0,13.0,5.25,13.5],"texture":"#7"},"south":{"uv":[7.0,1.0,11.0,1.5],"texture":"#7"},"west":{"uv":[13.0,5.0,13.25,5.5],"texture":"#7"},"up":{"uv":[9.0,7.75,5.0,7.5],"texture":"#7"},"down":{"uv":[9.0,7.75,5.0,8.0],"texture":"#7"}}},{"from":[13.75,-0.25,14.0],"to":[15.75,6.75,16.0],"rotation":{"origin":[13.75,-0.25,14.0],"x":0.0,"y":0.0,"z":0.0},"faces":{"north":{"uv":[1.0,7.5,1.5,9.25],"texture":"#7"},"east":{"uv":[1.5,7.5,2.0,9.25],"texture":"#7"},"south":{"uv":[2.0,7.5,2.5,9.25],"texture":"#7"},"west":{"uv":[2.5,7.5,3.0,9.25],"texture":"#7"},"up":{"uv":[8.5,7.0,8.0,6.5],"texture":"#7"},"down":{"uv":[9.0,6.5,8.5,7.0],"texture":"#7"}}},{"from":[0.25,-0.25,14.0],"to":[2.25,6.75,16.0],"rotation":{"origin":[2.25,-0.25,14.0],"x":0.0,"y":0.0,"z":0.0},"faces":{"north":{"uv":[3.0,7.5,3.5,9.25],"texture":"#7"},"east":{"uv":[3.5,7.5,4.0,9.25],"texture":"#7"},"south":{"uv":[8.0,4.5,8.5,6.25],"texture":"#7"},"west":{"uv":[5.0,8.0,5.5,9.75],"texture":"#7"},"up":{"uv":[5.5,10.25,5.0,9.75],"texture":"#7"},"down":{"uv":[8.5,10.25,8.0,10.75],"texture":"#7"}}},{"from":[1.75,2.0,14.5],"to":[13.75,4.0,15.5],"rotation":{"origin":[11.75,2.0,13.5],"x":0.0,"y":0.0,"z":0.0},"faces":{"north":{"uv":[7.0,1.5,10.0,2.0],"texture":"#7"},"east":{"uv":[5.25,13.0,5.5,13.5],"texture":"#7"},"south":{"uv":[7.0,2.0,10.0,2.5],"texture":"#7"},"west":{"uv":[5.5,13.0,5.75,13.5],"texture":"#7"},"up":{"uv":[8.5,8.25,5.5,8.0],"texture":"#7"},"down":{"uv":[11.0,6.25,8.0,6.5],"texture":"#7"}}},{"from":[6.5,8.70751,10.3109],"to":[9.5,11.70751,13.3109],"rotation":{"origin":[8.0,7.5,6.48149],"x":0.0,"y":0.0,"z":0.0},"faces":{"north":{"uv":[8.5,5.5,9.25,6.25],"texture":"#7"},"east":{"uv":[9.25,5.5,10.0,6.25],"texture":"#7"},"south":{"uv":[10.0,5.5,10.75,6.25],"texture":"#7"},"west":{"uv":[8.5,10.0,9.25,10.75],"texture":"#7"},"up":{"uv":[10.75,9.25,10.0,8.5],"texture":"#7"},"down":{"uv":[10.75,9.25,10.0,10.0],"texture":"#7"}}},{"from":[7.0,6.70751,10.8109],"to":[9.0,8.70751,12.8109],"rotation":{"origin":[8.0,7.5,6.48149],"x":0.0,"y":0.0,"z":0.0},"faces":{"north":{"uv":[8.75,10.75,9.25,11.25],"texture":"#7"},"east":{"uv":[12.25,1.5,12.75,2.0],"texture":"#7"},"south":{"uv":[7.75,12.25,8.25,12.75],"texture":"#7"},"west":{"uv":[12.25,7.75,12.75,8.25],"texture":"#7"},"up":{"uv":[12.75,8.75,12.25,8.25],"texture":"#7"},"down":{"uv":[12.75,8.75,12.25,9.25],"texture":"#7"}}},{"from":[7.5,5.70751,11.3109],"to":[8.5,6.70751,12.3109],"rotation":{"origin":[8.0,7.5,6.48149],"x":0.0,"y":0.0,"z":0.0},"faces":{"north":{"uv":[10.25,11.5,10.5,11.75],"texture":"#7"},"east":{"uv":[10.5,11.5,10.75,11.75],"texture":"#7"},"south":{"uv":[12.25,2.0,12.5,2.25],"texture":"#7"},"west":{"uv":[12.25,5.75,12.5,6.0],"texture":"#7"},"up":{"uv":[8.5,12.5,8.25,12.25],"texture":"#7"},"down":{"uv":[10.25,12.25,10.0,12.5],"texture":"#7"}}},{"from":[6.75,10.45751,11.8109],"to":[9.75,14.45751,11.8109],"rotation":{"origin":[8.0,7.5,6.48149],"x":0.0,"y":0.0,"z":0.0},"faces":{"north":{"uv":[5.5,8.25,6.25,9.25],"texture":"#7"},"east":{"uv":[0.0,0.0,0.0,1.0],"texture":"#7"},"south":{"uv":[6.25,8.25,7.0,9.25],"texture":"#7"},"west":{"uv":[0.0,0.0,0.0,1.0],"texture":"#7"},"up":{"uv":[0.75,0.0,0.0,0.0],"texture":"#7"},"down":{"uv":[0.75,0.0,0.0,0.0],"texture":"#7"}}},{"from":[6.5,7.27245,6.84635],"to":[9.5,10.27245,9.84635],"rotation":{"origin":[8.0,7.5,6.48149],"x":0.0,"y":0.0,"z":0.0},"faces":{"north":{"uv":[10.0,10.0,10.75,10.75],"texture":"#7"},"east":{"uv":[1.0,10.25,1.75,11.0],"texture":"#7"},"south":{"uv":[1.75,10.25,2.5,11.0],"texture":"#7"},"west":{"uv":[2.5,10.25,3.25,11.0],"texture":"#7"},"up":{"uv":[4.0,11.0,3.25,10.25],"texture":"#7"},"down":{"uv":[5.75,10.25,5.0,11.0],"texture":"#7"}}},{"from":[7.0,5.27245,7.34635],"to":[9.0,7.27245,9.34635],"rotation":{"origin":[8.0,7.5,6.48149],"x":0.0,"y":0.0,"z":0.0},"faces":{"north":{"uv":[12.25,9.25,12.75,9.75],"texture":"#7"},"east":{"uv":[9.5,12.25,10.0,12.75],"texture":"#7"},"south":{"uv":[12.25,9.75,12.75,10.25],"texture":"#7"},"west":{"uv":[12.25,10.25,12.75,10.75],"texture":"#7"},"up":{"uv":[12.75,11.25,12.25,10.75],"texture":"#7"},"down":{"uv":[12.75,11.25,12.25,11.75],"texture":"#7"}}},{"from":[7.5,4.27245,7.84635],"to":[8.5,5.27245,8.84635],"rotation":{"origin":[8.0,7.5,6.48149],"x":0.0,"y":0.0,"z":0.0},"faces":{"north":{"uv":[7.25,12.5,7.5,12.75],"texture":"#7"},"east":{"uv":[12.75,6.5,13.0,6.75],"texture":"#7"},"south":{"uv":[13.0,5.5,13.25,5.75],"texture":"#7"},"west":{"uv":[5.75,13.0,6.0,13.25],"texture":"#7"},"up":{"uv":[13.25,6.0,13.0,5.75],"texture":"#7"},"down":{"uv":[6.25,13.0,6.0,13.25],"texture":"#7"}}},{"from":[6.75,9.77245,8.34635],"to":[9.75,13.77245,8.34635],"rotation":{"origin":[8.0,7.5,6.48149],"x":0.0,"y":0.0,"z":0.0},"faces":{"north":{"uv":[7.0,8.25,7.75,9.25],"texture":"#7"},"east":{"uv":[0.0,0.0,0.0,1.0],"texture":"#7"},"south":{"uv":[7.75,8.25,8.5,9.25],"texture":"#7"},"west":{"uv":[0.0,0.0,0.0,1.0],"texture":"#7"},"up":{"uv":[0.75,0.0,0.0,0.0],"texture":"#7"},"down":{"uv":[0.75,0.0,0.0,0.0],"texture":"#7"}}},{"from":[6.5,5.83739,3.3818],"to":[9.5,8.83739,6.3818],"rotation":{"origin":[8.0,7.5,6.48149],"x":0.0,"y":0.0,"z":0.0},"faces":{"north":{"uv":[5.75,10.25,6.5,11.0],"texture":"#7"},"east":{"uv":[6.5,10.25,7.25,11.0],"texture":"#7"},"south":{"uv":[7.25,10.25,8.0,11.0],"texture":"#7"},"west":{"uv":[10.5,6.5,11.25,7.25],"texture":"#7"},"up":{"uv":[10.0,11.25,9.25,10.5],"texture":"#7"},"down":{"uv":[11.5,1.5,10.75,2.25],"texture":"#7"}}},{"from":[7.0,3.83739,3.8818],"to":[9.0,5.83739,5.8818],"rotation":{"origin":[8.0,7.5,6.48149],"x":0.0,"y":0.0,"z":0.0},"faces":{"north":{"uv":[12.25,11.75,12.75,12.25],"texture":"#7"},"east":{"uv":[12.25,12.25,12.75,12.75],"texture":"#7"},"south":{"uv":[12.5,0.0,13.0,0.5],"texture":"#7"},"west":{"uv":[12.5,0.5,13.0,1.0],"texture":"#7"},"up":{"uv":[1.25,13.0,0.75,12.5],"texture":"#7"},"down":{"uv":[13.0,1.0,12.5,1.5],"texture":"#7"}}},{"from":[7.5,2.83739,4.3818],"to":[8.5,3.83739,5.3818],"rotation":{"origin":[8.0,7.5,6.48149],"x":0.0,"y":0.0,"z":0.0},"faces":{"north":{"uv":[6.25,13.0,6.5,13.25],"texture":"#7"},"east":{"uv":[6.5,13.0,6.75,13.25],"texture":"#7"},"south":{"uv":[13.0,6.5,13.25,6.75],"texture":"#7"},"west":{"uv":[6.75,13.0,7.0,13.25],"texture":"#7"},"up":{"uv":[13.25,7.0,13.0,6.75],"texture":"#7"},"down":{"uv":[7.25,13.0,7.0,13.25],"texture":"#7"}}},{"from":[6.75,7.58739,4.8818],"to":[9.75,11.58739,4.8818],"rotation":{"origin":[8.0,7.5,6.48149],"x":0.0,"y":0.0,"z":0.0},"faces":{"north":{"uv":[8.5,4.5,9.25,5.5],"texture":"#7"},"east":{"uv":[0.0,0.0,0.0,1.0],"texture":"#7"},"south":{"uv":[8.5,8.0,9.25,9.0],"texture":"#7"},"west":{"uv":[0.0,0.0,0.0,1.0],"texture":"#7"},"up":{"uv":[0.75,0.0,0.0,0.0],"texture":"#7"},"down":{"uv":[0.75,0.0,0.0,0.0],"texture":"#7"}}},{"from":[6.5,4.40232,-0.08275],"to":[9.5,7.40232,2.91725],"rotation":{"origin":[8.0,7.5,6.48149],"x":0.0,"y":0.0,"z":0.0},"faces":{"north":{"uv":[10.75,4.5,11.5,5.25],"texture":"#7"},"east":{"uv":[10.75,5.25,11.5,6.0],"texture":"#7"},"south":{"uv":[10.75,7.25,11.5,8.0],"texture":"#7"},"west":{"uv":[8.0,10.75,8.75,11.5],"texture":"#7"},"up":{"uv":[11.5,8.75,10.75,8.0],"texture":"#7"},"down":{"uv":[11.5,8.75,10.75,9.5],"texture":"#7"}}},{"from":[7.0,2.40232,0.41725],"to":[9.0,4.40232,2.41725],"rotation":{"origin":[8.0,7.5,6.48149],"x":0.0,"y":0.0,"z":0.0},"faces":{"north":{"uv":[1.25,12.5,1.75,13.0],"texture":"#7"},"east":{"uv":[1.75,12.5,2.25,13.0],"texture":"#7"},"south":{"uv":[12.5,2.0,13.0,2.5],"texture":"#7"},"west":{"uv":[2.25,12.5,2.75,13.0],"texture":"#7"},"up":{"uv":[13.0,3.0,12.5,2.5],"texture":"#7"},"down":{"uv":[3.25,12.5,2.75,13.0],"texture":"#7"}}},{"from":[7.5,1.40232,0.91725],"to":[8.5,2.40232,1.91725],"rotation":{"origin":[8.0,7.5,6.48149],"x":0.0,"y":0.0,"z":0.0},"faces":{"north":{"uv":[13.0,7.0,13.25,7.25],"texture":"#7"},"east":{"uv":[13.0,7.25,13.25,7.5],"texture":"#7"},"south":{"uv":[13.0,7.5,13.25,7.75],"texture":"#7"},"west":{"uv":[8.25,13.0,8.5,13.25],"texture":"#7"},"up":{"uv":[8.75,13.25,8.5,13.0],"texture":"#7"},"down":{"uv":[9.0,13.0,8.75,13.25],"texture":"#7"}}},{"from":[6.25,5.97844,1.79994],"to":[9.25,9.97844,1.79994],"rotation":{"origin":[8.0,7.5,6.48149],"x":0.0,"y":0.0,"z":0.0},"faces":{"north":{"uv":[9.0,6.5,9.75,7.5],"texture":"#7"},"east":{"uv":[0.0,0.0,0.0,1.0],"texture":"#7"},"south":{"uv":[8.5,9.0,9.25,10.0],"texture":"#7"},"west":{"uv":[0.0,0.0,0.0,1.0],"texture":"#7"},"up":{"uv":[0.75,0.0,0.0,0.0],"texture":"#7"},"down":{"uv":[0.75,0.0,0.0,0.0],"texture":"#7"}}},{"from":[10.75,9.95751,11.8109],"to":[13.75,13.95751,11.8109],"rotation":{"origin":[8.0,7.5,6.48149],"x":0.0,"y":0.0,"z":0.0},"faces":{"north":{"uv":[1.0,9.25,1.75,10.25],"texture":"#7"},"east":{"uv":[0.0,0.0,0.0,1.0],"texture":"#7"},"south":{"uv":[1.75,9.25,2.5,10.25],"texture":"#7"},"west":{"uv":[0.0,0.0,0.0,1.0],"texture":"#7"},"up":{"uv":[0.75,0.0,0.0,0.0],"texture":"#7"},"down":{"uv":[0.75,0.0,0.0,0.0],"texture":"#7"}}},{"from":[11.5,5.70751,11.3109],"to":[12.5,6.70751,12.3109],"rotation":{"origin":[8.0,7.5,6.48149],"x":0.0,"y":0.0,"z":0.0},"faces":{"north":{"uv":[9.0,13.0,9.25,13.25],"texture":"#7"},"east":{"uv":[9.25,13.0,9.5,13.25],"texture":"#7"},"south":{"uv":[10.0,13.0,10.25,13.25],"texture":"#7"},"west":{"uv":[10.25,13.0,10.5,13.25],"texture":"#7"},"up":{"uv":[10.75,13.25,10.5,13.0],"texture":"#7"},"down":{"uv":[11.0,13.0,10.75,13.25],"texture":"#7"}}},{"from":[11.0,6.70751,10.8109],"to":[13.0,8.70751,12.8109],"rotation":{"origin":[8.0,7.5,6.48149],"x":0.0,"y":0.0,"z":0.0},"faces":{"north":{"uv":[12.5,3.0,13.0,3.5],"texture":"#7"},"east":{"uv":[3.25,12.5,3.75,13.0],"texture":"#7"},"south":{"uv":[12.5,3.5,13.0,4.0],"texture":"#7"},"west":{"uv":[3.75,12.5,4.25,13.0],"texture":"#7"},"up":{"uv":[13.0,4.5,12.5,4.0],"texture":"#7"},"down":{"uv":[4.75,12.5,4.25,13.0],"texture":"#7"}}},{"from":[10.5,8.70751,10.3109],"to":[13.5,11.70751,13.3109],"rotation":{"origin":[8.0,7.5,6.48149],"x":0.0,"y":0.0,"z":0.0},"faces":{"north":{"uv":[10.75,9.5,11.5,10.25],"texture":"#7"},"east":{"uv":[10.0,10.75,10.75,11.5],"texture":"#7"},"south":{"uv":[10.75,10.25,11.5,11.0],"texture":"#7"},"west":{"uv":[11.0,0.0,11.75,0.75],"texture":"#7"},"up":{"uv":[11.75,1.5,11.0,0.75],"texture":"#7"},"down":{"uv":[1.75,11.0,1.0,11.75],"texture":"#7"}}},{"from":[9.75,9.10014,8.23008],"to":[12.75,13.10014,8.23008],"rotation":{"origin":[8.0,7.5,6.48149],"x":0.0,"y":0.0,"z":0.0},"faces":{"north":{"uv":[2.5,9.25,3.25,10.25],"texture":"#7"},"east":{"uv":[0.0,0.0,0.0,1.0],"texture":"#7"},"south":{"uv":[3.25,9.25,4.0,10.25],"texture":"#7"},"west":{"uv":[0.0,0.0,0.0,1.0],"texture":"#7"},"up":{"uv":[0.75,0.0,0.0,0.0],"texture":"#7"},"down":{"uv":[0.75,0.0,0.0,0.0],"texture":"#7"}}},{"from":[11.5,4.27245,7.84635],"to":[12.5,5.27245,8.84635],"rotation":{"origin":[8.0,7.5,6.48149],"x":0.0,"y":0.0,"z":0.0},"faces":{"north":{"uv":[11.5,13.0,11.75,13.25],"texture":"#7"},"east":{"uv":[11.75,13.0,12.0,13.25],"texture":"#7"},"south":{"uv":[12.0,13.0,12.25,13.25],"texture":"#7"},"west":{"uv":[0.0,13.25,0.25,13.5],"texture":"#7"},"up":{"uv":[0.5,13.5,0.25,13.25],"texture":"#7"},"down":{"uv":[0.75,13.25,0.5,13.5],"texture":"#7"}}},{"from":[11.0,5.27245,7.34635],"to":[13.0,7.27245,9.34635],"rotation":{"origin":[8.0,7.5,6.48149],"x":0.0,"y":0.0,"z":0.0},"faces":{"north":{"uv":[12.5,4.5,13.0,5.0],"texture":"#7"},"east":{"uv":[4.75,12.5,5.25,13.0],"texture":"#7"},"south":{"uv":[12.5,5.0,13.0,5.5],"texture":"#7"},"west":{"uv":[5.25,12.5,5.75,13.0],"texture":"#7"},"up":{"uv":[13.0,6.0,12.5,5.5],"texture":"#7"},"down":{"uv":[6.25,12.5,5.75,13.0],"texture":"#7"}}},{"from":[10.5,7.27245,6.84635],"to":[13.5,10.27245,9.84635],"rotation":{"origin":[8.0,7.5,6.48149],"x":0.0,"y":0.0,"z":0.0},"faces":{"north":{"uv":[1.75,11.0,2.5,11.75],"texture":"#7"},"east":{"uv":[11.0,2.25,11.75,3.0],"texture":"#7"},"south":{"uv":[2.5,11.0,3.25,11.75],"texture":"#7"},"west":{"uv":[11.0,3.0,11.75,3.75],"texture":"#7"},"up":{"uv":[4.0,11.75,3.25,11.0],"texture":"#7"},"down":{"uv":[4.75,11.0,4.0,11.75],"texture":"#7"}}},{"from":[10.75,6.20261,4.95426],"to":[13.75,10.20261,4.95426],"rotation":{"origin":[8.0,7.5,6.48149],"x":0.0,"y":0.0,"z":0.0},"faces":{"north":{"uv":[9.25,4.5,10.0,5.5],"texture":"#7"},"east":{"uv":[0.0,0.0,0.0,1.0],"texture":"#7"},"south":{"uv":[5.5,9.25,6.25,10.25],"texture":"#7"},"west":{"uv":[0.0,0.0,0.0,1.0],"texture":"#7"},"up":{"uv":[0.75,0.0,0.0,0.0],"texture":"#7"},"down":{"uv":[0.75,0.0,0.0,0.0],"texture":"#7"}}},{"from":[11.5,2.83739,4.3818],"to":[12.5,3.83739,5.3818],"rotation":{"origin":[8.0,7.5,6.48149],"x":0.0,"y":0.0,"z":0.0},"faces":{"north":{"uv":[13.25,1.5,13.5,1.75],"texture":"#7"},"east":{"uv":[13.25,1.75,13.5,2.0],"texture":"#7"},"south":{"uv":[13.25,3.5,13.5,3.75],"texture":"#7"},"west":{"uv":[13.25,3.75,13.5,4.0],"texture":"#7"},"up":{"uv":[13.5,4.25,13.25,4.0],"texture":"#7"},"down":{"uv":[13.5,4.25,13.25,4.5],"texture":"#7"}}},{"from":[11.0,3.83739,3.8818],"to":[13.0,5.83739,5.8818],"rotation":{"origin":[8.0,7.5,6.48149],"x":0.0,"y":0.0,"z":0.0},"faces":{"north":{"uv":[6.25,12.5,6.75,13.0],"texture":"#7"},"east":{"uv":[6.75,12.5,7.25,13.0],"texture":"#7"},"south":{"uv":[12.5,6.75,13.0,7.25],"texture":"#7"},"west":{"uv":[12.5,7.25,13.0,7.75],"texture":"#7"},"up":{"uv":[8.75,13.0,8.25,12.5],"texture":"#7"},"down":{"uv":[10.5,12.5,10.0,13.0],"texture":"#7"}}},{"from":[10.5,5.83739,3.3818],"to":[13.5,8.83739,6.3818],"rotation":{"origin":[8.0,7.5,6.48149],"x":0.0,"y":0.0,"z":0.0},"faces":{"north":{"uv":[4.75,11.0,5.5,11.75],"texture":"#7"},"east":{"uv":[5.5,11.0,6.25,11.75],"texture":"#7"},"south":{"uv":[6.25,11.0,7.0,11.75],"texture":"#7"},"west":{"uv":[7.0,11.0,7.75,11.75],"texture":"#7"},"up":{"uv":[11.5,11.75,10.75,11.0],"texture":"#7"},"down":{"uv":[12.0,6.0,11.25,6.75],"texture":"#7"}}},{"from":[10.75,6.90232,1.41725],"to":[13.75,10.90232,1.41725],"rotation":{"origin":[8.0,7.5,6.48149],"x":0.0,"y":0.0,"z":0.0},"faces":{"north":{"uv":[6.25,9.25,7.0,10.25],"texture":"#7"},"east":{"uv":[0.0,0.0,0.0,1.0],"texture":"#7"},"south":{"uv":[7.0,9.25,7.75,10.25],"texture":"#7"},"west":{"uv":[0.0,0.0,0.0,1.0],"texture":"#7"},"up":{"uv":[0.75,0.0,0.0,0.0],"texture":"#7"},"down":{"uv":[0.75,0.0,0.0,0.0],"texture":"#7"}}},{"from":[11.5,1.40232,0.91725],"to":[12.5,2.40232,1.91725],"rotation":{"origin":[8.0,7.5,6.48149],"x":0.0,"y":0.0,"z":0.0},"faces":{"north":{"uv":[13.25,4.5,13.5,4.75],"texture":"#7"},"east":{"uv":[13.25,4.75,13.5,5.0],"texture":"#7"},"south":{"uv":[13.25,5.0,13.5,5.25],"texture":"#7"},"west":{"uv":[13.25,5.25,13.5,5.5],"texture":"#7"},"up":{"uv":[13.5,5.75,13.25,5.5],"texture":"#7"},"down":{"uv":[6.0,13.25,5.75,13.5],"texture":"#7"}}},{"from":[11.0,2.40232,0.41725],"to":[13.0,4.40232,2.41725],"rotation":{"origin":[8.0,7.5,6.48149],"x":0.0,"y":0.0,"z":0.0},"faces":{"north":{"uv":[10.5,12.5,11.0,13.0],"texture":"#7"},"east":{"uv":[12.75,1.5,13.25,2.0],"texture":"#7"},"south":{"uv":[12.75,6.0,13.25,6.5],"texture":"#7"},"west":{"uv":[7.25,12.75,7.75,13.25],"texture":"#7"},"up":{"uv":[8.25,13.25,7.75,12.75],"texture":"#7"},"down":{"uv":[13.25,7.75,12.75,8.25],"texture":"#7"}}},{"from":[10.5,4.40232,-0.08275],"to":[13.5,7.40232,2.91725],"rotation":{"origin":[8.0,7.5,6.48149],"x":0.0,"y":0.0,"z":0.0},"faces":{"north":{"uv":[8.75,11.25,9.5,12.0],"texture":"#7"},"east":{"uv":[0.0,11.5,0.75,12.25],"texture":"#7"},"south":{"uv":[11.5,1.5,12.25,2.25],"texture":"#7"},"west":{"uv":[11.5,3.75,12.25,4.5],"texture":"#7"},"up":{"uv":[12.25,5.25,11.5,4.5],"texture":"#7"},"down":{"uv":[12.25,5.25,11.5,6.0],"texture":"#7"}}},{"from":[2.25,10.45751,11.8109],"to":[5.25,14.45751,11.8109],"rotation":{"origin":[8.0,7.5,6.48149],"x":0.0,"y":0.0,"z":0.0},"faces":{"north":{"uv":[9.25,7.5,10.0,8.5],"texture":"#7"},"east":{"uv":[0.0,0.0,0.0,1.0],"texture":"#7"},"south":{"uv":[7.75,9.25,8.5,10.25],"texture":"#7"},"west":{"uv":[0.0,0.0,0.0,1.0],"texture":"#7"},"up":{"uv":[0.75,0.0,0.0,0.0],"texture":"#7"},"down":{"uv":[0.75,0.0,0.0,0.0],"texture":"#7"}}},{"from":[3.5,5.70751,11.3109],"to":[4.5,6.70751,12.3109],"rotation":{"origin":[8.0,7.5,6.48149],"x":0.0,"y":0.0,"z":0.0},"faces":{"north":{"uv":[13.25,5.75,13.5,6.0],"texture":"#7"},"east":{"uv":[6.0,13.25,6.25,13.5],"texture":"#7"},"south":{"uv":[13.25,6.0,13.5,6.25],"texture":"#7"},"west":{"uv":[6.25,13.25,6.5,13.5],"texture":"#7"},"up":{"uv":[13.5,6.5,13.25,6.25],"texture":"#7"},"down":{"uv":[6.75,13.25,6.5,13.5],"texture":"#7"}}},{"from":[3.0,6.70751,10.8109],"to":[5.0,8.70751,12.8109],"rotation":{"origin":[8.0,7.5,6.48149],"x":0.0,"y":0.0,"z":0.0},"faces":{"north":{"uv":[12.75,8.25,13.25,8.75],"texture":"#7"},"east":{"uv":[12.75,8.75,13.25,9.25],"texture":"#7"},"south":{"uv":[12.75,9.25,13.25,9.75],"texture":"#7"},"west":{"uv":[9.5,12.75,10.0,13.25],"texture":"#7"},"up":{"uv":[13.25,10.25,12.75,9.75],"texture":"#7"},"down":{"uv":[13.25,10.25,12.75,10.75],"texture":"#7"}}},{"from":[2.5,8.70751,10.3109],"to":[5.5,11.70751,13.3109],"rotation":{"origin":[8.0,7.5,6.48149],"x":0.0,"y":0.0,"z":0.0},"faces":{"north":{"uv":[11.5,6.75,12.25,7.5],"texture":"#7"},"east":{"uv":[11.5,7.5,12.25,8.25],"texture":"#7"},"south":{"uv":[7.75,11.5,8.5,12.25],"texture":"#7"},"west":{"uv":[11.5,8.25,12.25,9.0],"texture":"#7"},"up":{"uv":[12.25,9.75,11.5,9.0],"texture":"#7"},"down":{"uv":[10.25,11.5,9.5,12.25],"texture":"#7"}}},{"from":[2.75,8.77245,8.34635],"to":[5.75,12.77245,8.34635],"rotation":{"origin":[8.0,7.5,6.48149],"x":0.0,"y":0.0,"z":0.0},"faces":{"north":{"uv":[9.25,8.5,10.0,9.5],"texture":"#7"},"east":{"uv":[0.0,0.0,0.0,1.0],"texture":"#7"},"south":{"uv":[9.25,9.5,10.0,10.5],"texture":"#7"},"west":{"uv":[0.0,0.0,0.0,1.0],"texture":"#7"},"up":{"uv":[0.75,0.0,0.0,0.0],"texture":"#7"},"down":{"uv":[0.75,0.0,0.0,0.0],"texture":"#7"}}},{"from":[3.5,4.27245,7.84635],"to":[4.5,5.27245,8.84635],"rotation":{"origin":[8.0,7.5,6.48149],"x":0.0,"y":0.0,"z":0.0},"faces":{"north":{"uv":[13.25,6.5,13.5,6.75],"texture":"#7"},"east":{"uv":[6.75,13.25,7.0,13.5],"texture":"#7"},"south":{"uv":[13.25,6.75,13.5,7.0],"texture":"#7"},"west":{"uv":[7.0,13.25,7.25,13.5],"texture":"#7"},"up":{"uv":[13.5,7.25,13.25,7.0],"texture":"#7"},"down":{"uv":[7.5,13.25,7.25,13.5],"texture":"#7"}}},{"from":[3.0,5.27245,7.34635],"to":[5.0,7.27245,9.34635],"rotation":{"origin":[8.0,7.5,6.48149],"x":0.0,"y":0.0,"z":0.0},"faces":{"north":{"uv":[12.75,10.75,13.25,11.25],"texture":"#7"},"east":{"uv":[11.0,12.75,11.5,13.25],"texture":"#7"},"south":{"uv":[12.75,11.25,13.25,11.75],"texture":"#7"},"west":{"uv":[12.75,11.75,13.25,12.25],"texture":"#7"},"up":{"uv":[12.75,13.25,12.25,12.75],"texture":"#7"},"down":{"uv":[13.25,12.25,12.75,12.75],"texture":"#7"}}},{"from":[2.5,7.27245,6.84635],"to":[5.5,10.27245,9.84635],"rotation":{"origin":[8.0,7.5,6.48149],"x":0.0,"y":0.0,"z":0.0},"faces":{"north":{"uv":[11.5,9.75,12.25,10.5],"texture":"#7"},"east":{"uv":[11.5,10.5,12.25,11.25],"texture":"#7"},"south":{"uv":[11.5,11.25,12.25,12.0],"texture":"#7"},"west":{"uv":[11.75,0.0,12.5,0.75],"texture":"#7"},"up":{"uv":[1.5,12.5,0.75,11.75],"texture":"#7"},"down":{"uv":[12.5,0.75,11.75,1.5],"texture":"#7"}}},{"from":[2.25,6.20261,4.95426],"to":[5.25,10.20261,4.95426],"rotation":{"origin":[8.0,7.5,6.48149],"x":0.0,"y":0.0,"z":0.0},"faces":{"north":{"uv":[9.75,6.5,10.5,7.5],"texture":"#7"},"east":{"uv":[0.0,0.0,0.0,1.0],"texture":"#7"},"south":{"uv":[10.0,1.5,10.75,2.5],"texture":"#7"},"west":{"uv":[0.0,0.0,0.0,1.0],"texture":"#7"},"up":{"uv":[0.75,0.0,0.0,0.0],"texture":"#7"},"down":{"uv":[0.75,0.0,0.0,0.0],"texture":"#7"}}},{"from":[3.5,2.83739,4.3818],"to":[4.5,3.83739,5.3818],"rotation":{"origin":[8.0,7.5,6.48149],"x":0.0,"y":0.0,"z":0.0},"faces":{"north":{"uv":[13.25,7.25,13.5,7.5],"texture":"#7"},"east":{"uv":[7.5,13.25,7.75,13.5],"texture":"#7"},"south":{"uv":[13.25,7.5,13.5,7.75],"texture":"#7"},"west":{"uv":[7.75,13.25,8.0,13.5],"texture":"#7"},"up":{"uv":[13.5,8.0,13.25,7.75],"texture":"#7"},"down":{"uv":[8.25,13.25,8.0,13.5],"texture":"#7"}}},{"from":[3.0,3.83739,3.8818],"to":[5.0,5.83739,5.8818],"rotation":{"origin":[8.0,7.5,6.48149],"x":0.0,"y":0.0,"z":0.0},"faces":{"north":{"uv":[12.75,12.75,13.25,13.25],"texture":"#7"},"east":{"uv":[13.0,0.0,13.5,0.5],"texture":"#7"},"south":{"uv":[13.0,0.5,13.5,1.0],"texture":"#7"},"west":{"uv":[0.75,13.0,1.25,13.5],"texture":"#7"},"up":{"uv":[13.5,1.5,13.0,1.0],"texture":"#7"},"down":{"uv":[1.75,13.0,1.25,13.5],"texture":"#7"}}},{"from":[2.5,5.83739,3.3818],"to":[5.5,8.83739,6.3818],"rotation":{"origin":[8.0,7.5,6.48149],"x":0.0,"y":0.0,"z":0.0},"faces":{"north":{"uv":[1.5,11.75,2.25,12.5],"texture":"#7"},"east":{"uv":[2.25,11.75,3.0,12.5],"texture":"#7"},"south":{"uv":[11.75,2.25,12.5,3.0],"texture":"#7"},"west":{"uv":[3.0,11.75,3.75,12.5],"texture":"#7"},"up":{"uv":[12.5,3.75,11.75,3.0],"texture":"#7"},"down":{"uv":[4.5,11.75,3.75,12.5],"texture":"#7"}}},{"from":[2.75,6.44038,1.6086],"to":[5.75,10.44038,1.6086],"rotation":{"origin":[8.0,7.5,6.48149],"x":0.0,"y":0.0,"z":0.0},"faces":{"north":{"uv":[10.0,4.5,10.75,5.5],"texture":"#7"},"east":{"uv":[0.0,0.0,0.0,1.0],"texture":"#7"},"south":{"uv":[10.0,7.5,10.75,8.5],"texture":"#7"},"west":{"uv":[0.0,0.0,0.0,1.0],"texture":"#7"},"up":{"uv":[0.75,0.0,0.0,0.0],"texture":"#7"},"down":{"uv":[0.75,0.0,0.0,0.0],"texture":"#7"}}},{"from":[3.5,1.40232,0.91725],"to":[4.5,2.40232,1.91725],"rotation":{"origin":[8.0,7.5,6.48149],"x":0.0,"y":0.0,"z":0.0},"faces":{"north":{"uv":[13.25,8.0,13.5,8.25],"texture":"#7"},"east":{"uv":[8.25,13.25,8.5,13.5],"texture":"#7"},"south":{"uv":[13.25,8.25,13.5,8.5],"texture":"#7"},"west":{"uv":[8.5,13.25,8.75,13.5],"texture":"#7"},"up":{"uv":[13.5,8.75,13.25,8.5],"texture":"#7"},"down":{"uv":[9.0,13.25,8.75,13.5],"texture":"#7"}}},{"from":[3.0,2.40232,0.41725],"to":[5.0,4.40232,2.41725],"rotation":{"origin":[8.0,7.5,6.48149],"x":0.0,"y":0.0,"z":0.0},"faces":{"north":{"uv":[1.75,13.0,2.25,13.5],"texture":"#7"},"east":{"uv":[13.0,2.0,13.5,2.5],"texture":"#7"},"south":{"uv":[2.25,13.0,2.75,13.5],"texture":"#7"},"west":{"uv":[13.0,2.5,13.5,3.0],"texture":"#7"},"up":{"uv":[3.25,13.5,2.75,13.0],"texture":"#7"},"down":{"uv":[13.5,3.0,13.0,3.5],"texture":"#7"}}},{"from":[2.5,4.40232,-0.08275],"to":[5.5,7.40232,2.91725],"rotation":{"origin":[8.0,7.5,6.48149],"x":0.0,"y":0.0,"z":0.0},"faces":{"north":{"uv":[4.5,11.75,5.25,12.5],"texture":"#7"},"east":{"uv":[5.25,11.75,6.0,12.5],"texture":"#7"},"south":{"uv":[6.0,11.75,6.75,12.5],"texture":"#7"},"west":{"uv":[6.75,11.75,7.5,12.5],"texture":"#7"},"up":{"uv":[11.0,12.5,10.25,11.75],"texture":"#7"},"down":{"uv":[12.75,6.0,12.0,6.75],"texture":"#7"}}}],"textures":{"7":"workshop_six:c1ccb18b-db83-4799-90ef-bc78aff09cf0","particle":"workshop_six:c1ccb18b-db83-4799-90ef-bc78aff09cf0"},"gui_light":"front"}