{"display":{"thirdperson_righthand":{"rotation":[49.0,0.0,0.0],"translation":[-0.25,2.0,-1.75],"scale":[0.22,0.22,0.22]},"thirdperson_lefthand":{"rotation":[49.0,0.0,0.0],"translation":[-3.0,2.0,-1.75],"scale":[0.22,0.22,0.22]},"firstperson_righthand":{"rotation":[0.0,85.5,0.0],"translation":[0.0,3.25,-1.25],"scale":[0.3,0.3,0.3]},"firstperson_lefthand":{"rotation":[0.0,85.5,0.0],"translation":[0.0,3.25,3.5],"scale":[0.3,0.3,0.3]},"ground":{"translation":[2.75,0.0,-1.25],"scale":[0.29,0.29,0.29]},"gui":{"rotation":[31.0,180.0,0.0],"translation":[-4.0,-2.75,0.0],"scale":[0.48,0.48,0.48]},"head":{"scale":[0.0,0.0,0.0]},"fixed":{"translation":[0.0,-6.25,-15.0],"scale":[2.0,2.0,2.0]}},"elements":[{"from":[-13.0,19.0,13.0],"to":[13.0,21.0,15.0],"rotation":{"origin":[0.0,-6.0,6.0],"x":0.0,"y":0.0,"z":0.0},"faces":{"north":{"uv":[0.0,8.0,6.5,8.5],"texture":"#1"},"east":{"uv":[4.0,10.25,4.5,10.75],"texture":"#1"},"south":{"uv":[8.0,0.0,14.5,0.5],"texture":"#1"},"west":{"uv":[10.25,4.25,10.75,4.75],"texture":"#1"},"up":{"uv":[14.5,1.0,8.0,0.5],"texture":"#1"},"down":{"uv":[14.5,1.0,8.0,1.5],"texture":"#1"}}},{"from":[-13.0,3.0,13.5],"to":[13.0,19.0,14.5],"rotation":{"origin":[0.0,-6.0,6.0],"x":0.0,"y":0.0,"z":0.0},"faces":{"north":{"uv":[0.0,0.0,6.5,4.0],"texture":"#1"},"east":{"uv":[6.0,8.5,6.25,12.5],"texture":"#1"},"south":{"uv":[0.0,4.0,6.5,8.0],"texture":"#1"},"west":{"uv":[6.25,8.5,6.5,12.5],"texture":"#1"},"up":{"uv":[15.0,8.0,8.5,7.75],"texture":"#1"},"down":{"uv":[15.0,8.0,8.5,8.25],"texture":"#1"}}},{"from":[13.0,0.5,12.5],"to":[15.0,21.5,15.5],"rotation":{"origin":[0.0,-6.5,6.0],"x":0.0,"y":0.0,"z":0.0},"faces":{"north":{"uv":[0.5,8.5,1.0,13.75],"texture":"#1"},"east":{"uv":[7.25,0.0,8.0,5.25],"texture":"#1"},"south":{"uv":[1.0,8.5,0.5,13.75],"texture":"#1"},"west":{"uv":[7.25,5.25,8.0,10.5],"texture":"#1"},"up":{"uv":[4.0,11.0,3.5,10.25],"texture":"#1"},"down":{"uv":[10.75,3.5,10.25,4.25],"texture":"#1"}}},{"from":[-13.0,1.0,13.0],"to":[13.0,3.0,15.0],"rotation":{"origin":[0.0,28.0,6.0],"x":0.0,"y":0.0,"z":0.0},"faces":{"north":{"uv":[8.0,1.5,14.5,2.0],"texture":"#1"},"east":{"uv":[4.5,10.25,5.0,10.75],"texture":"#1"},"south":{"uv":[8.0,2.0,14.5,2.5],"texture":"#1"},"west":{"uv":[10.25,4.75,10.75,5.25],"texture":"#1"},"up":{"uv":[14.5,3.0,8.0,2.5],"texture":"#1"},"down":{"uv":[14.5,3.0,8.0,3.5],"texture":"#1"}}},{"from":[-7.0,10.0,13.25],"to":[-2.0,17.0,13.25],"rotation":{"origin":[-2.0,15.0,13.25],"x":0.0,"y":0.0,"z":0.0},"faces":{"north":{"uv":[8.5,3.5,9.75,5.25],"texture":"#1"},"east":{"uv":[0.0,0.0,0.0,1.75],"texture":"#1"},"south":{"uv":[4.0,8.5,5.25,10.25],"texture":"#1"},"west":{"uv":[0.0,0.0,0.0,1.75],"texture":"#1"},"up":{"uv":[1.25,0.0,0.0,0.0],"texture":"#1"},"down":{"uv":[1.25,0.0,0.0,0.0],"texture":"#1"}}},{"from":[-3.0,7.0,13.0],"to":[2.0,14.0,13.0],"rotation":{"origin":[2.0,12.0,13.0],"x":0.0,"y":0.0,"z":0.0},"faces":{"north":{"uv":[1.5,8.5,2.75,10.25],"texture":"#1"},"east":{"uv":[0.0,0.0,0.0,1.75],"texture":"#1"},"south":{"uv":[2.75,8.5,4.0,10.25],"texture":"#1"},"west":{"uv":[0.0,0.0,0.0,1.75],"texture":"#1"},"up":{"uv":[1.25,0.0,0.0,0.0],"texture":"#1"},"down":{"uv":[1.25,0.0,0.0,0.0],"texture":"#1"}}},{"from":[-10.5,11.0,13.0],"to":[-8.5,17.0,13.0],"rotation":{"origin":[-10.5,15.0,13.0],"x":0.0,"y":0.0,"z":0.0},"faces":{"north":{"uv":[5.25,10.0,5.75,11.5],"texture":"#1"},"east":{"uv":[0.0,0.0,0.0,1.5],"texture":"#1"},"south":{"uv":[10.0,9.75,10.5,11.25],"texture":"#1"},"west":{"uv":[0.0,0.0,0.0,1.5],"texture":"#1"},"up":{"uv":[0.5,0.0,0.0,0.0],"texture":"#1"},"down":{"uv":[0.5,0.0,0.0,0.0],"texture":"#1"}}},{"from":[7.5,10.5,13.0],"to":[9.5,16.5,13.0],"rotation":{"origin":[7.5,14.5,13.0],"x":0.0,"y":0.0,"z":0.0},"faces":{"north":{"uv":[9.75,3.5,10.25,5.0],"texture":"#1"},"east":{"uv":[0.0,0.0,0.0,1.5],"texture":"#1"},"south":{"uv":[9.75,8.25,10.25,9.75],"texture":"#1"},"west":{"uv":[0.0,0.0,0.0,1.5],"texture":"#1"},"up":{"uv":[0.5,0.0,0.0,0.0],"texture":"#1"},"down":{"uv":[0.5,0.0,0.0,0.0],"texture":"#1"}}},{"from":[9.0,8.5,12.75],"to":[11.0,14.5,12.75],"rotation":{"origin":[9.0,12.5,12.75],"x":0.0,"y":0.0,"z":0.0},"faces":{"north":{"uv":[8.0,8.75,8.5,10.25],"texture":"#1"},"east":{"uv":[0.0,0.0,0.0,1.5],"texture":"#1"},"south":{"uv":[9.25,8.25,9.75,9.75],"texture":"#1"},"west":{"uv":[0.0,0.0,0.0,1.5],"texture":"#1"},"up":{"uv":[0.5,0.0,0.0,0.0],"texture":"#1"},"down":{"uv":[0.5,0.0,0.0,0.0],"texture":"#1"}}},{"from":[3.25,5.0,13.0],"to":[10.25,10.0,13.0],"rotation":{"origin":[7.25,7.5,13.0],"x":0.0,"y":0.0,"z":0.0},"faces":{"north":{"uv":[8.5,5.25,10.25,6.5],"texture":"#1"},"east":{"uv":[0.0,0.0,0.0,1.25],"texture":"#1"},"south":{"uv":[8.5,6.5,10.25,7.75],"texture":"#1"},"west":{"uv":[0.0,0.0,0.0,1.25],"texture":"#1"},"up":{"uv":[1.75,0.0,0.0,0.0],"texture":"#1"},"down":{"uv":[1.75,0.0,0.0,0.0],"texture":"#1"}}},{"from":[-6.0,5.0,13.0],"to":[-4.0,9.0,13.0],"rotation":{"origin":[-4.0,8.0,13.0],"x":0.0,"y":0.0,"z":0.0},"faces":{"north":{"uv":[1.5,10.25,2.0,11.25],"texture":"#1"},"east":{"uv":[0.0,0.0,0.0,1.0],"texture":"#1"},"south":{"uv":[2.0,10.25,2.5,11.25],"texture":"#1"},"west":{"uv":[0.0,0.0,0.0,1.0],"texture":"#1"},"up":{"uv":[0.5,0.0,0.0,0.0],"texture":"#1"},"down":{"uv":[0.5,0.0,0.0,0.0],"texture":"#1"}}},{"from":[3.25,11.25,13.0],"to":[6.25,17.25,13.0],"rotation":{"origin":[4.25,15.25,13.0],"x":0.0,"y":0.0,"z":0.0},"faces":{"north":{"uv":[5.25,8.5,6.0,10.0],"texture":"#1"},"east":{"uv":[0.0,0.0,0.0,1.5],"texture":"#1"},"south":{"uv":[8.5,8.25,9.25,9.75],"texture":"#1"},"west":{"uv":[0.0,0.0,0.0,1.5],"texture":"#1"},"up":{"uv":[0.75,0.0,0.0,0.0],"texture":"#1"},"down":{"uv":[0.75,0.0,0.0,0.0],"texture":"#1"}}},{"from":[-11.0,5.0,13.0],"to":[-8.0,9.0,13.0],"rotation":{"origin":[-10.0,7.0,13.0],"x":0.0,"y":0.0,"z":0.0},"faces":{"north":{"uv":[8.5,9.75,9.25,10.75],"texture":"#1"},"east":{"uv":[0.0,0.0,0.0,1.0],"texture":"#1"},"south":{"uv":[9.25,9.75,10.0,10.75],"texture":"#1"},"west":{"uv":[0.0,0.0,0.0,1.0],"texture":"#1"},"up":{"uv":[0.75,0.0,0.0,0.0],"texture":"#1"},"down":{"uv":[0.75,0.0,0.0,0.0],"texture":"#1"}}},{"from":[-15.0,0.5,12.5],"to":[-13.0,21.5,15.5],"rotation":{"origin":[0.0,-6.5,6.0],"x":0.0,"y":0.0,"z":0.0},"faces":{"north":{"uv":[1.0,8.5,0.5,13.75],"texture":"#1"},"east":{"uv":[8.0,5.25,7.25,10.5],"texture":"#1"},"south":{"uv":[0.5,8.5,1.0,13.75],"texture":"#1"},"west":{"uv":[8.0,0.0,7.25,5.25],"texture":"#1"},"up":{"uv":[3.5,11.0,4.0,10.25],"texture":"#1"},"down":{"uv":[10.25,3.5,10.75,4.25],"texture":"#1"}}}],"textures":{"1":"workshop_six:3994c7fc-5fad-4886-ab22-afa98d592992","particle":"workshop_six:3994c7fc-5fad-4886-ab22-afa98d592992"},"gui_light":"front"}