{"display":{"thirdperson_righthand":{"rotation":[49.0,0.0,0.0],"translation":[-1.0,1.0,0.75],"scale":[0.27,0.27,0.27]},"thirdperson_lefthand":{"rotation":[49.0,0.0,0.0],"translation":[-1.0,1.0,0.75],"scale":[0.27,0.27,0.27]},"firstperson_righthand":{"translation":[0.0,4.75,1.5],"scale":[0.39,0.39,0.39]},"firstperson_lefthand":{"translation":[0.0,4.75,1.5],"scale":[0.39,0.39,0.39]},"ground":{"translation":[0.0,2.25,0.0],"scale":[0.4,0.4,0.4]},"gui":{"rotation":[11.75,0.0,0.0],"translation":[0.0,5.25,0.0],"scale":[1.09,1.09,1.09]},"head":{"scale":[0.0,0.0,0.0]},"fixed":{"rotation":[-90.0,0.0,0.0],"translation":[0.0,0.0,-16.0],"scale":[2.0,2.0,2.0]}},"elements":[{"from":[5.24517,0.0,3.44565],"to":[8.24517,4.0,6.44565],"rotation":{"origin":[6.24517,0.0,3.44565],"x":0.0,"y":-22.5,"z":0.0},"faces":{"north":{"uv":[4.5,9.0,6.0,11.0],"texture":"#0"},"east":{"uv":[9.0,6.0,10.5,8.0],"texture":"#0"},"south":{"uv":[7.5,9.0,9.0,11.0],"texture":"#0"},"west":{"uv":[9.0,8.0,10.5,10.0],"texture":"#0"},"up":{"uv":[12.0,4.5,10.5,3.0],"texture":"#0"},"down":{"uv":[12.0,4.5,10.5,6.0],"texture":"#0"}}},{"from":[9.63308,0.0,7.52282],"to":[12.63308,4.0,10.52282],"rotation":{"origin":[11.13308,2.0,9.02282],"x":0.0,"y":45.0,"z":0.0},"faces":{"north":{"uv":[4.5,9.0,6.0,11.0],"texture":"#0"},"east":{"uv":[9.0,6.0,10.5,8.0],"texture":"#0"},"south":{"uv":[7.5,9.0,9.0,11.0],"texture":"#0"},"west":{"uv":[9.0,8.0,10.5,10.0],"texture":"#0"},"up":{"uv":[12.0,4.5,10.5,3.0],"texture":"#0"},"down":{"uv":[12.0,4.5,10.5,6.0],"texture":"#0"}}},{"from":[9.24517,0.0,2.44565],"to":[12.24517,6.0,5.44565],"rotation":{"origin":[10.24517,0.0,2.44565],"x":0.0,"y":0.0,"z":0.0},"faces":{"north":{"uv":[9.0,3.0,10.5,6.0],"texture":"#0"},"east":{"uv":[9.0,3.0,10.5,6.0],"texture":"#0"},"south":{"uv":[9.0,3.0,10.5,6.0],"texture":"#0"},"west":{"uv":[9.0,3.0,10.5,6.0],"texture":"#0"},"up":{"uv":[12.0,9.0,10.5,7.5],"texture":"#0"},"down":{"uv":[12.0,9.0,10.5,10.5],"texture":"#0"}}},{"from":[2.93337,0.0,8.37477],"to":[5.93337,1.0,11.37477],"rotation":{"origin":[6.28113,1.0,10.64013],"x":0.0,"y":-22.5,"z":0.0},"faces":{"north":{"uv":[4.5,11.0,6.0,11.5],"texture":"#0"},"east":{"uv":[7.5,11.0,9.0,11.5],"texture":"#0"},"south":{"uv":[10.5,11.0,12.0,11.5],"texture":"#0"},"west":{"uv":[10.5,10.5,12.0,11.0],"texture":"#0"},"up":{"uv":[10.5,11.5,9.0,10.0],"texture":"#0","rotation":270},"down":{"uv":[1.5,10.5,0.0,12.0],"texture":"#0","rotation":90}}},{"from":[4.78113,0.0,11.14013],"to":[7.78113,1.0,14.14013],"rotation":{"origin":[6.28113,1.0,10.64013],"x":0.0,"y":45.0,"z":0.0},"faces":{"north":{"uv":[10.5,10.5,12.0,11.0],"texture":"#0"},"east":{"uv":[4.5,11.0,6.0,11.5],"texture":"#0"},"south":{"uv":[7.5,11.0,9.0,11.5],"texture":"#0"},"west":{"uv":[10.5,11.0,12.0,11.5],"texture":"#0"},"up":{"uv":[10.5,11.5,9.0,10.0],"texture":"#0"},"down":{"uv":[1.5,10.5,0.0,12.0],"texture":"#0"}}},{"from":[4.78113,1.0,9.14013],"to":[7.78113,2.0,12.14013],"rotation":{"origin":[6.28113,1.0,10.64013],"x":0.0,"y":0.0,"z":0.0},"faces":{"north":{"uv":[4.5,11.0,6.0,11.5],"texture":"#0"},"east":{"uv":[7.5,11.0,9.0,11.5],"texture":"#0"},"south":{"uv":[10.5,11.0,12.0,11.5],"texture":"#0"},"west":{"uv":[10.5,10.5,12.0,11.0],"texture":"#0"},"up":{"uv":[10.5,11.5,9.0,10.0],"texture":"#0","rotation":270},"down":{"uv":[1.5,10.5,0.0,12.0],"texture":"#0","rotation":90}}}],"textures":{"0":"workshop_six:4aa3318e-f123-42d7-b2de-c2e3abcb80b2","particle":"workshop_six:4aa3318e-f123-42d7-b2de-c2e3abcb80b2"},"gui_light":"front"}