{"display":{"thirdperson_righthand":{"rotation":[49.0,0.0,0.0],"translation":[-1.0,1.75,0.25],"scale":[0.27,0.27,0.27]},"thirdperson_lefthand":{"rotation":[49.0,0.0,0.0],"translation":[-1.0,2.0,0.25],"scale":[0.27,0.27,0.27]},"firstperson_righthand":{"translation":[0.0,4.75,1.5],"scale":[0.39,0.39,0.39]},"firstperson_lefthand":{"translation":[0.0,4.75,1.5],"scale":[0.39,0.39,0.39]},"ground":{"translation":[0.0,2.25,0.0],"scale":[0.4,0.4,0.4]},"gui":{"rotation":[23.75,0.0,0.0],"translation":[0.0,5.0,0.0],"scale":[1.04,1.04,1.04]},"head":{"scale":[0.0,0.0,0.0]},"fixed":{"rotation":[-90.0,0.0,0.0],"translation":[0.0,0.0,-16.0],"scale":[2.0,2.0,2.0]}},"elements":[{"from":[0.775,0.0,3.45],"to":[0.775,3.0,4.45],"rotation":{"origin":[0.5,1.0,0.0],"x":0.0,"y":45.0,"z":0.0},"faces":{"north":{"uv":[0.0,0.0,0.0,1.5],"texture":"#3"},"east":{"uv":[7.0,0.0,7.5,1.5],"texture":"#3"},"south":{"uv":[0.0,0.0,0.0,1.5],"texture":"#3"},"west":{"uv":[7.0,1.5,7.5,3.0],"texture":"#3"},"up":{"uv":[0.0,0.5,0.0,0.0],"texture":"#3"},"down":{"uv":[0.0,0.0,0.0,0.5],"texture":"#3"}}},{"from":[1.0,3.0,1.0],"to":[15.0,3.0,15.0],"faces":{"north":{"uv":[0.0,0.0,7.0,0.0],"texture":"#3"},"east":{"uv":[0.0,0.0,7.0,0.0],"texture":"#3"},"south":{"uv":[0.0,0.0,7.0,0.0],"texture":"#3"},"west":{"uv":[0.0,0.0,7.0,0.0],"texture":"#3"},"up":{"uv":[7.0,7.0,0.0,0.0],"texture":"#3"},"down":{"uv":[7.0,7.0,0.0,14.0],"texture":"#3"}}},{"from":[5.775,0.0,4.45],"to":[5.775,3.0,5.45],"rotation":{"origin":[5.5,1.0,1.0],"x":0.0,"y":45.0,"z":0.0},"faces":{"north":{"uv":[0.0,0.0,0.0,1.5],"texture":"#3"},"east":{"uv":[7.0,3.0,7.5,4.5],"texture":"#3"},"south":{"uv":[0.0,0.0,0.0,1.5],"texture":"#3"},"west":{"uv":[7.0,4.5,7.5,6.0],"texture":"#3"},"up":{"uv":[0.0,0.5,0.0,0.0],"texture":"#3"},"down":{"uv":[0.0,0.0,0.0,0.5],"texture":"#3"}}},{"from":[12.48753,0.0,2.59862],"to":[12.48753,3.0,3.59862],"rotation":{"origin":[12.48753,1.5,3.09862],"x":0.0,"y":-22.5,"z":0.0},"faces":{"north":{"uv":[0.0,0.0,0.0,1.5],"texture":"#3"},"east":{"uv":[7.0,6.0,7.5,7.5],"texture":"#3"},"south":{"uv":[0.0,0.0,0.0,1.5],"texture":"#3"},"west":{"uv":[7.5,0.0,8.0,1.5],"texture":"#3"},"up":{"uv":[0.0,0.5,0.0,0.0],"texture":"#3"},"down":{"uv":[0.0,0.0,0.0,0.5],"texture":"#3"}}},{"from":[5.275,0.0,7.95],"to":[5.275,3.0,8.95],"rotation":{"origin":[5.0,1.0,4.5],"x":0.0,"y":45.0,"z":0.0},"faces":{"north":{"uv":[0.0,0.0,0.0,1.5],"texture":"#3"},"east":{"uv":[7.5,1.5,8.0,3.0],"texture":"#3"},"south":{"uv":[0.0,0.0,0.0,1.5],"texture":"#3"},"west":{"uv":[7.5,3.0,8.0,4.5],"texture":"#3"},"up":{"uv":[0.0,0.5,0.0,0.0],"texture":"#3"},"down":{"uv":[0.0,0.0,0.0,0.5],"texture":"#3"}}},{"from":[3.48753,0.0,7.09862],"to":[4.48753,3.0,7.09862],"rotation":{"origin":[3.98753,1.5,7.09862],"x":0.0,"y":0.0,"z":0.0},"faces":{"north":{"uv":[7.5,4.5,8.0,6.0],"texture":"#3"},"east":{"uv":[0.0,0.0,0.0,1.5],"texture":"#3"},"south":{"uv":[7.5,6.0,8.0,7.5],"texture":"#3"},"west":{"uv":[0.0,0.0,0.0,1.5],"texture":"#3"},"up":{"uv":[0.5,0.0,0.0,0.0],"texture":"#3"},"down":{"uv":[0.5,0.0,0.0,0.0],"texture":"#3"}}},{"from":[8.275,0.0,9.45],"to":[8.275,3.0,10.45],"rotation":{"origin":[8.0,1.0,6.0],"x":0.0,"y":45.0,"z":0.0},"faces":{"north":{"uv":[0.0,0.0,0.0,1.5],"texture":"#3"},"east":{"uv":[7.0,7.5,7.5,9.0],"texture":"#3"},"south":{"uv":[0.0,0.0,0.0,1.5],"texture":"#3"},"west":{"uv":[7.5,7.5,8.0,9.0],"texture":"#3"},"up":{"uv":[0.0,0.5,0.0,0.0],"texture":"#3"},"down":{"uv":[0.0,0.0,0.0,0.5],"texture":"#3"}}},{"from":[9.48753,0.0,13.09862],"to":[10.48753,3.0,13.09862],"rotation":{"origin":[9.98753,1.5,13.09862],"x":0.0,"y":45.0,"z":0.0},"faces":{"north":{"uv":[8.0,0.0,8.5,1.5],"texture":"#3"},"east":{"uv":[0.0,0.0,0.0,1.5],"texture":"#3"},"south":{"uv":[8.0,1.5,8.5,3.0],"texture":"#3"},"west":{"uv":[0.0,0.0,0.0,1.5],"texture":"#3"},"up":{"uv":[0.5,0.0,0.0,0.0],"texture":"#3"},"down":{"uv":[0.5,0.0,0.0,0.0],"texture":"#3"}}},{"from":[2.775,0.0,12.45],"to":[2.775,3.0,13.45],"rotation":{"origin":[2.5,1.0,9.0],"x":0.0,"y":45.0,"z":0.0},"faces":{"north":{"uv":[0.0,0.0,0.0,1.5],"texture":"#3"},"east":{"uv":[8.0,3.0,8.5,4.5],"texture":"#3"},"south":{"uv":[0.0,0.0,0.0,1.5],"texture":"#3"},"west":{"uv":[8.0,4.5,8.5,6.0],"texture":"#3"},"up":{"uv":[0.0,0.5,0.0,0.0],"texture":"#3"},"down":{"uv":[0.0,0.0,0.0,0.5],"texture":"#3"}}},{"from":[-0.725,0.0,13.95],"to":[-0.725,3.0,14.95],"rotation":{"origin":[-1.0,1.0,10.5],"x":0.0,"y":45.0,"z":0.0},"faces":{"north":{"uv":[0.0,0.0,0.0,1.5],"texture":"#3"},"east":{"uv":[8.0,6.0,8.5,7.5],"texture":"#3"},"south":{"uv":[0.0,0.0,0.0,1.5],"texture":"#3"},"west":{"uv":[8.0,7.5,8.5,9.0],"texture":"#3"},"up":{"uv":[0.0,0.5,0.0,0.0],"texture":"#3"},"down":{"uv":[0.0,0.0,0.0,0.5],"texture":"#3"}}},{"from":[13.48753,0.0,11.09862],"to":[14.48753,3.0,11.09862],"rotation":{"origin":[13.98753,1.5,11.09862],"x":0.0,"y":22.5,"z":0.0},"faces":{"north":{"uv":[8.5,0.0,9.0,1.5],"texture":"#3"},"east":{"uv":[0.0,0.0,0.0,1.5],"texture":"#3"},"south":{"uv":[8.5,1.5,9.0,3.0],"texture":"#3"},"west":{"uv":[0.0,0.0,0.0,1.5],"texture":"#3"},"up":{"uv":[0.5,0.0,0.0,0.0],"texture":"#3"},"down":{"uv":[0.5,0.0,0.0,0.0],"texture":"#3"}}},{"from":[5.275,0.0,11.95],"to":[5.275,2.0,12.95],"rotation":{"origin":[5.0,1.0,8.5],"x":0.0,"y":45.0,"z":0.0},"faces":{"north":{"uv":[0.0,0.0,0.0,1.0],"texture":"#3"},"east":{"uv":[8.5,5.0,9.0,6.0],"texture":"#3"},"south":{"uv":[0.0,0.0,0.0,1.0],"texture":"#3"},"west":{"uv":[8.5,6.0,9.0,7.0],"texture":"#3"},"up":{"uv":[0.0,0.5,0.0,0.0],"texture":"#3"},"down":{"uv":[0.0,0.0,0.0,0.5],"texture":"#3"}}},{"from":[6.275,0.0,11.95],"to":[6.275,1.0,12.95],"rotation":{"origin":[6.0,1.0,8.5],"x":0.0,"y":45.0,"z":0.0},"faces":{"north":{"uv":[0.0,0.0,0.0,0.5],"texture":"#3"},"east":{"uv":[9.0,3.0,9.5,3.5],"texture":"#3"},"south":{"uv":[0.0,0.0,0.0,0.5],"texture":"#3"},"west":{"uv":[9.0,3.5,9.5,4.0],"texture":"#3"},"up":{"uv":[0.0,0.5,0.0,0.0],"texture":"#3"},"down":{"uv":[0.0,0.0,0.0,0.5],"texture":"#3"}}},{"from":[2.38397,0.0,7.74506],"to":[2.38397,2.0,8.74506],"rotation":{"origin":[2.73753,0.75,8.59862],"x":0.0,"y":-22.5,"z":0.0},"faces":{"north":{"uv":[0.0,0.0,0.0,1.0],"texture":"#3"},"east":{"uv":[8.5,7.0,9.0,8.0],"texture":"#3"},"south":{"uv":[0.0,0.0,0.0,1.0],"texture":"#3"},"west":{"uv":[8.5,8.0,9.0,9.0],"texture":"#3"},"up":{"uv":[0.0,0.5,0.0,0.0],"texture":"#3"},"down":{"uv":[0.0,0.0,0.0,0.5],"texture":"#3"}}},{"from":[3.09108,0.0,8.45217],"to":[3.09108,1.0,9.45217],"rotation":{"origin":[2.73753,0.75,8.59862],"x":0.0,"y":-22.5,"z":0.0},"faces":{"north":{"uv":[0.0,0.0,0.0,0.5],"texture":"#3"},"east":{"uv":[9.0,4.0,9.5,4.5],"texture":"#3"},"south":{"uv":[0.0,0.0,0.0,0.5],"texture":"#3"},"west":{"uv":[9.0,4.5,9.5,5.0],"texture":"#3"},"up":{"uv":[0.0,0.5,0.0,0.0],"texture":"#3"},"down":{"uv":[0.0,0.0,0.0,0.5],"texture":"#3"}}},{"from":[5.59108,0.0,1.24506],"to":[6.59108,2.0,1.24506],"rotation":{"origin":[5.73753,0.75,1.59862],"x":0.0,"y":-45.0,"z":0.0},"faces":{"north":{"uv":[9.0,0.0,9.5,1.0],"texture":"#3"},"east":{"uv":[0.0,0.0,0.0,1.0],"texture":"#3"},"south":{"uv":[9.0,1.0,9.5,2.0],"texture":"#3"},"west":{"uv":[0.0,0.0,0.0,1.0],"texture":"#3"},"up":{"uv":[0.5,0.0,0.0,0.0],"texture":"#3"},"down":{"uv":[0.5,0.0,0.0,0.0],"texture":"#3"}}},{"from":[4.88397,0.0,1.95217],"to":[5.88397,1.0,1.95217],"rotation":{"origin":[5.73753,0.75,1.59862],"x":0.0,"y":-45.0,"z":0.0},"faces":{"north":{"uv":[9.0,5.0,9.5,5.5],"texture":"#3"},"east":{"uv":[0.0,0.0,0.0,0.5],"texture":"#3"},"south":{"uv":[9.0,5.5,9.5,6.0],"texture":"#3"},"west":{"uv":[0.0,0.0,0.0,0.5],"texture":"#3"},"up":{"uv":[0.5,0.0,0.0,0.0],"texture":"#3"},"down":{"uv":[0.5,0.0,0.0,0.0],"texture":"#3"}}},{"from":[11.59108,0.0,5.24506],"to":[12.59108,2.0,5.24506],"rotation":{"origin":[11.73753,0.75,5.59862],"x":0.0,"y":45.0,"z":0.0},"faces":{"north":{"uv":[8.5,3.0,9.0,4.0],"texture":"#3"},"east":{"uv":[0.0,0.0,0.0,1.0],"texture":"#3"},"south":{"uv":[8.5,4.0,9.0,5.0],"texture":"#3"},"west":{"uv":[0.0,0.0,0.0,1.0],"texture":"#3"},"up":{"uv":[0.5,0.0,0.0,0.0],"texture":"#3"},"down":{"uv":[0.5,0.0,0.0,0.0],"texture":"#3"}}},{"from":[10.88397,0.0,5.95217],"to":[11.88397,1.0,5.95217],"rotation":{"origin":[11.73753,0.75,5.59862],"x":0.0,"y":45.0,"z":0.0},"faces":{"north":{"uv":[9.0,2.0,9.5,2.5],"texture":"#3"},"east":{"uv":[0.0,0.0,0.0,0.5],"texture":"#3"},"south":{"uv":[9.0,2.5,9.5,3.0],"texture":"#3"},"west":{"uv":[0.0,0.0,0.0,0.5],"texture":"#3"},"up":{"uv":[0.5,0.0,0.0,0.0],"texture":"#3"},"down":{"uv":[0.5,0.0,0.0,0.0],"texture":"#3"}}}],"textures":{"3":"workshop_six:452fdde9-ca17-4680-af69-2f363f56ef62","particle":"workshop_six:452fdde9-ca17-4680-af69-2f363f56ef62"},"gui_light":"front"}