{"display":{"thirdperson_righthand":{"rotation":[49.0,0.0,0.0],"translation":[-1.0,0.0,-0.5],"scale":[0.27,0.27,0.27]},"thirdperson_lefthand":{"rotation":[49.0,0.0,0.0],"translation":[-1.0,0.0,-0.5],"scale":[0.27,0.27,0.27]},"firstperson_righthand":{"translation":[0.0,4.75,1.5],"scale":[0.39,0.39,0.39]},"firstperson_lefthand":{"translation":[0.0,4.75,1.5],"scale":[0.39,0.39,0.39]},"ground":{"translation":[0.0,2.25,0.0],"scale":[0.4,0.4,0.4]},"gui":{"rotation":[11.75,171.0,0.0],"translation":[0.0,3.0,0.0],"scale":[0.77,0.77,0.77]},"head":{"scale":[0.0,0.0,0.0]},"fixed":{"rotation":[-90.0,0.0,0.0],"translation":[0.0,0.0,-16.0],"scale":[2.0,2.0,2.0]}},"elements":[{"from":[0.0,3.0,-1.0],"to":[16.0,5.0,0.0],"rotation":{"origin":[8.0,2.25,8.0],"x":0.0,"y":0.0,"z":0.0},"faces":{"north":{"uv":[0.0,4.0,4.0,4.5],"texture":"#2"},"east":{"uv":[11.0,10.5,11.25,11.0],"texture":"#2"},"south":{"uv":[4.0,4.0,8.0,4.5],"texture":"#2"},"west":{"uv":[11.0,11.0,11.25,11.5],"texture":"#2"},"up":{"uv":[13.75,8.75,9.75,8.5],"texture":"#2"},"down":{"uv":[13.75,8.75,9.75,9.0],"texture":"#2"}}},{"from":[0.0,0.0,0.0],"to":[1.0,2.0,16.0],"rotation":{"origin":[8.0,2.25,8.0],"x":0.0,"y":0.0,"z":0.0},"faces":{"north":{"uv":[4.0,11.25,4.25,11.75],"texture":"#2"},"east":{"uv":[0.0,4.5,4.0,5.0],"texture":"#2"},"south":{"uv":[4.25,11.25,4.5,11.75],"texture":"#2"},"west":{"uv":[4.0,4.5,8.0,5.0],"texture":"#2"},"up":{"uv":[7.75,12.75,7.5,8.75],"texture":"#2"},"down":{"uv":[8.0,8.75,7.75,12.75],"texture":"#2"}}},{"from":[1.0,1.0,0.0],"to":[2.0,5.0,1.0],"rotation":{"origin":[8.0,2.25,8.0],"x":0.0,"y":0.0,"z":0.0},"faces":{"north":{"uv":[9.0,10.25,9.25,11.25],"texture":"#2"},"east":{"uv":[9.25,10.25,9.5,11.25],"texture":"#2"},"south":{"uv":[9.5,10.25,9.75,11.25],"texture":"#2"},"west":{"uv":[7.0,10.5,7.25,11.5],"texture":"#2"},"up":{"uv":[9.75,11.5,9.5,11.25],"texture":"#2"},"down":{"uv":[10.25,11.25,10.0,11.5],"texture":"#2"}}},{"from":[1.0,0.0,0.0],"to":[15.0,1.0,16.0],"rotation":{"origin":[8.0,2.25,8.0],"x":0.0,"y":0.0,"z":0.0},"faces":{"north":{"uv":[10.5,2.0,14.0,2.25],"texture":"#2"},"east":{"uv":[9.75,9.0,13.75,9.25],"texture":"#2"},"south":{"uv":[10.5,2.25,14.0,2.5],"texture":"#2"},"west":{"uv":[9.75,9.25,13.75,9.5],"texture":"#2"},"up":{"uv":[3.5,4.0,0.0,0.0],"texture":"#2"},"down":{"uv":[7.0,0.0,3.5,4.0],"texture":"#2"}}},{"from":[0.0,3.0,0.0],"to":[1.0,5.0,16.0],"rotation":{"origin":[8.0,2.25,8.0],"x":0.0,"y":0.0,"z":0.0},"faces":{"north":{"uv":[4.5,11.25,4.75,11.75],"texture":"#2"},"east":{"uv":[0.0,5.0,4.0,5.5],"texture":"#2"},"south":{"uv":[4.75,11.25,5.0,11.75],"texture":"#2"},"west":{"uv":[4.0,5.0,8.0,5.5],"texture":"#2"},"up":{"uv":[4.0,13.25,3.75,9.25],"texture":"#2"},"down":{"uv":[10.0,9.5,9.75,13.5],"texture":"#2"}}},{"from":[1.0,1.0,15.0],"to":[2.0,5.0,16.0],"rotation":{"origin":[8.0,2.25,8.0],"x":0.0,"y":0.0,"z":0.0},"faces":{"north":{"uv":[7.25,10.5,7.5,11.5],"texture":"#2"},"east":{"uv":[1.0,11.0,1.25,12.0],"texture":"#2"},"south":{"uv":[1.25,11.0,1.5,12.0],"texture":"#2"},"west":{"uv":[1.5,11.0,1.75,12.0],"texture":"#2"},"up":{"uv":[10.5,11.5,10.25,11.25],"texture":"#2"},"down":{"uv":[10.75,11.25,10.5,11.5],"texture":"#2"}}},{"from":[0.0,0.0,16.0],"to":[16.0,2.0,17.0],"rotation":{"origin":[8.0,2.25,8.0],"x":0.0,"y":0.0,"z":0.0},"faces":{"north":{"uv":[0.0,5.5,4.0,6.0],"texture":"#2"},"east":{"uv":[5.0,11.25,5.25,11.75],"texture":"#2"},"south":{"uv":[4.0,5.5,8.0,6.0],"texture":"#2"},"west":{"uv":[5.25,11.25,5.5,11.75],"texture":"#2"},"up":{"uv":[14.0,9.75,10.0,9.5],"texture":"#2"},"down":{"uv":[14.0,9.75,10.0,10.0],"texture":"#2"}}},{"from":[0.0,3.0,16.0],"to":[16.0,5.0,17.0],"rotation":{"origin":[8.0,2.25,8.0],"x":0.0,"y":0.0,"z":0.0},"faces":{"north":{"uv":[0.0,6.0,4.0,6.5],"texture":"#2"},"east":{"uv":[5.5,11.25,5.75,11.75],"texture":"#2"},"south":{"uv":[4.0,6.0,8.0,6.5],"texture":"#2"},"west":{"uv":[5.75,11.25,6.0,11.75],"texture":"#2"},"up":{"uv":[14.0,10.25,10.0,10.0],"texture":"#2"},"down":{"uv":[14.0,10.25,10.0,10.5],"texture":"#2"}}},{"from":[15.0,0.0,0.0],"to":[16.0,2.0,16.0],"rotation":{"origin":[8.0,2.25,8.0],"x":0.0,"y":0.0,"z":0.0},"faces":{"north":{"uv":[6.0,11.25,6.25,11.75],"texture":"#2"},"east":{"uv":[0.0,6.5,4.0,7.0],"texture":"#2"},"south":{"uv":[6.25,11.25,6.5,11.75],"texture":"#2"},"west":{"uv":[4.0,6.5,8.0,7.0],"texture":"#2"},"up":{"uv":[8.25,14.25,8.0,10.25],"texture":"#2"},"down":{"uv":[8.5,10.25,8.25,14.25],"texture":"#2"}}},{"from":[15.0,3.0,0.0],"to":[16.0,5.0,16.0],"rotation":{"origin":[8.0,2.25,8.0],"x":0.0,"y":0.0,"z":0.0},"faces":{"north":{"uv":[6.5,11.25,6.75,11.75],"texture":"#2"},"east":{"uv":[0.0,7.0,4.0,7.5],"texture":"#2"},"south":{"uv":[6.75,11.25,7.0,11.75],"texture":"#2"},"west":{"uv":[7.0,0.0,11.0,0.5],"texture":"#2"},"up":{"uv":[8.75,14.25,8.5,10.25],"texture":"#2"},"down":{"uv":[9.0,10.25,8.75,14.25],"texture":"#2"}}},{"from":[14.0,1.0,15.0],"to":[15.0,5.0,16.0],"rotation":{"origin":[8.0,2.25,8.0],"x":0.0,"y":0.0,"z":0.0},"faces":{"north":{"uv":[1.75,11.0,2.0,12.0],"texture":"#2"},"east":{"uv":[2.0,11.0,2.25,12.0],"texture":"#2"},"south":{"uv":[2.25,11.0,2.5,12.0],"texture":"#2"},"west":{"uv":[2.5,11.0,2.75,12.0],"texture":"#2"},"up":{"uv":[11.5,10.75,11.25,10.5],"texture":"#2"},"down":{"uv":[11.0,11.25,10.75,11.5],"texture":"#2"}}},{"from":[14.0,1.0,0.0],"to":[15.0,5.0,1.0],"rotation":{"origin":[8.0,2.25,8.0],"x":0.0,"y":0.0,"z":0.0},"faces":{"north":{"uv":[2.75,11.0,3.0,12.0],"texture":"#2"},"east":{"uv":[3.0,11.0,3.25,12.0],"texture":"#2"},"south":{"uv":[3.25,11.0,3.5,12.0],"texture":"#2"},"west":{"uv":[3.5,11.0,3.75,12.0],"texture":"#2"},"up":{"uv":[11.5,11.0,11.25,10.75],"texture":"#2"},"down":{"uv":[11.5,11.0,11.25,11.25],"texture":"#2"}}},{"from":[0.0,0.0,-1.0],"to":[16.0,2.0,0.0],"rotation":{"origin":[8.0,2.25,8.0],"x":0.0,"y":0.0,"z":0.0},"faces":{"north":{"uv":[7.0,0.5,11.0,1.0],"texture":"#2"},"east":{"uv":[9.0,11.25,9.25,11.75],"texture":"#2"},"south":{"uv":[7.0,1.0,11.0,1.5],"texture":"#2"},"west":{"uv":[9.25,11.25,9.5,11.75],"texture":"#2"},"up":{"uv":[14.5,1.75,10.5,1.5],"texture":"#2"},"down":{"uv":[14.5,1.75,10.5,2.0],"texture":"#2"}}},{"from":[9.0,1.0,12.75],"to":[13.0,8.0,15.75],"rotation":{"origin":[11.0,4.5,14.25],"x":22.5,"y":0.0,"z":0.0},"faces":{"north":{"uv":[7.0,1.5,8.0,3.25],"texture":"#2"},"east":{"uv":[6.0,8.75,6.75,10.5],"texture":"#2"},"south":{"uv":[4.0,7.0,5.0,8.75],"texture":"#2"},"west":{"uv":[6.75,8.75,7.5,10.5],"texture":"#2"},"up":{"uv":[8.0,4.0,7.0,3.25],"texture":"#2"},"down":{"uv":[11.5,2.5,10.5,3.25],"texture":"#2"}}},{"from":[9.0,1.0,8.75],"to":[13.0,8.0,11.75],"rotation":{"origin":[11.0,4.5,10.25],"x":22.5,"y":0.0,"z":0.0},"faces":{"north":{"uv":[5.0,7.0,6.0,8.75],"texture":"#2"},"east":{"uv":[9.0,1.5,9.75,3.25],"texture":"#2"},"south":{"uv":[6.0,7.0,7.0,8.75],"texture":"#2"},"west":{"uv":[9.0,3.25,9.75,5.0],"texture":"#2"},"up":{"uv":[11.5,4.0,10.5,3.25],"texture":"#2"},"down":{"uv":[5.0,10.5,4.0,11.25],"texture":"#2"}}},{"from":[9.0,1.0,4.75],"to":[13.0,8.0,7.75],"rotation":{"origin":[11.0,4.5,6.25],"x":22.5,"y":0.0,"z":0.0},"faces":{"north":{"uv":[7.0,7.0,8.0,8.75],"texture":"#2"},"east":{"uv":[9.0,5.0,9.75,6.75],"texture":"#2"},"south":{"uv":[0.0,7.5,1.0,9.25],"texture":"#2"},"west":{"uv":[9.0,6.75,9.75,8.5],"texture":"#2"},"up":{"uv":[11.5,4.75,10.5,4.0],"texture":"#2"},"down":{"uv":[11.5,4.75,10.5,5.5],"texture":"#2"}}},{"from":[9.0,1.0,0.75],"to":[13.0,8.0,3.75],"rotation":{"origin":[11.0,4.5,2.25],"x":22.5,"y":0.0,"z":0.0},"faces":{"north":{"uv":[1.0,7.5,2.0,9.25],"texture":"#2"},"east":{"uv":[9.0,8.5,9.75,10.25],"texture":"#2"},"south":{"uv":[2.0,7.5,3.0,9.25],"texture":"#2"},"west":{"uv":[0.0,9.25,0.75,11.0],"texture":"#2"},"up":{"uv":[6.0,11.25,5.0,10.5],"texture":"#2"},"down":{"uv":[11.5,5.5,10.5,6.25],"texture":"#2"}}},{"from":[3.0,1.0,12.75],"to":[7.0,8.0,15.75],"rotation":{"origin":[5.0,4.5,14.25],"x":22.5,"y":0.0,"z":0.0},"faces":{"north":{"uv":[3.0,7.5,4.0,9.25],"texture":"#2"},"east":{"uv":[0.75,9.25,1.5,11.0],"texture":"#2"},"south":{"uv":[8.0,1.5,9.0,3.25],"texture":"#2"},"west":{"uv":[1.5,9.25,2.25,11.0],"texture":"#2"},"up":{"uv":[7.0,11.25,6.0,10.5],"texture":"#2"},"down":{"uv":[11.5,6.25,10.5,7.0],"texture":"#2"}}},{"from":[3.0,1.0,8.75],"to":[7.0,8.0,11.75],"rotation":{"origin":[5.0,4.5,10.25],"x":22.5,"y":0.0,"z":0.0},"faces":{"north":{"uv":[8.0,3.25,9.0,5.0],"texture":"#2"},"east":{"uv":[2.25,9.25,3.0,11.0],"texture":"#2"},"south":{"uv":[8.0,5.0,9.0,6.75],"texture":"#2"},"west":{"uv":[3.0,9.25,3.75,11.0],"texture":"#2"},"up":{"uv":[11.5,7.75,10.5,7.0],"texture":"#2"},"down":{"uv":[11.5,7.75,10.5,8.5],"texture":"#2"}}},{"from":[3.0,1.0,4.75],"to":[7.0,8.0,7.75],"rotation":{"origin":[5.0,4.5,6.25],"x":22.5,"y":0.0,"z":0.0},"faces":{"north":{"uv":[8.0,6.75,9.0,8.5],"texture":"#2"},"east":{"uv":[9.75,1.5,10.5,3.25],"texture":"#2"},"south":{"uv":[8.0,8.5,9.0,10.25],"texture":"#2"},"west":{"uv":[9.75,3.25,10.5,5.0],"texture":"#2"},"up":{"uv":[11.0,11.25,10.0,10.5],"texture":"#2"},"down":{"uv":[1.0,11.0,0.0,11.75],"texture":"#2"}}},{"from":[3.0,1.0,0.75],"to":[7.0,8.0,3.75],"rotation":{"origin":[5.0,4.5,2.25],"x":22.5,"y":0.0,"z":0.0},"faces":{"north":{"uv":[4.0,8.75,5.0,10.5],"texture":"#2"},"east":{"uv":[9.75,5.0,10.5,6.75],"texture":"#2"},"south":{"uv":[5.0,8.75,6.0,10.5],"texture":"#2"},"west":{"uv":[9.75,6.75,10.5,8.5],"texture":"#2"},"up":{"uv":[12.0,0.75,11.0,0.0],"texture":"#2"},"down":{"uv":[12.0,0.75,11.0,1.5],"texture":"#2"}}}],"textures":{"2":"workshop_six:8f14ff58-f9ce-41af-b10b-8503a14f968e","particle":"workshop_six:8f14ff58-f9ce-41af-b10b-8503a14f968e"},"gui_light":"front"}