{"display":{"thirdperson_righthand":{"rotation":[49.0,0.0,0.0],"translation":[-1.0,0.75,0.25],"scale":[0.27,0.27,0.27]},"thirdperson_lefthand":{"rotation":[49.0,0.0,0.0],"translation":[-1.0,0.0,-0.5],"scale":[0.27,0.27,0.27]},"firstperson_righthand":{"translation":[0.0,4.75,1.5],"scale":[0.39,0.39,0.39]},"firstperson_lefthand":{"translation":[0.0,4.75,1.5],"scale":[0.39,0.39,0.39]},"ground":{"translation":[0.0,2.25,0.0],"scale":[0.4,0.4,0.4]},"gui":{"rotation":[11.75,0.0,0.0],"translation":[1.0,2.75,0.0],"scale":[1.05,1.05,1.05]},"head":{"scale":[0.0,0.0,0.0]},"fixed":{"rotation":[-90.0,0.0,0.0],"translation":[0.0,0.0,-16.0],"scale":[2.0,2.0,2.0]}},"elements":[{"from":[10.25,0.0,7.75],"to":[12.25,4.0,9.75],"rotation":{"origin":[11.0,4.0,7.5],"x":0.0,"y":0.0,"z":0.0},"faces":{"north":{"uv":[5.5,7.0,6.5,9.0],"texture":"#1"},"east":{"uv":[6.5,7.5,7.5,9.5],"texture":"#1"},"south":{"uv":[7.5,7.5,8.5,9.5],"texture":"#1"},"west":{"uv":[8.0,3.0,9.0,5.0],"texture":"#1"},"up":{"uv":[1.0,10.5,0.0,9.5],"texture":"#1"},"down":{"uv":[2.0,9.5,1.0,10.5],"texture":"#1"}}},{"from":[9.25,4.0,6.75],"to":[13.25,6.0,10.75],"rotation":{"origin":[11.0,4.0,7.5],"x":0.0,"y":0.0,"z":0.0},"faces":{"north":{"uv":[8.0,5.0,10.0,6.0],"texture":"#1"},"east":{"uv":[8.0,6.0,10.0,7.0],"texture":"#1"},"south":{"uv":[0.0,8.5,2.0,9.5],"texture":"#1"},"west":{"uv":[8.5,7.0,10.5,8.0],"texture":"#1"},"up":{"uv":[4.5,2.0,2.5,0.0],"texture":"#1"},"down":{"uv":[4.5,2.0,2.5,4.0],"texture":"#1"}}},{"from":[9.75,6.0,7.25],"to":[12.75,7.0,10.25],"rotation":{"origin":[11.0,4.0,7.5],"x":0.0,"y":0.0,"z":0.0},"faces":{"north":{"uv":[10.0,4.0,11.5,4.5],"texture":"#1"},"east":{"uv":[10.0,5.0,11.5,5.5],"texture":"#1"},"south":{"uv":[10.0,5.5,11.5,6.0],"texture":"#1"},"west":{"uv":[6.0,10.0,7.5,10.5],"texture":"#1"},"up":{"uv":[8.0,4.5,6.5,3.0],"texture":"#1"},"down":{"uv":[8.0,4.5,6.5,6.0],"texture":"#1"}}},{"from":[4.75,5.0,3.0],"to":[7.75,6.0,6.0],"rotation":{"origin":[11.0,4.0,7.5],"x":0.0,"y":-22.5,"z":0.0},"faces":{"north":{"uv":[10.0,6.0,11.5,6.5],"texture":"#1"},"east":{"uv":[10.0,6.5,11.5,7.0],"texture":"#1"},"south":{"uv":[9.5,10.0,11.0,10.5],"texture":"#1"},"west":{"uv":[0.0,10.5,1.5,11.0],"texture":"#1"},"up":{"uv":[8.0,7.5,6.5,6.0],"texture":"#1"},"down":{"uv":[5.5,7.0,4.0,8.5],"texture":"#1"}}},{"from":[4.25,3.0,2.5],"to":[8.25,5.0,6.5],"rotation":{"origin":[11.0,4.0,7.5],"x":0.0,"y":-22.5,"z":0.0},"faces":{"north":{"uv":[8.5,8.0,10.5,9.0],"texture":"#1"},"east":{"uv":[9.0,0.0,11.0,1.0],"texture":"#1"},"south":{"uv":[9.0,1.0,11.0,2.0],"texture":"#1"},"west":{"uv":[9.0,2.0,11.0,3.0],"texture":"#1"},"up":{"uv":[4.5,6.0,2.5,4.0],"texture":"#1"},"down":{"uv":[6.5,0.0,4.5,2.0],"texture":"#1"}}},{"from":[5.25,0.0,3.5],"to":[7.25,3.0,5.5],"rotation":{"origin":[11.0,4.0,7.5],"x":0.0,"y":-22.5,"z":0.0},"faces":{"north":{"uv":[4.0,8.5,5.0,10.0],"texture":"#1"},"east":{"uv":[9.0,3.0,10.0,4.5],"texture":"#1"},"south":{"uv":[5.0,9.0,6.0,10.5],"texture":"#1"},"west":{"uv":[8.5,9.0,9.5,10.5],"texture":"#1"},"up":{"uv":[3.0,10.5,2.0,9.5],"texture":"#1"},"down":{"uv":[4.0,9.5,3.0,10.5],"texture":"#1"}}},{"from":[3.0,9.0,0.25],"to":[7.0,10.0,4.25],"rotation":{"origin":[11.0,4.0,6.0],"x":0.0,"y":45.0,"z":0.0},"faces":{"north":{"uv":[9.0,4.5,11.0,5.0],"texture":"#1"},"east":{"uv":[6.0,9.5,8.0,10.0],"texture":"#1"},"south":{"uv":[9.5,9.0,11.5,9.5],"texture":"#1"},"west":{"uv":[9.5,9.5,11.5,10.0],"texture":"#1"},"up":{"uv":[6.5,4.0,4.5,2.0],"texture":"#1"},"down":{"uv":[6.5,4.0,4.5,6.0],"texture":"#1"}}},{"from":[2.5,7.0,-0.25],"to":[7.5,9.0,4.75],"rotation":{"origin":[11.0,4.0,6.0],"x":0.0,"y":45.0,"z":0.0},"faces":{"north":{"uv":[4.0,6.0,6.5,7.0],"texture":"#1"},"east":{"uv":[6.5,0.0,9.0,1.0],"texture":"#1"},"south":{"uv":[6.5,1.0,9.0,2.0],"texture":"#1"},"west":{"uv":[6.5,2.0,9.0,3.0],"texture":"#1"},"up":{"uv":[2.5,2.5,0.0,0.0],"texture":"#1"},"down":{"uv":[2.5,2.5,0.0,5.0],"texture":"#1"}}},{"from":[4.0,0.0,1.25],"to":[6.0,7.0,3.25],"rotation":{"origin":[11.0,4.0,6.0],"x":0.0,"y":45.0,"z":0.0},"faces":{"north":{"uv":[0.0,5.0,1.0,8.5],"texture":"#1"},"east":{"uv":[1.0,5.0,2.0,8.5],"texture":"#1"},"south":{"uv":[2.0,6.0,3.0,9.5],"texture":"#1"},"west":{"uv":[3.0,6.0,4.0,9.5],"texture":"#1"},"up":{"uv":[11.0,4.0,10.0,3.0],"texture":"#1"},"down":{"uv":[5.0,10.0,4.0,11.0],"texture":"#1"}}},{"from":[5.0,0.0,12.25],"to":[7.0,3.0,14.25],"rotation":{"origin":[9.75,4.0,6.5],"x":0.0,"y":0.0,"z":0.0},"faces":{"north":{"uv":[4.0,8.5,5.0,10.0],"texture":"#1"},"east":{"uv":[9.0,3.0,10.0,4.5],"texture":"#1"},"south":{"uv":[5.0,9.0,6.0,10.5],"texture":"#1"},"west":{"uv":[8.5,9.0,9.5,10.5],"texture":"#1"},"up":{"uv":[3.0,10.5,2.0,9.5],"texture":"#1"},"down":{"uv":[4.0,9.5,3.0,10.5],"texture":"#1"}}},{"from":[4.0,3.0,11.25],"to":[8.0,5.0,15.25],"rotation":{"origin":[9.75,4.0,6.5],"x":0.0,"y":0.0,"z":0.0},"faces":{"north":{"uv":[8.5,8.0,10.5,9.0],"texture":"#1"},"east":{"uv":[9.0,0.0,11.0,1.0],"texture":"#1"},"south":{"uv":[9.0,1.0,11.0,2.0],"texture":"#1"},"west":{"uv":[9.0,2.0,11.0,3.0],"texture":"#1"},"up":{"uv":[4.5,6.0,2.5,4.0],"texture":"#1"},"down":{"uv":[6.5,0.0,4.5,2.0],"texture":"#1"}}},{"from":[4.5,5.0,11.75],"to":[7.5,6.0,14.75],"rotation":{"origin":[9.75,4.0,6.5],"x":0.0,"y":0.0,"z":0.0},"faces":{"north":{"uv":[10.0,6.0,11.5,6.5],"texture":"#1"},"east":{"uv":[10.0,6.5,11.5,7.0],"texture":"#1"},"south":{"uv":[9.5,10.0,11.0,10.5],"texture":"#1"},"west":{"uv":[0.0,10.5,1.5,11.0],"texture":"#1"},"up":{"uv":[8.0,7.5,6.5,6.0],"texture":"#1"},"down":{"uv":[5.5,7.0,4.0,8.5],"texture":"#1"}}}],"textures":{"1":"workshop_six:9bc16cc4-2388-4494-9a9d-eab804422215","particle":"workshop_six:5f945788-a765-446c-a6ea-0cba401a7d3b"},"gui_light":"front"}