{"display":{"thirdperson_righthand":{"rotation":[49.0,0.0,0.0],"translation":[-1.0,0.0,-0.5],"scale":[0.27,0.27,0.27]},"thirdperson_lefthand":{"rotation":[49.0,0.0,0.0],"translation":[-1.0,0.0,-0.5],"scale":[0.27,0.27,0.27]},"firstperson_righthand":{"translation":[0.0,4.75,1.5],"scale":[0.39,0.39,0.39]},"firstperson_lefthand":{"translation":[0.0,4.75,1.5],"scale":[0.39,0.39,0.39]},"ground":{"translation":[0.0,2.25,0.0],"scale":[0.4,0.4,0.4]},"gui":{"rotation":[11.75,0.0,0.0],"translation":[0.0,-0.5,0.0],"scale":[0.64,0.64,0.64]},"head":{"scale":[0.0,0.0,0.0]},"fixed":{"rotation":[-90.0,0.0,0.0],"translation":[0.0,0.0,-16.0],"scale":[2.0,2.0,2.0]}},"elements":[{"from":[0.999,0.0,-1.0],"to":[3.0,21.0,1.0],"rotation":{"origin":[8.0,0.0,0.0],"x":22.5,"y":0.0,"z":0.0},"faces":{"north":{"uv":[5.0,0.0,5.5,5.25],"texture":"#1"},"east":{"uv":[5.0,5.25,5.5,10.5],"texture":"#1"},"south":{"uv":[5.5,0.0,6.0,5.25],"texture":"#1"},"west":{"uv":[5.5,5.25,6.0,10.5],"texture":"#1"},"up":{"uv":[9.75,6.5,9.25,6.0],"texture":"#1"},"down":{"uv":[7.0,9.25,6.5,9.75],"texture":"#1"}}},{"from":[3.0,19.0,-1.0],"to":[13.0,21.0,1.0],"rotation":{"origin":[8.0,0.0,0.0],"x":22.5,"y":0.0,"z":0.0},"faces":{"north":{"uv":[6.5,6.25,9.0,6.75],"texture":"#1"},"east":{"uv":[9.25,6.5,9.75,7.0],"texture":"#1"},"south":{"uv":[6.5,6.75,9.0,7.25],"texture":"#1"},"west":{"uv":[7.0,9.25,7.5,9.75],"texture":"#1"},"up":{"uv":[9.5,0.5,7.0,0.0],"texture":"#1"},"down":{"uv":[9.5,0.5,7.0,1.0],"texture":"#1"}}},{"from":[3.0,4.0,-1.0],"to":[13.0,6.0,1.0],"rotation":{"origin":[8.0,0.0,0.0],"x":22.5,"y":0.0,"z":0.0},"faces":{"north":{"uv":[7.0,1.0,9.5,1.5],"texture":"#1"},"east":{"uv":[9.25,7.0,9.75,7.5],"texture":"#1"},"south":{"uv":[7.0,1.5,9.5,2.0],"texture":"#1"},"west":{"uv":[7.5,9.25,8.0,9.75],"texture":"#1"},"up":{"uv":[9.5,2.5,7.0,2.0],"texture":"#1"},"down":{"uv":[9.5,2.5,7.0,3.0],"texture":"#1"}}},{"from":[3.0,6.0,-0.5],"to":[13.0,19.0,0.5],"rotation":{"origin":[8.0,0.0,0.0],"x":22.5,"y":0.0,"z":0.0},"faces":{"north":{"uv":[0.0,0.0,2.5,3.25],"texture":"#1"},"east":{"uv":[4.5,6.5,4.75,9.75],"texture":"#1"},"south":{"uv":[2.5,0.0,5.0,3.25],"texture":"#1"},"west":{"uv":[4.75,6.5,5.0,9.75],"texture":"#1"},"up":{"uv":[11.75,5.25,9.25,5.0],"texture":"#1"},"down":{"uv":[11.75,5.25,9.25,5.5],"texture":"#1"}}},{"from":[13.0,0.0,-1.0],"to":[15.001,21.0,1.0],"rotation":{"origin":[8.0,0.0,0.0],"x":22.5,"y":0.0,"z":0.0},"faces":{"north":{"uv":[6.0,0.0,6.5,5.25],"texture":"#1"},"east":{"uv":[6.0,5.25,6.5,10.5],"texture":"#1"},"south":{"uv":[0.0,6.5,0.5,11.75],"texture":"#1"},"west":{"uv":[6.5,0.0,7.0,5.25],"texture":"#1"},"up":{"uv":[9.75,8.0,9.25,7.5],"texture":"#1"},"down":{"uv":[8.5,9.25,8.0,9.75],"texture":"#1"}}},{"from":[3.0,6.0,15.5],"to":[13.0,19.0,16.5],"rotation":{"origin":[8.0,0.0,16.0],"x":-22.5,"y":0.0,"z":0.0},"faces":{"north":{"uv":[0.0,3.25,2.5,6.5],"texture":"#1"},"east":{"uv":[9.0,5.0,9.25,8.25],"texture":"#1"},"south":{"uv":[2.5,3.25,5.0,6.5],"texture":"#1"},"west":{"uv":[9.0,8.25,9.25,11.5],"texture":"#1"},"up":{"uv":[11.75,5.75,9.25,5.5],"texture":"#1"},"down":{"uv":[11.75,5.75,9.25,6.0],"texture":"#1"}}},{"from":[1.0,0.0,15.0],"to":[3.0,21.0,17.0],"rotation":{"origin":[8.0,0.0,16.0],"x":-22.5,"y":0.0,"z":0.0},"faces":{"north":{"uv":[0.5,6.5,1.0,11.75],"texture":"#1"},"east":{"uv":[1.0,6.5,1.5,11.75],"texture":"#1"},"south":{"uv":[1.5,6.5,2.0,11.75],"texture":"#1"},"west":{"uv":[2.0,6.5,2.5,11.75],"texture":"#1"},"up":{"uv":[9.75,8.5,9.25,8.0],"texture":"#1"},"down":{"uv":[9.0,9.25,8.5,9.75],"texture":"#1"}}},{"from":[13.0,0.0,15.0],"to":[15.0,21.0,17.0],"rotation":{"origin":[8.0,0.0,16.0],"x":-22.5,"y":0.0,"z":0.0},"faces":{"north":{"uv":[2.5,6.5,3.0,11.75],"texture":"#1"},"east":{"uv":[3.0,6.5,3.5,11.75],"texture":"#1"},"south":{"uv":[3.5,6.5,4.0,11.75],"texture":"#1"},"west":{"uv":[4.0,6.5,4.5,11.75],"texture":"#1"},"up":{"uv":[9.75,9.0,9.25,8.5],"texture":"#1"},"down":{"uv":[9.75,9.0,9.25,9.5],"texture":"#1"}}},{"from":[3.0,19.0,15.0],"to":[13.0,21.0,17.0],"rotation":{"origin":[8.0,0.0,16.0],"x":-22.5,"y":0.0,"z":0.0},"faces":{"north":{"uv":[7.0,3.0,9.5,3.5],"texture":"#1"},"east":{"uv":[9.5,0.0,10.0,0.5],"texture":"#1"},"south":{"uv":[7.0,3.5,9.5,4.0],"texture":"#1"},"west":{"uv":[9.5,0.5,10.0,1.0],"texture":"#1"},"up":{"uv":[9.5,4.5,7.0,4.0],"texture":"#1"},"down":{"uv":[9.5,4.5,7.0,5.0],"texture":"#1"}}},{"from":[3.0,4.0,15.0],"to":[13.0,6.0,17.0],"rotation":{"origin":[8.0,0.0,16.0],"x":-22.5,"y":0.0,"z":0.0},"faces":{"north":{"uv":[6.5,7.25,9.0,7.75],"texture":"#1"},"east":{"uv":[9.5,1.0,10.0,1.5],"texture":"#1"},"south":{"uv":[6.5,7.75,9.0,8.25],"texture":"#1"},"west":{"uv":[9.5,1.5,10.0,2.0],"texture":"#1"},"up":{"uv":[9.0,8.75,6.5,8.25],"texture":"#1"},"down":{"uv":[9.0,8.75,6.5,9.25],"texture":"#1"}}},{"from":[2.0,5.0,3.0],"to":[2.0,7.0,13.0],"rotation":{"origin":[0.0,0.0,-1.0],"x":0.0,"y":0.0,"z":0.0},"faces":{"north":{"uv":[0.0,0.0,0.0,0.5],"texture":"#1"},"east":{"uv":[6.5,5.75,9.0,6.25],"texture":"#1"},"south":{"uv":[0.0,0.0,0.0,0.5],"texture":"#1"},"west":{"uv":[6.5,5.75,9.0,6.25],"texture":"#1"},"up":{"uv":[0.0,2.5,0.0,0.0],"texture":"#1"},"down":{"uv":[0.0,0.0,0.0,2.5],"texture":"#1"}}},{"from":[14.0,5.0,3.0],"to":[14.0,7.0,13.0],"rotation":{"origin":[0.0,0.0,-1.0],"x":0.0,"y":0.0,"z":0.0},"faces":{"north":{"uv":[0.0,0.0,0.0,0.5],"texture":"#1"},"east":{"uv":[6.5,5.75,9.0,6.25],"texture":"#1"},"south":{"uv":[0.0,0.0,0.0,0.5],"texture":"#1"},"west":{"uv":[6.5,5.75,9.0,6.25],"texture":"#1"},"up":{"uv":[0.0,2.5,0.0,0.0],"texture":"#1"},"down":{"uv":[0.0,0.0,0.0,2.5],"texture":"#1"}}}],"textures":{"1":"workshop_six:dcc4a699-4a4b-4405-8349-6e3b68708e5b","particle":"workshop_six:dcc4a699-4a4b-4405-8349-6e3b68708e5b"},"gui_light":"front"}