{"display":{"thirdperson_righthand":{"rotation":[49.0,0.0,0.0],"translation":[-1.0,0.0,-0.5],"scale":[0.27,0.27,0.27]},"thirdperson_lefthand":{"rotation":[49.0,0.0,0.0],"translation":[-1.0,0.0,-0.5],"scale":[0.27,0.27,0.27]},"firstperson_righthand":{"translation":[0.0,4.75,1.5],"scale":[0.39,0.39,0.39]},"firstperson_lefthand":{"translation":[0.0,4.75,1.5],"scale":[0.39,0.39,0.39]},"ground":{"translation":[0.0,2.25,0.0],"scale":[0.4,0.4,0.4]},"gui":{"rotation":[11.75,0.0,0.0],"translation":[0.5,0.75,0.0],"scale":[0.96,0.96,0.96]},"head":{"scale":[0.0,0.0,0.0]},"fixed":{"rotation":[-90.0,0.0,0.0],"translation":[0.0,0.0,-16.0],"scale":[2.0,2.0,2.0]}},"elements":[{"from":[7.0,0.0,8.0],"to":[8.0,12.0,9.0],"rotation":{"origin":[6.0,0.0,8.0],"x":0.0,"y":0.0,"z":0.0},"faces":{"north":{"uv":[0.0,0.0,0.5,6.0],"texture":"#2"},"east":{"uv":[0.5,0.0,1.0,6.0],"texture":"#2"},"south":{"uv":[1.0,0.0,1.5,6.0],"texture":"#2"},"west":{"uv":[1.5,0.0,2.0,6.0],"texture":"#2"},"up":{"uv":[11.0,1.0,10.5,0.5],"texture":"#2"},"down":{"uv":[1.5,10.5,1.0,11.0],"texture":"#2"}}},{"from":[6.0,12.0,7.0],"to":[9.0,13.0,10.0],"rotation":{"origin":[7.0,12.0,7.0],"x":0.0,"y":0.0,"z":0.0},"faces":{"north":{"uv":[8.5,3.0,10.0,3.5],"texture":"#2"},"east":{"uv":[8.5,3.5,10.0,4.0],"texture":"#2"},"south":{"uv":[8.5,4.0,10.0,4.5],"texture":"#2"},"west":{"uv":[8.5,4.5,10.0,5.0],"texture":"#2"},"up":{"uv":[3.5,4.5,2.0,3.0],"texture":"#2"},"down":{"uv":[5.0,0.0,3.5,1.5],"texture":"#2"}}},{"from":[6.5,13.0,7.5],"to":[8.5,15.0,9.5],"rotation":{"origin":[6.5,13.0,7.5],"x":0.0,"y":0.0,"z":0.0},"faces":{"north":{"uv":[6.0,6.0,7.0,7.0],"texture":"#2"},"east":{"uv":[6.5,0.0,7.5,1.0],"texture":"#2"},"south":{"uv":[6.5,1.0,7.5,2.0],"texture":"#2"},"west":{"uv":[6.5,2.0,7.5,3.0],"texture":"#2"},"up":{"uv":[7.5,4.0,6.5,3.0],"texture":"#2"},"down":{"uv":[7.5,4.0,6.5,5.0],"texture":"#2"}}},{"from":[4.0,3.0,8.0],"to":[5.0,8.0,9.0],"rotation":{"origin":[3.0,-1.0,8.0],"x":0.0,"y":0.0,"z":0.0},"faces":{"north":{"uv":[2.0,6.0,2.5,8.5],"texture":"#2"},"east":{"uv":[2.5,6.0,3.0,8.5],"texture":"#2"},"south":{"uv":[3.0,6.0,3.5,8.5],"texture":"#2"},"west":{"uv":[3.5,6.0,4.0,8.5],"texture":"#2"},"up":{"uv":[11.0,1.5,10.5,1.0],"texture":"#2"},"down":{"uv":[2.0,10.5,1.5,11.0],"texture":"#2"}}},{"from":[5.0,3.0,8.0],"to":[7.0,4.0,9.0],"rotation":{"origin":[4.0,-1.0,8.0],"x":0.0,"y":0.0,"z":0.0},"faces":{"north":{"uv":[1.5,10.0,2.5,10.5],"texture":"#2"},"east":{"uv":[2.0,10.5,2.5,11.0],"texture":"#2"},"south":{"uv":[10.0,1.5,11.0,2.0],"texture":"#2"},"west":{"uv":[3.0,10.5,3.5,11.0],"texture":"#2"},"up":{"uv":[11.0,2.5,10.0,2.0],"texture":"#2"},"down":{"uv":[11.0,2.5,10.0,3.0],"texture":"#2"}}},{"from":[3.5,9.0,7.5],"to":[5.5,10.0,9.5],"rotation":{"origin":[4.5,9.25,8.5],"x":0.0,"y":0.0,"z":0.0},"faces":{"north":{"uv":[10.0,3.0,11.0,3.5],"texture":"#2"},"east":{"uv":[3.5,10.0,4.5,10.5],"texture":"#2"},"south":{"uv":[10.0,3.5,11.0,4.0],"texture":"#2"},"west":{"uv":[10.0,4.0,11.0,4.5],"texture":"#2"},"up":{"uv":[7.5,6.0,6.5,5.0],"texture":"#2"},"down":{"uv":[5.0,7.0,4.0,8.0],"texture":"#2"}}},{"from":[3.0,8.0,7.0],"to":[6.0,9.0,10.0],"rotation":{"origin":[4.5,9.25,8.5],"x":0.0,"y":0.0,"z":0.0},"faces":{"north":{"uv":[8.5,5.0,10.0,5.5],"texture":"#2"},"east":{"uv":[8.5,5.5,10.0,6.0],"texture":"#2"},"south":{"uv":[8.5,6.0,10.0,6.5],"texture":"#2"},"west":{"uv":[6.5,8.5,8.0,9.0],"texture":"#2"},"up":{"uv":[5.0,3.0,3.5,1.5],"texture":"#2"},"down":{"uv":[5.0,3.0,3.5,4.5],"texture":"#2"}}},{"from":[6.0,10.0,4.0],"to":[9.0,11.0,7.0],"rotation":{"origin":[7.5,8.5,6.25],"x":0.0,"y":0.0,"z":0.0},"faces":{"north":{"uv":[8.5,6.5,10.0,7.0],"texture":"#2"},"east":{"uv":[8.5,7.0,10.0,7.5],"texture":"#2"},"south":{"uv":[8.5,7.5,10.0,8.0],"texture":"#2"},"west":{"uv":[8.0,8.5,9.5,9.0],"texture":"#2"},"up":{"uv":[3.5,6.0,2.0,4.5],"texture":"#2"},"down":{"uv":[5.0,4.5,3.5,6.0],"texture":"#2"}}},{"from":[6.5,11.0,4.5],"to":[8.5,12.0,6.5],"rotation":{"origin":[7.5,8.5,6.25],"x":0.0,"y":0.0,"z":0.0},"faces":{"north":{"uv":[4.5,10.0,5.5,10.5],"texture":"#2"},"east":{"uv":[10.0,4.5,11.0,5.0],"texture":"#2"},"south":{"uv":[10.0,5.0,11.0,5.5],"texture":"#2"},"west":{"uv":[10.0,5.5,11.0,6.0],"texture":"#2"},"up":{"uv":[6.0,8.0,5.0,7.0],"texture":"#2"},"down":{"uv":[7.0,7.0,6.0,8.0],"texture":"#2"}}},{"from":[7.0,7.0,6.0],"to":[8.0,8.0,8.0],"rotation":{"origin":[7.5,10.5,6.25],"x":0.0,"y":0.0,"z":0.0},"faces":{"north":{"uv":[3.5,10.5,4.0,11.0],"texture":"#2"},"east":{"uv":[10.0,6.0,11.0,6.5],"texture":"#2"},"south":{"uv":[4.0,10.5,4.5,11.0],"texture":"#2"},"west":{"uv":[10.0,6.5,11.0,7.0],"texture":"#2"},"up":{"uv":[3.0,11.0,2.5,10.0],"texture":"#2"},"down":{"uv":[6.0,10.0,5.5,11.0],"texture":"#2"}}},{"from":[7.0,7.0,5.0],"to":[8.0,10.0,6.0],"rotation":{"origin":[7.5,10.5,6.25],"x":0.0,"y":0.0,"z":0.0},"faces":{"north":{"uv":[3.5,8.5,4.0,10.0],"texture":"#2"},"east":{"uv":[0.0,9.0,0.5,10.5],"texture":"#2"},"south":{"uv":[0.5,9.0,1.0,10.5],"texture":"#2"},"west":{"uv":[1.0,9.0,1.5,10.5],"texture":"#2"},"up":{"uv":[5.0,11.0,4.5,10.5],"texture":"#2"},"down":{"uv":[5.5,10.5,5.0,11.0],"texture":"#2"}}},{"from":[8.44001,0.0,10.7803],"to":[9.44001,4.0,11.7803],"rotation":{"origin":[6.64001,4.5,11.0803],"x":0.0,"y":45.0,"z":0.0},"faces":{"north":{"uv":[7.0,6.0,7.5,8.0],"texture":"#2"},"east":{"uv":[7.5,0.0,8.0,2.0],"texture":"#2"},"south":{"uv":[7.5,2.0,8.0,4.0],"texture":"#2"},"west":{"uv":[7.5,4.0,8.0,6.0],"texture":"#2"},"up":{"uv":[8.0,11.0,7.5,10.5],"texture":"#2"},"down":{"uv":[8.5,10.5,8.0,11.0],"texture":"#2"}}},{"from":[7.44001,9.0,11.7803],"to":[10.44001,10.0,14.7803],"rotation":{"origin":[6.64001,4.5,11.0803],"x":0.0,"y":45.0,"z":0.0},"faces":{"north":{"uv":[8.5,8.0,10.0,8.5],"texture":"#2"},"east":{"uv":[1.5,9.0,3.0,9.5],"texture":"#2"},"south":{"uv":[4.5,9.0,6.0,9.5],"texture":"#2"},"west":{"uv":[6.0,9.0,7.5,9.5],"texture":"#2"},"up":{"uv":[6.5,1.5,5.0,0.0],"texture":"#2"},"down":{"uv":[6.5,1.5,5.0,3.0],"texture":"#2"}}},{"from":[7.94001,10.0,12.2803],"to":[9.94001,11.0,14.2803],"rotation":{"origin":[6.64001,4.5,11.0803],"x":0.0,"y":45.0,"z":0.0},"faces":{"north":{"uv":[10.0,7.0,11.0,7.5],"texture":"#2"},"east":{"uv":[7.5,10.0,8.5,10.5],"texture":"#2"},"south":{"uv":[10.0,7.5,11.0,8.0],"texture":"#2"},"west":{"uv":[10.0,8.0,11.0,8.5],"texture":"#2"},"up":{"uv":[8.5,7.0,7.5,6.0],"texture":"#2"},"down":{"uv":[8.5,7.0,7.5,8.0],"texture":"#2"}}},{"from":[8.44001,3.0,12.7803],"to":[9.44001,9.0,13.7803],"rotation":{"origin":[6.64001,4.5,11.0803],"x":0.0,"y":45.0,"z":0.0},"faces":{"north":{"uv":[0.0,6.0,0.5,9.0],"texture":"#2"},"east":{"uv":[0.5,6.0,1.0,9.0],"texture":"#2"},"south":{"uv":[1.0,6.0,1.5,9.0],"texture":"#2"},"west":{"uv":[1.5,6.0,2.0,9.0],"texture":"#2"},"up":{"uv":[9.0,11.0,8.5,10.5],"texture":"#2"},"down":{"uv":[11.0,8.5,10.5,9.0],"texture":"#2"}}},{"from":[8.44001,3.0,11.7803],"to":[9.44001,4.0,12.7803],"rotation":{"origin":[6.64001,4.5,11.0803],"x":0.0,"y":45.0,"z":0.0},"faces":{"north":{"uv":[9.0,10.5,9.5,11.0],"texture":"#2"},"east":{"uv":[10.5,9.0,11.0,9.5],"texture":"#2"},"south":{"uv":[9.5,10.5,10.0,11.0],"texture":"#2"},"west":{"uv":[10.5,9.5,11.0,10.0],"texture":"#2"},"up":{"uv":[10.5,11.0,10.0,10.5],"texture":"#2"},"down":{"uv":[11.0,10.0,10.5,10.5],"texture":"#2"}}},{"from":[11.36488,2.0,7.30248],"to":[12.36488,3.0,8.30248],"rotation":{"origin":[9.11488,4.5,10.30248],"x":0.0,"y":45.0,"z":0.0},"faces":{"north":{"uv":[10.5,10.5,11.0,11.0],"texture":"#2"},"east":{"uv":[0.0,11.0,0.5,11.5],"texture":"#2"},"south":{"uv":[0.5,11.0,1.0,11.5],"texture":"#2"},"west":{"uv":[11.0,0.5,11.5,1.0],"texture":"#2"},"up":{"uv":[1.5,11.5,1.0,11.0],"texture":"#2"},"down":{"uv":[11.5,1.0,11.0,1.5],"texture":"#2"}}},{"from":[12.36488,2.0,7.30248],"to":[13.36488,6.0,8.30248],"rotation":{"origin":[9.11488,4.5,10.30248],"x":0.0,"y":45.0,"z":0.0},"faces":{"north":{"uv":[8.0,0.0,8.5,2.0],"texture":"#2"},"east":{"uv":[8.0,2.0,8.5,4.0],"texture":"#2"},"south":{"uv":[4.0,8.0,4.5,10.0],"texture":"#2"},"west":{"uv":[8.0,4.0,8.5,6.0],"texture":"#2"},"up":{"uv":[2.0,11.5,1.5,11.0],"texture":"#2"},"down":{"uv":[11.5,1.5,11.0,2.0],"texture":"#2"}}},{"from":[11.86488,7.0,6.80248],"to":[13.86488,8.0,8.80248],"rotation":{"origin":[9.11488,4.5,10.30248],"x":0.0,"y":45.0,"z":0.0},"faces":{"north":{"uv":[8.5,10.0,9.5,10.5],"texture":"#2"},"east":{"uv":[9.5,10.0,10.5,10.5],"texture":"#2"},"south":{"uv":[0.0,10.5,1.0,11.0],"texture":"#2"},"west":{"uv":[10.5,0.0,11.5,0.5],"texture":"#2"},"up":{"uv":[5.5,9.0,4.5,8.0],"texture":"#2"},"down":{"uv":[6.5,8.0,5.5,9.0],"texture":"#2"}}},{"from":[11.36488,6.0,6.30248],"to":[14.36488,7.0,9.30248],"rotation":{"origin":[9.11488,4.5,10.30248],"x":0.0,"y":45.0,"z":0.0},"faces":{"north":{"uv":[7.5,9.0,9.0,9.5],"texture":"#2"},"east":{"uv":[9.0,9.0,10.5,9.5],"texture":"#2"},"south":{"uv":[1.5,9.5,3.0,10.0],"texture":"#2"},"west":{"uv":[4.5,9.5,6.0,10.0],"texture":"#2"},"up":{"uv":[6.5,4.5,5.0,3.0],"texture":"#2"},"down":{"uv":[6.5,4.5,5.0,6.0],"texture":"#2"}}},{"from":[10.36488,0.0,7.30248],"to":[11.36488,3.0,8.30248],"rotation":{"origin":[9.11488,4.5,10.30248],"x":0.0,"y":45.0,"z":0.0},"faces":{"north":{"uv":[3.0,9.0,3.5,10.5],"texture":"#2"},"east":{"uv":[6.0,9.5,6.5,11.0],"texture":"#2"},"south":{"uv":[6.5,9.5,7.0,11.0],"texture":"#2"},"west":{"uv":[7.0,9.5,7.5,11.0],"texture":"#2"},"up":{"uv":[2.5,11.5,2.0,11.0],"texture":"#2"},"down":{"uv":[11.5,2.0,11.0,2.5],"texture":"#2"}}},{"from":[6.15778,4.75,11.1738],"to":[10.15778,5.75,12.1738],"rotation":{"origin":[8.40778,5.5,12.4238],"x":0.0,"y":22.5,"z":0.0},"faces":{"north":{"uv":[6.5,8.0,8.5,8.5],"texture":"#2"},"east":{"uv":[2.5,11.0,3.0,11.5],"texture":"#2"},"south":{"uv":[8.5,0.0,10.5,0.5],"texture":"#2"},"west":{"uv":[11.0,2.5,11.5,3.0],"texture":"#2"},"up":{"uv":[10.5,1.0,8.5,0.5],"texture":"#2"},"down":{"uv":[10.5,1.0,8.5,1.5],"texture":"#2"}}},{"from":[6.15778,5.75,11.1738],"to":[7.15778,6.75,12.1738],"rotation":{"origin":[8.40778,5.5,12.4238],"x":0.0,"y":22.5,"z":0.0},"faces":{"north":{"uv":[3.0,11.0,3.5,11.5],"texture":"#2"},"east":{"uv":[11.0,3.0,11.5,3.5],"texture":"#2"},"south":{"uv":[3.5,11.0,4.0,11.5],"texture":"#2"},"west":{"uv":[11.0,3.5,11.5,4.0],"texture":"#2"},"up":{"uv":[4.5,11.5,4.0,11.0],"texture":"#2"},"down":{"uv":[11.5,4.0,11.0,4.5],"texture":"#2"}}},{"from":[4.51501,6.75,10.7553],"to":[7.51501,7.75,13.7553],"rotation":{"origin":[6.64001,4.5,11.0803],"x":0.0,"y":22.5,"z":0.0},"faces":{"north":{"uv":[8.5,1.5,10.0,2.0],"texture":"#2"},"east":{"uv":[2.0,8.5,3.5,9.0],"texture":"#2"},"south":{"uv":[8.5,2.0,10.0,2.5],"texture":"#2"},"west":{"uv":[8.5,2.5,10.0,3.0],"texture":"#2"},"up":{"uv":[3.5,1.5,2.0,0.0],"texture":"#2"},"down":{"uv":[3.5,1.5,2.0,3.0],"texture":"#2"}}},{"from":[5.01501,7.75,11.2553],"to":[7.01501,8.75,13.2553],"rotation":{"origin":[6.64001,4.5,11.0803],"x":0.0,"y":22.5,"z":0.0},"faces":{"north":{"uv":[7.5,9.5,8.5,10.0],"texture":"#2"},"east":{"uv":[8.5,9.5,9.5,10.0],"texture":"#2"},"south":{"uv":[9.5,8.5,10.5,9.0],"texture":"#2"},"west":{"uv":[9.5,9.5,10.5,10.0],"texture":"#2"},"up":{"uv":[5.0,7.0,4.0,6.0],"texture":"#2"},"down":{"uv":[6.0,6.0,5.0,7.0],"texture":"#2"}}}],"textures":{"2":"workshop_six:822054c9-31fd-4cd4-8e08-85587d8039e1","particle":"workshop_six:822054c9-31fd-4cd4-8e08-85587d8039e1"},"gui_light":"front"}