{"display":{"thirdperson_righthand":{"rotation":[49.0,0.0,0.0],"translation":[-0.5,1.75,-0.25],"scale":[0.27,0.27,0.27]},"thirdperson_lefthand":{"rotation":[49.0,0.0,0.0],"translation":[-0.5,1.75,-0.25],"scale":[0.27,0.27,0.27]},"firstperson_righthand":{"translation":[0.0,4.75,1.5],"scale":[0.39,0.39,0.39]},"firstperson_lefthand":{"translation":[0.0,4.75,1.5],"scale":[0.39,0.39,0.39]},"ground":{"translation":[0.0,2.25,0.0],"scale":[0.4,0.4,0.4]},"gui":{"rotation":[11.75,0.0,0.0],"translation":[-0.5,5.0,0.0],"scale":[1.11,1.11,1.11]},"head":{"scale":[0.0,0.0,0.0]},"fixed":{"rotation":[-90.0,0.0,0.0],"translation":[0.0,0.0,-16.0],"scale":[2.0,2.0,2.0]}},"elements":[{"from":[9.0,0.0,13.25],"to":[12.0,3.0,14.25],"rotation":{"origin":[10.5,1.5,8.25],"x":0.0,"y":-22.5,"z":0.0},"faces":{"north":{"uv":[4.5,0.0,6.0,1.5],"texture":"#2"},"east":{"uv":[2.5,7.5,3.0,9.0],"texture":"#2"},"south":{"uv":[4.5,1.5,6.0,3.0],"texture":"#2"},"west":{"uv":[8.0,4.5,8.5,6.0],"texture":"#2"},"up":{"uv":[6.5,8.5,5.0,8.0],"texture":"#2"},"down":{"uv":[9.5,6.0,8.0,6.5],"texture":"#2"}}},{"from":[9.0,0.0,2.25],"to":[12.0,3.0,3.25],"rotation":{"origin":[10.5,1.5,8.25],"x":0.0,"y":-22.5,"z":0.0},"faces":{"north":{"uv":[5.0,5.0,6.5,6.5],"texture":"#2"},"east":{"uv":[6.5,8.0,7.0,9.5],"texture":"#2"},"south":{"uv":[6.0,0.0,7.5,1.5],"texture":"#2"},"west":{"uv":[8.0,6.5,8.5,8.0],"texture":"#2"},"up":{"uv":[8.5,8.5,7.0,8.0],"texture":"#2"},"down":{"uv":[10.0,0.0,8.5,0.5],"texture":"#2"}}},{"from":[9.0,0.0,7.25],"to":[12.0,3.0,9.25],"rotation":{"origin":[10.5,1.5,8.25],"x":0.0,"y":-22.5,"z":0.0},"faces":{"north":{"uv":[6.0,1.5,7.5,3.0],"texture":"#2"},"east":{"uv":[0.0,7.5,1.0,9.0],"texture":"#2"},"south":{"uv":[5.0,6.5,6.5,8.0],"texture":"#2"},"west":{"uv":[7.5,0.0,8.5,1.5],"texture":"#2"},"up":{"uv":[2.5,8.5,1.0,7.5],"texture":"#2"},"down":{"uv":[9.0,1.5,7.5,2.5],"texture":"#2"}}},{"from":[9.25,0.25,3.75],"to":[11.75,2.75,12.75],"rotation":{"origin":[10.5,1.5,8.25],"x":0.0,"y":-22.5,"z":0.0},"faces":{"north":{"uv":[6.5,5.0,8.0,6.5],"texture":"#2"},"east":{"uv":[0.0,0.0,4.5,1.5],"texture":"#2"},"south":{"uv":[6.5,6.5,8.0,8.0],"texture":"#2"},"west":{"uv":[0.0,1.5,4.5,3.0],"texture":"#2"},"up":{"uv":[1.5,7.5,0.0,3.0],"texture":"#2"},"down":{"uv":[3.0,3.0,1.5,7.5],"texture":"#2"}}},{"from":[9.5,0.5,3.25],"to":[11.5,2.5,13.25],"rotation":{"origin":[10.5,1.5,8.25],"x":0.0,"y":-22.5,"z":0.0},"faces":{"north":{"uv":[8.0,2.5,9.0,3.5],"texture":"#2"},"east":{"uv":[3.0,3.0,8.0,4.0],"texture":"#2"},"south":{"uv":[8.0,3.5,9.0,4.5],"texture":"#2"},"west":{"uv":[3.0,4.0,8.0,5.0],"texture":"#2"},"up":{"uv":[4.0,10.0,3.0,5.0],"texture":"#2"},"down":{"uv":[5.0,5.0,4.0,10.0],"texture":"#2"}}},{"from":[3.5,0.0,13.0],"to":[6.5,3.0,14.0],"rotation":{"origin":[5.0,1.5,8.0],"x":0.0,"y":0.0,"z":0.0},"faces":{"north":{"uv":[4.5,0.0,6.0,1.5],"texture":"#2"},"east":{"uv":[2.5,7.5,3.0,9.0],"texture":"#2"},"south":{"uv":[4.5,1.5,6.0,3.0],"texture":"#2"},"west":{"uv":[8.0,4.5,8.5,6.0],"texture":"#2"},"up":{"uv":[6.5,8.5,5.0,8.0],"texture":"#2"},"down":{"uv":[9.5,6.0,8.0,6.5],"texture":"#2"}}},{"from":[3.5,0.0,2.0],"to":[6.5,3.0,3.0],"rotation":{"origin":[5.0,1.5,8.0],"x":0.0,"y":0.0,"z":0.0},"faces":{"north":{"uv":[5.0,5.0,6.5,6.5],"texture":"#2"},"east":{"uv":[6.5,8.0,7.0,9.5],"texture":"#2"},"south":{"uv":[6.0,0.0,7.5,1.5],"texture":"#2"},"west":{"uv":[8.0,6.5,8.5,8.0],"texture":"#2"},"up":{"uv":[8.5,8.5,7.0,8.0],"texture":"#2"},"down":{"uv":[10.0,0.0,8.5,0.5],"texture":"#2"}}},{"from":[3.5,0.0,7.0],"to":[6.5,3.0,9.0],"rotation":{"origin":[5.0,1.5,8.0],"x":0.0,"y":0.0,"z":0.0},"faces":{"north":{"uv":[6.0,1.5,7.5,3.0],"texture":"#2"},"east":{"uv":[0.0,7.5,1.0,9.0],"texture":"#2"},"south":{"uv":[5.0,6.5,6.5,8.0],"texture":"#2"},"west":{"uv":[7.5,0.0,8.5,1.5],"texture":"#2"},"up":{"uv":[2.5,8.5,1.0,7.5],"texture":"#2"},"down":{"uv":[9.0,1.5,7.5,2.5],"texture":"#2"}}},{"from":[3.75,0.25,3.5],"to":[6.25,2.75,12.5],"rotation":{"origin":[5.0,1.5,8.0],"x":0.0,"y":0.0,"z":0.0},"faces":{"north":{"uv":[6.5,5.0,8.0,6.5],"texture":"#2"},"east":{"uv":[0.0,0.0,4.5,1.5],"texture":"#2"},"south":{"uv":[6.5,6.5,8.0,8.0],"texture":"#2"},"west":{"uv":[0.0,1.5,4.5,3.0],"texture":"#2"},"up":{"uv":[1.5,7.5,0.0,3.0],"texture":"#2"},"down":{"uv":[3.0,3.0,1.5,7.5],"texture":"#2"}}},{"from":[4.0,0.5,3.0],"to":[6.0,2.5,13.0],"rotation":{"origin":[5.0,1.5,8.0],"x":0.0,"y":0.0,"z":0.0},"faces":{"north":{"uv":[8.0,2.5,9.0,3.5],"texture":"#2"},"east":{"uv":[3.0,3.0,8.0,4.0],"texture":"#2"},"south":{"uv":[8.0,3.5,9.0,4.5],"texture":"#2"},"west":{"uv":[3.0,4.0,8.0,5.0],"texture":"#2"},"up":{"uv":[4.0,10.0,3.0,5.0],"texture":"#2"},"down":{"uv":[5.0,5.0,4.0,10.0],"texture":"#2"}}},{"from":[5.0,3.0,12.75],"to":[8.0,6.0,13.75],"rotation":{"origin":[6.5,4.5,7.75],"x":0.0,"y":22.5,"z":0.0},"faces":{"north":{"uv":[4.5,0.0,6.0,1.5],"texture":"#2"},"east":{"uv":[2.5,7.5,3.0,9.0],"texture":"#2"},"south":{"uv":[4.5,1.5,6.0,3.0],"texture":"#2"},"west":{"uv":[8.0,4.5,8.5,6.0],"texture":"#2"},"up":{"uv":[6.5,8.5,5.0,8.0],"texture":"#2"},"down":{"uv":[9.5,6.0,8.0,6.5],"texture":"#2"}}},{"from":[5.0,3.0,1.75],"to":[8.0,6.0,2.75],"rotation":{"origin":[6.5,4.5,7.75],"x":0.0,"y":22.5,"z":0.0},"faces":{"north":{"uv":[5.0,5.0,6.5,6.5],"texture":"#2"},"east":{"uv":[6.5,8.0,7.0,9.5],"texture":"#2"},"south":{"uv":[6.0,0.0,7.5,1.5],"texture":"#2"},"west":{"uv":[8.0,6.5,8.5,8.0],"texture":"#2"},"up":{"uv":[8.5,8.5,7.0,8.0],"texture":"#2"},"down":{"uv":[10.0,0.0,8.5,0.5],"texture":"#2"}}},{"from":[5.0,3.0,6.75],"to":[8.0,6.0,8.75],"rotation":{"origin":[6.5,4.5,7.75],"x":0.0,"y":22.5,"z":0.0},"faces":{"north":{"uv":[6.0,1.5,7.5,3.0],"texture":"#2"},"east":{"uv":[0.0,7.5,1.0,9.0],"texture":"#2"},"south":{"uv":[5.0,6.5,6.5,8.0],"texture":"#2"},"west":{"uv":[7.5,0.0,8.5,1.5],"texture":"#2"},"up":{"uv":[2.5,8.5,1.0,7.5],"texture":"#2"},"down":{"uv":[9.0,1.5,7.5,2.5],"texture":"#2"}}},{"from":[5.25,3.25,3.25],"to":[7.75,5.75,12.25],"rotation":{"origin":[6.5,4.5,7.75],"x":0.0,"y":22.5,"z":0.0},"faces":{"north":{"uv":[6.5,5.0,8.0,6.5],"texture":"#2"},"east":{"uv":[0.0,0.0,4.5,1.5],"texture":"#2"},"south":{"uv":[6.5,6.5,8.0,8.0],"texture":"#2"},"west":{"uv":[0.0,1.5,4.5,3.0],"texture":"#2"},"up":{"uv":[1.5,7.5,0.0,3.0],"texture":"#2"},"down":{"uv":[3.0,3.0,1.5,7.5],"texture":"#2"}}},{"from":[5.5,3.5,2.75],"to":[7.5,5.5,12.75],"rotation":{"origin":[6.5,4.5,7.75],"x":0.0,"y":22.5,"z":0.0},"faces":{"north":{"uv":[8.0,2.5,9.0,3.5],"texture":"#2"},"east":{"uv":[3.0,3.0,8.0,4.0],"texture":"#2"},"south":{"uv":[8.0,3.5,9.0,4.5],"texture":"#2"},"west":{"uv":[3.0,4.0,8.0,5.0],"texture":"#2"},"up":{"uv":[4.0,10.0,3.0,5.0],"texture":"#2"},"down":{"uv":[5.0,5.0,4.0,10.0],"texture":"#2"}}}],"textures":{"2":"workshop_six:712bdb97-80a5-49ad-9b51-f36b3f629c89","particle":"workshop_six:712bdb97-80a5-49ad-9b51-f36b3f629c89"},"gui_light":"front"}