{"display":{"thirdperson_righthand":{"rotation":[49.0,0.0,0.0],"translation":[0.25,0.0,-0.5],"scale":[0.27,0.27,0.27]},"thirdperson_lefthand":{"rotation":[49.0,0.0,0.0],"translation":[-0.25,0.0,-0.5],"scale":[0.27,0.27,0.27]},"firstperson_righthand":{"translation":[0.0,3.75,1.5],"scale":[0.26,0.26,0.26]},"firstperson_lefthand":{"translation":[0.0,3.75,1.5],"scale":[0.26,0.26,0.26]},"ground":{"translation":[0.0,2.25,0.0],"scale":[0.4,0.4,0.4]},"gui":{"rotation":[11.75,0.0,0.0],"translation":[0.0,0.25,0.0],"scale":[0.32,0.32,0.32]},"head":{"scale":[0.0,0.0,0.0]},"fixed":{"rotation":[-90.0,0.0,0.0],"translation":[0.0,0.0,-16.0],"scale":[2.0,2.0,2.0]}},"elements":[{"from":[-16.0,14.0,-3.0],"to":[32.0,16.0,19.0],"faces":{"north":{"uv":[0.0,5.5,6.0,5.75],"texture":"#1"},"east":{"uv":[6.0,0.75,8.75,1.0],"texture":"#1"},"south":{"uv":[0.0,5.75,6.0,6.0],"texture":"#1"},"west":{"uv":[6.0,1.0,8.75,1.25],"texture":"#1"},"up":{"uv":[6.0,2.75,0.0,0.0],"texture":"#1"},"down":{"uv":[6.0,2.75,0.0,5.5],"texture":"#1"}}},{"from":[29.0,0.0,0.0],"to":[31.0,14.0,2.0],"faces":{"north":{"uv":[6.0,1.75,6.25,3.5],"texture":"#1"},"east":{"uv":[6.0,3.5,6.25,5.25],"texture":"#1"},"south":{"uv":[5.25,6.0,5.5,7.75],"texture":"#1"},"west":{"uv":[6.0,5.25,6.25,7.0],"texture":"#1"},"up":{"uv":[6.75,2.0,6.5,1.75],"texture":"#1"},"down":{"uv":[6.75,2.0,6.5,2.25],"texture":"#1"}}},{"from":[29.5,10.0,2.0],"to":[30.5,12.0,14.0],"rotation":{"origin":[4.5,9.0,1.0],"x":0.0,"y":0.0,"z":0.0},"faces":{"north":{"uv":[6.5,3.25,6.625,3.5],"texture":"#1"},"east":{"uv":[2.25,6.25,3.75,6.5],"texture":"#1"},"south":{"uv":[3.375,6.5,3.5,6.75],"texture":"#1"},"west":{"uv":[6.25,3.5,7.75,3.75],"texture":"#1"},"up":{"uv":[6.375,5.5,6.25,4.0],"texture":"#1"},"down":{"uv":[6.375,5.5,6.25,7.0],"texture":"#1"}}},{"from":[-15.0,0.0,0.0],"to":[-13.0,14.0,2.0],"rotation":{"origin":[11.5,9.0,1.0],"x":0.0,"y":0.0,"z":0.0},"faces":{"north":{"uv":[5.5,6.0,5.75,7.75],"texture":"#1"},"east":{"uv":[5.75,6.0,6.0,7.75],"texture":"#1"},"south":{"uv":[0.0,6.25,0.25,8.0],"texture":"#1"},"west":{"uv":[0.25,6.25,0.5,8.0],"texture":"#1"},"up":{"uv":[2.5,6.75,2.25,6.5],"texture":"#1"},"down":{"uv":[6.75,2.25,6.5,2.5],"texture":"#1"}}},{"from":[-15.0,0.0,14.0],"to":[-13.0,14.0,16.0],"rotation":{"origin":[11.5,9.0,15.0],"x":0.0,"y":0.0,"z":0.0},"faces":{"north":{"uv":[0.5,6.25,0.75,8.0],"texture":"#1"},"east":{"uv":[0.75,6.25,1.0,8.0],"texture":"#1"},"south":{"uv":[1.0,6.25,1.25,8.0],"texture":"#1"},"west":{"uv":[1.25,6.25,1.5,8.0],"texture":"#1"},"up":{"uv":[2.75,6.75,2.5,6.5],"texture":"#1"},"down":{"uv":[6.75,2.5,6.5,2.75],"texture":"#1"}}},{"from":[-14.5,10.0,2.0],"to":[-13.5,12.0,14.0],"rotation":{"origin":[11.5,9.0,15.0],"x":0.0,"y":0.0,"z":0.0},"faces":{"north":{"uv":[3.5,6.5,3.625,6.75],"texture":"#1"},"east":{"uv":[3.75,6.25,5.25,6.5],"texture":"#1"},"south":{"uv":[3.625,6.5,3.75,6.75],"texture":"#1"},"west":{"uv":[6.25,3.75,7.75,4.0],"texture":"#1"},"up":{"uv":[6.5,5.5,6.375,4.0],"texture":"#1"},"down":{"uv":[6.5,5.5,6.375,7.0],"texture":"#1"}}},{"from":[29.0,0.0,14.0],"to":[31.0,14.0,16.0],"rotation":{"origin":[0.0,0.0,16.0],"x":0.0,"y":0.0,"z":0.0},"faces":{"north":{"uv":[1.5,6.25,1.75,8.0],"texture":"#1"},"east":{"uv":[1.75,6.25,2.0,8.0],"texture":"#1"},"south":{"uv":[6.25,1.75,6.5,3.5],"texture":"#1"},"west":{"uv":[2.0,6.25,2.25,8.0],"texture":"#1"},"up":{"uv":[3.0,6.75,2.75,6.5],"texture":"#1"},"down":{"uv":[6.75,2.75,6.5,3.0],"texture":"#1"}}},{"from":[-13.0,10.0,14.5],"to":[29.0,12.0,15.5],"rotation":{"origin":[0.0,0.0,16.0],"x":0.0,"y":0.0,"z":0.0},"faces":{"north":{"uv":[11.25,0.0,6.0,0.25],"texture":"#1"},"east":{"uv":[3.125,6.5,3.0,6.75],"texture":"#1"},"south":{"uv":[5.25,6.0,0.0,6.25],"texture":"#1"},"west":{"uv":[6.625,3.0,6.5,3.25],"texture":"#1"},"up":{"uv":[11.25,1.25,6.0,1.375],"texture":"#1"},"down":{"uv":[11.25,1.5,6.0,1.375],"texture":"#1"}}},{"from":[-13.0,10.0,0.5],"to":[29.0,12.0,1.5],"faces":{"north":{"uv":[0.0,6.0,5.25,6.25],"texture":"#1"},"east":{"uv":[3.0,6.5,3.125,6.75],"texture":"#1"},"south":{"uv":[6.0,0.0,11.25,0.25],"texture":"#1"},"west":{"uv":[6.5,3.0,6.625,3.25],"texture":"#1"},"up":{"uv":[11.25,1.375,6.0,1.25],"texture":"#1"},"down":{"uv":[11.25,1.375,6.0,1.5],"texture":"#1"}}}],"textures":{"1":"workshop_six:f8e35468-5ea5-46a2-a507-b6bc5a77bf32","particle":"workshop_six:f8e35468-5ea5-46a2-a507-b6bc5a77bf32"},"gui_light":"front"}