{"display":{"thirdperson_righthand":{"rotation":[49.0,0.0,0.0],"translation":[1.5,0.0,-0.5],"scale":[0.27,0.27,0.27]},"thirdperson_lefthand":{"rotation":[49.0,0.0,0.0],"translation":[-2.5,0.0,-0.5],"scale":[0.27,0.27,0.27]},"firstperson_righthand":{"rotation":[-180.0,82.5,-180.0],"translation":[0.0,4.75,1.75],"scale":[0.25,0.25,0.25]},"firstperson_lefthand":{"rotation":[-180.0,82.5,-180.0],"translation":[0.0,4.75,4.75],"scale":[0.25,0.25,0.25]},"ground":{"translation":[0.0,2.25,0.0],"scale":[0.4,0.4,0.4]},"gui":{"rotation":[11.75,180.0,0.0],"translation":[-3.75,0.25,0.0],"scale":[0.47,0.47,0.47]},"head":{"scale":[0.0,0.0,0.0]},"fixed":{"rotation":[-90.0,0.0,0.0],"translation":[0.0,0.0,-16.0],"scale":[2.0,2.0,2.0]}},"elements":[{"from":[-16.0,14.0,-1.5],"to":[16.0,16.0,16.5],"faces":{"north":{"uv":[7.25,4.5,11.25,4.75],"texture":"#1"},"east":{"uv":[7.375,2.0,9.625,2.25],"texture":"#1"},"south":{"uv":[7.375,1.25,11.375,1.5],"texture":"#1"},"west":{"uv":[7.375,2.25,9.625,2.5],"texture":"#1"},"up":{"uv":[4.0,2.25,0.0,0.0],"texture":"#1"},"down":{"uv":[4.0,2.25,0.0,4.5],"texture":"#1"}}},{"from":[13.0,0.0,0.0],"to":[15.0,14.0,2.0],"faces":{"north":{"uv":[0.0,7.75,0.25,9.5],"texture":"#1"},"east":{"uv":[0.25,7.75,0.5,9.5],"texture":"#1"},"south":{"uv":[0.5,7.75,0.75,9.5],"texture":"#1"},"west":{"uv":[0.75,7.75,1.0,9.5],"texture":"#1"},"up":{"uv":[6.0,8.625,5.75,8.375],"texture":"#1"},"down":{"uv":[8.625,5.875,8.375,6.125],"texture":"#1"}}},{"from":[-15.0,0.0,0.0],"to":[-13.0,14.0,2.0],"rotation":{"origin":[11.5,9.0,1.0],"x":0.0,"y":0.0,"z":0.0},"faces":{"north":{"uv":[1.0,7.75,1.25,9.5],"texture":"#1"},"east":{"uv":[1.25,7.75,1.5,9.5],"texture":"#1"},"south":{"uv":[1.5,7.75,1.75,9.5],"texture":"#1"},"west":{"uv":[1.75,7.75,2.0,9.5],"texture":"#1"},"up":{"uv":[6.25,8.625,6.0,8.375],"texture":"#1"},"down":{"uv":[8.625,6.125,8.375,6.375],"texture":"#1"}}},{"from":[-15.0,0.0,14.0],"to":[-13.0,14.0,16.0],"rotation":{"origin":[11.5,9.0,15.0],"x":0.0,"y":0.0,"z":0.0},"faces":{"north":{"uv":[2.0,7.75,2.25,9.5],"texture":"#1"},"east":{"uv":[2.25,7.75,2.5,9.5],"texture":"#1"},"south":{"uv":[2.5,7.75,2.75,9.5],"texture":"#1"},"west":{"uv":[2.75,7.75,3.0,9.5],"texture":"#1"},"up":{"uv":[6.5,8.625,6.25,8.375],"texture":"#1"},"down":{"uv":[8.625,6.375,8.375,6.625],"texture":"#1"}}},{"from":[-14.5,1.0,2.0],"to":[-13.5,14.0,14.0],"rotation":{"origin":[11.5,9.0,15.0],"x":0.0,"y":0.0,"z":0.0},"faces":{"north":{"uv":[8.25,5.0,8.375,6.625],"texture":"#1"},"east":{"uv":[3.25,6.5,4.75,8.125],"texture":"#1"},"south":{"uv":[8.25,6.625,8.375,8.25],"texture":"#1"},"west":{"uv":[4.75,6.5,6.25,8.125],"texture":"#1"},"up":{"uv":[3.5,9.875,3.375,8.375],"texture":"#1"},"down":{"uv":[3.625,8.375,3.5,9.875],"texture":"#1"}}},{"from":[13.0,0.0,14.0],"to":[15.0,14.0,16.0],"rotation":{"origin":[0.0,0.0,16.0],"x":0.0,"y":0.0,"z":0.0},"faces":{"north":{"uv":[3.0,7.75,3.25,9.5],"texture":"#1"},"east":{"uv":[7.75,6.5,8.0,8.25],"texture":"#1"},"south":{"uv":[8.0,4.75,8.25,6.5],"texture":"#1"},"west":{"uv":[8.0,6.5,8.25,8.25],"texture":"#1"},"up":{"uv":[6.75,8.625,6.5,8.375],"texture":"#1"},"down":{"uv":[8.625,6.625,8.375,6.875],"texture":"#1"}}},{"from":[-13.0,1.0,14.5],"to":[13.0,14.0,15.5],"rotation":{"origin":[0.0,0.0,16.0],"x":0.0,"y":0.0,"z":0.0},"faces":{"north":{"uv":[4.0,3.25,7.25,4.875],"texture":"#1"},"east":{"uv":[7.75,8.25,7.875,9.875],"texture":"#1"},"south":{"uv":[0.0,4.5,3.25,6.125],"texture":"#1"},"west":{"uv":[7.875,8.25,8.0,9.875],"texture":"#1"},"up":{"uv":[10.625,2.625,7.375,2.5],"texture":"#1"},"down":{"uv":[10.625,2.625,7.375,2.75],"texture":"#1"}}},{"from":[-13.0,1.0,1.0],"to":[13.0,14.0,2.0],"rotation":{"origin":[0.0,0.0,16.0],"x":0.0,"y":0.0,"z":0.0},"faces":{"north":{"uv":[3.25,4.875,6.5,6.5],"texture":"#1"},"east":{"uv":[8.0,8.25,8.125,9.875],"texture":"#1"},"south":{"uv":[0.0,6.125,3.25,7.75],"texture":"#1"},"west":{"uv":[8.125,8.25,8.25,9.875],"texture":"#1"},"up":{"uv":[10.625,2.875,7.375,2.75],"texture":"#1"},"down":{"uv":[10.625,2.875,7.375,3.0],"texture":"#1"}}},{"from":[-11.5,8.0,0.0],"to":[11.5,13.0,1.0],"rotation":{"origin":[0.0,0.5,16.0],"x":0.0,"y":0.0,"z":0.0},"faces":{"north":{"uv":[7.375,0.0,10.25,0.625],"texture":"#1"},"east":{"uv":[5.5,8.375,5.625,9.0],"texture":"#1"},"south":{"uv":[7.375,0.625,10.25,1.25],"texture":"#1"},"west":{"uv":[5.625,8.375,5.75,9.0],"texture":"#1"},"up":{"uv":[7.75,8.375,4.875,8.25],"texture":"#1"},"down":{"uv":[11.125,4.875,8.25,5.0],"texture":"#1"}}},{"from":[-11.5,2.0,0.0],"to":[11.5,7.0,1.0],"rotation":{"origin":[0.0,0.5,16.0],"x":0.0,"y":0.0,"z":0.0},"faces":{"north":{"uv":[7.25,3.25,10.125,3.875],"texture":"#1"},"east":{"uv":[8.375,5.25,8.5,5.875],"texture":"#1"},"south":{"uv":[7.25,3.875,10.125,4.5],"texture":"#1"},"west":{"uv":[5.375,8.375,5.5,9.0],"texture":"#1"},"up":{"uv":[7.75,8.25,4.875,8.125],"texture":"#1"},"down":{"uv":[11.125,4.75,8.25,4.875],"texture":"#1"}}},{"from":[-3.0,4.25,-1.0],"to":[3.0,5.25,0.0],"rotation":{"origin":[0.0,0.75,16.0],"x":0.0,"y":0.0,"z":0.0},"faces":{"north":{"uv":[3.875,8.375,4.625,8.5],"texture":"#1"},"east":{"uv":[8.375,6.875,8.5,7.0],"texture":"#1"},"south":{"uv":[4.625,8.375,5.375,8.5],"texture":"#1"},"west":{"uv":[7.0,8.375,7.125,8.5],"texture":"#1"},"up":{"uv":[9.125,5.125,8.375,5.0],"texture":"#1"},"down":{"uv":[9.125,5.125,8.375,5.25],"texture":"#1"}}},{"from":[-3.0,10.0,-1.0],"to":[3.0,11.0,0.0],"rotation":{"origin":[0.0,0.5,16.0],"x":0.0,"y":0.0,"z":0.0},"faces":{"north":{"uv":[3.25,4.5,4.0,4.625],"texture":"#1"},"east":{"uv":[6.75,8.375,6.875,8.5],"texture":"#1"},"south":{"uv":[3.25,4.625,4.0,4.75],"texture":"#1"},"west":{"uv":[6.875,8.375,7.0,8.5],"texture":"#1"},"up":{"uv":[4.0,4.875,3.25,4.75],"texture":"#1"},"down":{"uv":[8.0,4.75,7.25,4.875],"texture":"#1"}}},{"from":[-13.5,1.0,2.0],"to":[13.5,3.0,15.0],"faces":{"north":{"uv":[7.375,1.5,10.75,1.75],"texture":"#1"},"east":{"uv":[7.375,3.0,9.0,3.25],"texture":"#1"},"south":{"uv":[7.375,1.75,10.75,2.0],"texture":"#1"},"west":{"uv":[3.25,8.125,4.875,8.375],"texture":"#1"},"up":{"uv":[7.375,1.625,4.0,0.0],"texture":"#1"},"down":{"uv":[7.375,1.625,4.0,3.25],"texture":"#1"}}},{"from":[13.5,1.0,2.0],"to":[14.5,14.0,14.0],"rotation":{"origin":[4.5,9.0,15.0],"x":0.0,"y":0.0,"z":0.0},"faces":{"north":{"uv":[8.25,8.25,8.375,9.875],"texture":"#1"},"east":{"uv":[6.5,4.875,8.0,6.5],"texture":"#1"},"south":{"uv":[3.25,8.375,3.375,10.0],"texture":"#1"},"west":{"uv":[6.25,6.5,7.75,8.125],"texture":"#1"},"up":{"uv":[3.75,9.875,3.625,8.375],"texture":"#1"},"down":{"uv":[3.875,8.375,3.75,9.875],"texture":"#1"}}}],"textures":{"1":"workshop_six:49ee1c1e-2677-4fc8-b33e-d78b63fd5c45","particle":"workshop_six:49ee1c1e-2677-4fc8-b33e-d78b63fd5c45"},"gui_light":"front"}