{"display":{"thirdperson_righthand":{"rotation":[49.0,0.0,0.0],"translation":[-1.0,0.0,-0.5],"scale":[0.27,0.27,0.27]},"thirdperson_lefthand":{"rotation":[49.0,0.0,0.0],"translation":[-1.0,0.0,-0.5],"scale":[0.27,0.27,0.27]},"firstperson_righthand":{"translation":[0.0,4.75,1.5],"scale":[0.39,0.39,0.39]},"firstperson_lefthand":{"translation":[0.0,4.75,1.5],"scale":[0.39,0.39,0.39]},"ground":{"translation":[0.0,2.25,0.0],"scale":[0.4,0.4,0.4]},"gui":{"rotation":[11.75,171.0,0.0],"translation":[0.0,1.5,0.0],"scale":[0.77,0.77,0.77]},"head":{"scale":[0.0,0.0,0.0]},"fixed":{"rotation":[-90.0,0.0,0.0],"translation":[0.0,0.0,-16.0],"scale":[2.0,2.0,2.0]}},"elements":[{"from":[0.0,6.6,0.0],"to":[16.0,8.6,1.0],"rotation":{"origin":[8.0,1.85,9.0],"x":-22.5,"y":0.0,"z":0.0},"faces":{"north":{"uv":[0.0,4.0,4.0,4.5],"texture":"#2"},"east":{"uv":[9.0,5.0,9.25,5.5],"texture":"#2"},"south":{"uv":[4.0,4.0,8.0,4.5],"texture":"#2"},"west":{"uv":[9.0,5.5,9.25,6.0],"texture":"#2"},"up":{"uv":[11.0,2.75,7.0,2.5],"texture":"#2"},"down":{"uv":[11.0,2.75,7.0,3.0],"texture":"#2"}}},{"from":[0.0,3.6,1.0],"to":[1.0,5.6,17.0],"rotation":{"origin":[8.0,1.85,9.0],"x":-22.5,"y":0.0,"z":0.0},"faces":{"north":{"uv":[9.0,6.5,9.25,7.0],"texture":"#2"},"east":{"uv":[0.0,4.5,4.0,5.0],"texture":"#2"},"south":{"uv":[9.0,7.0,9.25,7.5],"texture":"#2"},"west":{"uv":[4.0,4.5,8.0,5.0],"texture":"#2"},"up":{"uv":[4.25,11.0,4.0,7.0],"texture":"#2"},"down":{"uv":[4.5,7.0,4.25,11.0],"texture":"#2"}}},{"from":[1.0,4.6,1.0],"to":[2.0,8.6,2.0],"rotation":{"origin":[8.0,1.85,9.0],"x":-22.5,"y":0.0,"z":0.0},"faces":{"north":{"uv":[5.5,8.25,5.75,9.25],"texture":"#2"},"east":{"uv":[5.75,8.25,6.0,9.25],"texture":"#2"},"south":{"uv":[6.0,8.25,6.25,9.25],"texture":"#2"},"west":{"uv":[6.25,8.25,6.5,9.25],"texture":"#2"},"up":{"uv":[8.75,6.25,8.5,6.0],"texture":"#2"},"down":{"uv":[9.0,6.0,8.75,6.25],"texture":"#2"}}},{"from":[1.0,3.6,1.0],"to":[15.0,4.6,17.0],"rotation":{"origin":[8.0,1.85,9.0],"x":-22.5,"y":0.0,"z":0.0},"faces":{"north":{"uv":[8.0,4.0,11.5,4.25],"texture":"#2"},"east":{"uv":[7.0,3.0,11.0,3.25],"texture":"#2"},"south":{"uv":[8.0,4.25,11.5,4.5],"texture":"#2"},"west":{"uv":[7.0,3.25,11.0,3.5],"texture":"#2"},"up":{"uv":[3.5,4.0,0.0,0.0],"texture":"#2"},"down":{"uv":[7.0,0.0,3.5,4.0],"texture":"#2"}}},{"from":[0.0,6.6,1.0],"to":[1.0,8.6,17.0],"rotation":{"origin":[8.0,1.85,9.0],"x":-22.5,"y":0.0,"z":0.0},"faces":{"north":{"uv":[9.0,7.5,9.25,8.0],"texture":"#2"},"east":{"uv":[0.0,5.0,4.0,5.5],"texture":"#2"},"south":{"uv":[9.0,8.0,9.25,8.5],"texture":"#2"},"west":{"uv":[4.0,5.0,8.0,5.5],"texture":"#2"},"up":{"uv":[4.75,11.0,4.5,7.0],"texture":"#2"},"down":{"uv":[5.0,7.0,4.75,11.0],"texture":"#2"}}},{"from":[1.0,4.6,16.0],"to":[2.0,8.6,17.0],"rotation":{"origin":[8.0,1.85,9.0],"x":-22.5,"y":0.0,"z":0.0},"faces":{"north":{"uv":[6.5,8.25,6.75,9.25],"texture":"#2"},"east":{"uv":[6.75,8.25,7.0,9.25],"texture":"#2"},"south":{"uv":[7.0,8.25,7.25,9.25],"texture":"#2"},"west":{"uv":[7.25,8.25,7.5,9.25],"texture":"#2"},"up":{"uv":[9.25,6.25,9.0,6.0],"texture":"#2"},"down":{"uv":[3.25,9.25,3.0,9.5],"texture":"#2"}}},{"from":[0.0,3.6,17.0],"to":[16.0,5.6,18.0],"rotation":{"origin":[8.0,1.85,9.0],"x":-22.5,"y":0.0,"z":0.0},"faces":{"north":{"uv":[0.0,5.5,4.0,6.0],"texture":"#2"},"east":{"uv":[8.5,9.0,8.75,9.5],"texture":"#2"},"south":{"uv":[4.0,5.5,8.0,6.0],"texture":"#2"},"west":{"uv":[9.0,8.5,9.25,9.0],"texture":"#2"},"up":{"uv":[11.0,3.75,7.0,3.5],"texture":"#2"},"down":{"uv":[11.0,3.75,7.0,4.0],"texture":"#2"}}},{"from":[0.0,6.6,17.0],"to":[16.0,8.6,18.0],"rotation":{"origin":[8.0,1.85,9.0],"x":-22.5,"y":0.0,"z":0.0},"faces":{"north":{"uv":[0.0,6.0,4.0,6.5],"texture":"#2"},"east":{"uv":[8.75,9.0,9.0,9.5],"texture":"#2"},"south":{"uv":[4.0,6.0,8.0,6.5],"texture":"#2"},"west":{"uv":[9.0,9.0,9.25,9.5],"texture":"#2"},"up":{"uv":[9.0,7.25,5.0,7.0],"texture":"#2"},"down":{"uv":[9.0,7.25,5.0,7.5],"texture":"#2"}}},{"from":[15.0,3.6,1.0],"to":[16.0,5.6,17.0],"rotation":{"origin":[8.0,1.85,9.0],"x":-22.5,"y":0.0,"z":0.0},"faces":{"north":{"uv":[1.0,9.25,1.25,9.75],"texture":"#2"},"east":{"uv":[0.0,6.5,4.0,7.0],"texture":"#2"},"south":{"uv":[1.25,9.25,1.5,9.75],"texture":"#2"},"west":{"uv":[4.0,6.5,8.0,7.0],"texture":"#2"},"up":{"uv":[0.25,11.5,0.0,7.5],"texture":"#2"},"down":{"uv":[0.5,7.5,0.25,11.5],"texture":"#2"}}},{"from":[15.0,6.6,1.0],"to":[16.0,8.6,17.0],"rotation":{"origin":[8.0,1.85,9.0],"x":-22.5,"y":0.0,"z":0.0},"faces":{"north":{"uv":[1.5,9.25,1.75,9.75],"texture":"#2"},"east":{"uv":[0.0,7.0,4.0,7.5],"texture":"#2"},"south":{"uv":[1.75,9.25,2.0,9.75],"texture":"#2"},"west":{"uv":[7.0,0.0,11.0,0.5],"texture":"#2"},"up":{"uv":[0.75,11.5,0.5,7.5],"texture":"#2"},"down":{"uv":[1.0,7.5,0.75,11.5],"texture":"#2"}}},{"from":[14.0,4.6,16.0],"to":[15.0,8.6,17.0],"rotation":{"origin":[8.0,1.85,9.0],"x":-22.5,"y":0.0,"z":0.0},"faces":{"north":{"uv":[7.5,8.25,7.75,9.25],"texture":"#2"},"east":{"uv":[7.75,8.25,8.0,9.25],"texture":"#2"},"south":{"uv":[8.0,8.25,8.25,9.25],"texture":"#2"},"west":{"uv":[8.25,8.25,8.5,9.25],"texture":"#2"},"up":{"uv":[3.5,9.5,3.25,9.25],"texture":"#2"},"down":{"uv":[3.75,9.25,3.5,9.5],"texture":"#2"}}},{"from":[14.0,4.6,1.0],"to":[15.0,8.6,2.0],"rotation":{"origin":[8.0,1.85,9.0],"x":-22.5,"y":0.0,"z":0.0},"faces":{"north":{"uv":[8.5,4.5,8.75,5.5],"texture":"#2"},"east":{"uv":[8.5,8.0,8.75,9.0],"texture":"#2"},"south":{"uv":[8.75,4.5,9.0,5.5],"texture":"#2"},"west":{"uv":[8.75,8.0,9.0,9.0],"texture":"#2"},"up":{"uv":[4.0,9.5,3.75,9.25],"texture":"#2"},"down":{"uv":[9.5,5.0,9.25,5.25],"texture":"#2"}}},{"from":[0.0,3.6,0.0],"to":[16.0,5.6,1.0],"rotation":{"origin":[8.0,1.85,9.0],"x":-22.5,"y":0.0,"z":0.0},"faces":{"north":{"uv":[7.0,0.5,11.0,1.0],"texture":"#2"},"east":{"uv":[2.0,9.25,2.25,9.75],"texture":"#2"},"south":{"uv":[7.0,1.0,11.0,1.5],"texture":"#2"},"west":{"uv":[2.25,9.25,2.5,9.75],"texture":"#2"},"up":{"uv":[9.0,7.75,5.0,7.5],"texture":"#2"},"down":{"uv":[9.0,7.75,5.0,8.0],"texture":"#2"}}},{"from":[13.75,-0.25,14.0],"to":[15.75,6.75,16.0],"rotation":{"origin":[13.75,-0.25,14.0],"x":0.0,"y":0.0,"z":0.0},"faces":{"north":{"uv":[1.0,7.5,1.5,9.25],"texture":"#2"},"east":{"uv":[1.5,7.5,2.0,9.25],"texture":"#2"},"south":{"uv":[2.0,7.5,2.5,9.25],"texture":"#2"},"west":{"uv":[2.5,7.5,3.0,9.25],"texture":"#2"},"up":{"uv":[8.5,7.0,8.0,6.5],"texture":"#2"},"down":{"uv":[9.0,5.5,8.5,6.0],"texture":"#2"}}},{"from":[0.25,-0.25,14.0],"to":[2.25,6.75,16.0],"rotation":{"origin":[2.25,-0.25,14.0],"x":0.0,"y":0.0,"z":0.0},"faces":{"north":{"uv":[3.0,7.5,3.5,9.25],"texture":"#2"},"east":{"uv":[3.5,7.5,4.0,9.25],"texture":"#2"},"south":{"uv":[8.0,4.5,8.5,6.25],"texture":"#2"},"west":{"uv":[5.0,8.0,5.5,9.75],"texture":"#2"},"up":{"uv":[9.0,7.0,8.5,6.5],"texture":"#2"},"down":{"uv":[9.5,4.5,9.0,5.0],"texture":"#2"}}},{"from":[1.75,2.0,14.5],"to":[13.75,4.0,15.5],"rotation":{"origin":[11.75,2.0,13.5],"x":0.0,"y":0.0,"z":0.0},"faces":{"north":{"uv":[7.0,1.5,10.0,2.0],"texture":"#2"},"east":{"uv":[2.5,9.25,2.75,9.75],"texture":"#2"},"south":{"uv":[7.0,2.0,10.0,2.5],"texture":"#2"},"west":{"uv":[2.75,9.25,3.0,9.75],"texture":"#2"},"up":{"uv":[8.5,8.25,5.5,8.0],"texture":"#2"},"down":{"uv":[11.0,6.25,8.0,6.5],"texture":"#2"}}}],"textures":{"2":"workshop_six:a2048c3e-d447-4b05-92c4-b1fe06001a11","particle":"workshop_six:a2048c3e-d447-4b05-92c4-b1fe06001a11"},"gui_light":"front"}