{"display":{"thirdperson_righthand":{"rotation":[49.0,0.0,0.0],"translation":[-1.0,0.0,-0.5],"scale":[0.27,0.27,0.27]},"thirdperson_lefthand":{"rotation":[49.0,0.0,0.0],"translation":[-1.0,0.0,-0.5],"scale":[0.27,0.27,0.27]},"firstperson_righthand":{"translation":[0.0,4.75,1.5],"scale":[0.39,0.39,0.39]},"firstperson_lefthand":{"translation":[0.0,4.75,1.5],"scale":[0.39,0.39,0.39]},"ground":{"translation":[0.0,2.25,0.0],"scale":[0.4,0.4,0.4]},"gui":{"rotation":[11.75,0.0,0.0],"translation":[0.0,-2.0,0.0],"scale":[0.56,0.56,0.56]},"head":{"scale":[0.0,0.0,0.0]},"fixed":{"rotation":[-90.0,0.0,0.0],"translation":[0.0,0.0,-16.0],"scale":[2.0,2.0,2.0]}},"elements":[{"from":[7.5,0.0,7.375],"to":[8.5,25.0,8.375],"rotation":{"origin":[0.5,0.0,-0.625],"x":0.0,"y":0.0,"z":0.0},"faces":{"north":{"uv":[0.0,0.0,0.25,6.25],"texture":"#3"},"east":{"uv":[0.25,0.0,0.5,6.25],"texture":"#3"},"south":{"uv":[0.5,0.0,0.75,6.25],"texture":"#3"},"west":{"uv":[0.75,0.0,1.0,6.25],"texture":"#3"},"up":{"uv":[8.0,1.25,7.75,1.0],"texture":"#3"},"down":{"uv":[8.0,1.25,7.75,1.5],"texture":"#3"}}},{"from":[7.0,18.0,6.875],"to":[9.0,24.0,8.875],"rotation":{"origin":[0.5,0.0,-0.875],"x":0.0,"y":0.0,"z":0.0},"faces":{"north":{"uv":[0.0,6.25,0.5,7.75],"texture":"#3"},"east":{"uv":[6.25,0.0,6.75,1.5],"texture":"#3"},"south":{"uv":[0.5,6.25,1.0,7.75],"texture":"#3"},"west":{"uv":[6.25,1.5,6.75,3.0],"texture":"#3"},"up":{"uv":[4.0,8.0,3.5,7.5],"texture":"#3"},"down":{"uv":[4.5,7.5,4.0,8.0],"texture":"#3"}}},{"from":[8.0,9.0,7.875],"to":[10.0,19.0,7.875],"rotation":{"origin":[8.5,12.5,7.875],"x":0.0,"y":0.0,"z":-22.5},"faces":{"north":{"uv":[2.0,2.5,2.5,5.0],"texture":"#3"},"east":{"uv":[0.0,0.0,0.0,2.5],"texture":"#3"},"south":{"uv":[2.5,2.5,3.0,5.0],"texture":"#3"},"west":{"uv":[0.0,0.0,0.0,2.5],"texture":"#3"},"up":{"uv":[0.5,0.0,0.0,0.0],"texture":"#3"},"down":{"uv":[0.5,0.0,0.0,0.0],"texture":"#3"}}},{"from":[6.0,4.0,7.875],"to":[8.0,14.0,7.875],"rotation":{"origin":[7.5,7.5,7.875],"x":0.0,"y":0.0,"z":22.5},"faces":{"north":{"uv":[3.0,0.0,3.5,2.5],"texture":"#3"},"east":{"uv":[0.0,0.0,0.0,2.5],"texture":"#3"},"south":{"uv":[3.0,2.5,3.5,5.0],"texture":"#3"},"west":{"uv":[0.0,0.0,0.0,2.5],"texture":"#3"},"up":{"uv":[0.5,0.0,0.0,0.0],"texture":"#3"},"down":{"uv":[0.5,0.0,0.0,0.0],"texture":"#3"}}},{"from":[11.86019,3.37001,10.875],"to":[13.86019,13.37001,10.875],"rotation":{"origin":[11.0,8.84724,10.875],"x":0.0,"y":0.0,"z":-22.5},"faces":{"north":{"uv":[3.5,0.0,4.0,2.5],"texture":"#3"},"east":{"uv":[0.0,0.0,0.0,2.5],"texture":"#3"},"south":{"uv":[3.5,2.5,4.0,5.0],"texture":"#3"},"west":{"uv":[0.0,0.0,0.0,2.5],"texture":"#3"},"up":{"uv":[0.5,0.0,0.0,0.0],"texture":"#3"},"down":{"uv":[0.5,0.0,0.0,0.0],"texture":"#3"}}},{"from":[10.0,12.0,9.875],"to":[12.0,18.0,11.875],"rotation":{"origin":[11.0,8.84724,10.875],"x":0.0,"y":0.0,"z":0.0},"faces":{"north":{"uv":[6.25,3.0,6.75,4.5],"texture":"#3"},"east":{"uv":[6.25,4.5,6.75,6.0],"texture":"#3"},"south":{"uv":[6.25,6.0,6.75,7.5],"texture":"#3"},"west":{"uv":[6.75,0.0,7.25,1.5],"texture":"#3"},"up":{"uv":[5.0,8.0,4.5,7.5],"texture":"#3"},"down":{"uv":[6.75,7.5,6.25,8.0],"texture":"#3"}}},{"from":[10.5,0.0,10.375],"to":[11.5,19.0,11.375],"rotation":{"origin":[11.0,8.84724,10.875],"x":0.0,"y":0.0,"z":0.0},"faces":{"north":{"uv":[5.0,5.0,5.25,9.75],"texture":"#3"},"east":{"uv":[5.25,5.0,5.5,9.75],"texture":"#3"},"south":{"uv":[5.5,0.0,5.75,4.75],"texture":"#3"},"west":{"uv":[1.0,5.5,1.25,10.25],"texture":"#3"},"up":{"uv":[8.0,1.75,7.75,1.5],"texture":"#3"},"down":{"uv":[8.0,1.75,7.75,2.0],"texture":"#3"}}},{"from":[-0.77361,1.75062,4.875],"to":[1.22639,11.75062,4.875],"rotation":{"origin":[4.0,11.84724,4.875],"x":0.0,"y":0.0,"z":22.5},"faces":{"north":{"uv":[4.0,0.0,4.5,2.5],"texture":"#3"},"east":{"uv":[0.0,0.0,0.0,2.5],"texture":"#3"},"south":{"uv":[4.0,2.5,4.5,5.0],"texture":"#3"},"west":{"uv":[0.0,0.0,0.0,2.5],"texture":"#3"},"up":{"uv":[0.5,0.0,0.0,0.0],"texture":"#3"},"down":{"uv":[0.5,0.0,0.0,0.0],"texture":"#3"}}},{"from":[4.86019,5.37001,4.875],"to":[6.86019,15.37001,4.875],"rotation":{"origin":[4.0,10.84724,4.875],"x":0.0,"y":0.0,"z":-22.5},"faces":{"north":{"uv":[4.5,0.0,5.0,2.5],"texture":"#3"},"east":{"uv":[0.0,0.0,0.0,2.5],"texture":"#3"},"south":{"uv":[4.5,2.5,5.0,5.0],"texture":"#3"},"west":{"uv":[0.0,0.0,0.0,2.5],"texture":"#3"},"up":{"uv":[0.5,0.0,0.0,0.0],"texture":"#3"},"down":{"uv":[0.5,0.0,0.0,0.0],"texture":"#3"}}},{"from":[3.0,15.0,3.875],"to":[5.0,21.0,5.875],"rotation":{"origin":[4.0,11.84724,4.875],"x":0.0,"y":0.0,"z":0.0},"faces":{"north":{"uv":[6.75,1.5,7.25,3.0],"texture":"#3"},"east":{"uv":[6.75,3.0,7.25,4.5],"texture":"#3"},"south":{"uv":[6.75,4.5,7.25,6.0],"texture":"#3"},"west":{"uv":[6.75,6.0,7.25,7.5],"texture":"#3"},"up":{"uv":[7.25,8.0,6.75,7.5],"texture":"#3"},"down":{"uv":[7.75,7.5,7.25,8.0],"texture":"#3"}}},{"from":[3.5,0.0,4.375],"to":[4.5,22.0,5.375],"rotation":{"origin":[4.0,11.84724,4.875],"x":0.0,"y":0.0,"z":0.0},"faces":{"north":{"uv":[1.0,0.0,1.25,5.5],"texture":"#3"},"east":{"uv":[1.25,0.0,1.5,5.5],"texture":"#3"},"south":{"uv":[1.5,0.0,1.75,5.5],"texture":"#3"},"west":{"uv":[1.75,0.0,2.0,5.5],"texture":"#3"},"up":{"uv":[8.0,2.25,7.75,2.0],"texture":"#3"},"down":{"uv":[8.0,2.25,7.75,2.5],"texture":"#3"}}},{"from":[11.36019,0.87001,3.875],"to":[13.36019,10.87001,3.875],"rotation":{"origin":[10.5,6.34724,3.875],"x":0.0,"y":0.0,"z":-22.5},"faces":{"north":{"uv":[5.0,0.0,5.5,2.5],"texture":"#3"},"east":{"uv":[0.0,0.0,0.0,2.5],"texture":"#3"},"south":{"uv":[2.0,5.0,2.5,7.5],"texture":"#3"},"west":{"uv":[0.0,0.0,0.0,2.5],"texture":"#3"},"up":{"uv":[0.5,0.0,0.0,0.0],"texture":"#3"},"down":{"uv":[0.5,0.0,0.0,0.0],"texture":"#3"}}},{"from":[9.5,9.0,2.875],"to":[11.5,15.0,4.875],"rotation":{"origin":[10.5,5.84724,3.875],"x":0.0,"y":0.0,"z":0.0},"faces":{"north":{"uv":[7.25,0.0,7.75,1.5],"texture":"#3"},"east":{"uv":[7.25,1.5,7.75,3.0],"texture":"#3"},"south":{"uv":[7.25,3.0,7.75,4.5],"texture":"#3"},"west":{"uv":[7.25,4.5,7.75,6.0],"texture":"#3"},"up":{"uv":[0.5,8.25,0.0,7.75],"texture":"#3"},"down":{"uv":[8.25,0.0,7.75,0.5],"texture":"#3"}}},{"from":[10.0,0.0,3.375],"to":[11.0,16.0,4.375],"rotation":{"origin":[10.5,5.84724,3.875],"x":0.0,"y":0.0,"z":0.0},"faces":{"north":{"uv":[5.75,0.0,6.0,4.0],"texture":"#3"},"east":{"uv":[5.75,4.0,6.0,8.0],"texture":"#3"},"south":{"uv":[6.0,0.0,6.25,4.0],"texture":"#3"},"west":{"uv":[6.0,4.0,6.25,8.0],"texture":"#3"},"up":{"uv":[8.0,2.75,7.75,2.5],"texture":"#3"},"down":{"uv":[8.0,2.75,7.75,3.0],"texture":"#3"}}},{"from":[2.08981,1.37001,12.875],"to":[4.08981,11.37001,12.875],"rotation":{"origin":[4.95,6.84724,12.875],"x":0.0,"y":0.0,"z":22.5},"faces":{"north":{"uv":[2.0,0.0,2.5,2.5],"texture":"#3"},"east":{"uv":[0.0,0.0,0.0,2.5],"texture":"#3"},"south":{"uv":[2.5,0.0,3.0,2.5],"texture":"#3"},"west":{"uv":[0.0,0.0,0.0,2.5],"texture":"#3"},"up":{"uv":[0.5,0.0,0.0,0.0],"texture":"#3"},"down":{"uv":[0.5,0.0,0.0,0.0],"texture":"#3"}}},{"from":[4.0,10.0,11.875],"to":[6.0,16.0,13.875],"rotation":{"origin":[5.0,6.84724,12.875],"x":0.0,"y":0.0,"z":0.0},"faces":{"north":{"uv":[7.25,6.0,7.75,7.5],"texture":"#3"},"east":{"uv":[2.0,7.5,2.5,9.0],"texture":"#3"},"south":{"uv":[2.5,7.5,3.0,9.0],"texture":"#3"},"west":{"uv":[3.0,7.5,3.5,9.0],"texture":"#3"},"up":{"uv":[1.0,8.25,0.5,7.75],"texture":"#3"},"down":{"uv":[8.25,0.5,7.75,1.0],"texture":"#3"}}},{"from":[4.5,0.0,12.375],"to":[5.5,17.0,13.375],"rotation":{"origin":[5.0,6.84724,12.875],"x":0.0,"y":0.0,"z":0.0},"faces":{"north":{"uv":[1.25,5.5,1.5,9.75],"texture":"#3"},"east":{"uv":[1.5,5.5,1.75,9.75],"texture":"#3"},"south":{"uv":[1.75,5.5,2.0,9.75],"texture":"#3"},"west":{"uv":[5.5,4.75,5.75,9.0],"texture":"#3"},"up":{"uv":[8.0,3.25,7.75,3.0],"texture":"#3"},"down":{"uv":[8.0,3.25,7.75,3.5],"texture":"#3"}}},{"from":[8.0,1.47257,4.49924],"to":[8.0,11.47257,6.49924],"rotation":{"origin":[8.0,8.19448,7.875],"x":-22.5,"y":0.0,"z":0.0},"faces":{"north":{"uv":[0.0,0.0,0.0,2.5],"texture":"#3"},"east":{"uv":[2.5,5.0,3.0,7.5],"texture":"#3"},"south":{"uv":[0.0,0.0,0.0,2.5],"texture":"#3"},"west":{"uv":[5.0,2.5,5.5,5.0],"texture":"#3"},"up":{"uv":[0.0,0.5,0.0,0.0],"texture":"#3"},"down":{"uv":[0.0,0.0,0.0,0.5],"texture":"#3"}}},{"from":[8.0,6.09196,7.33734],"to":[8.0,16.09196,9.33734],"rotation":{"origin":[8.0,8.19448,7.875],"x":22.5,"y":0.0,"z":0.0},"faces":{"north":{"uv":[0.0,0.0,0.0,2.5],"texture":"#3"},"east":{"uv":[3.0,5.0,3.5,7.5],"texture":"#3"},"south":{"uv":[0.0,0.0,0.0,2.5],"texture":"#3"},"west":{"uv":[3.5,5.0,4.0,7.5],"texture":"#3"},"up":{"uv":[0.0,0.5,0.0,0.0],"texture":"#3"},"down":{"uv":[0.0,0.0,0.0,0.5],"texture":"#3"}}},{"from":[4.0,7.47257,1.49924],"to":[4.0,17.47257,3.49924],"rotation":{"origin":[4.0,14.19448,4.875],"x":-22.5,"y":0.0,"z":0.0},"faces":{"north":{"uv":[0.0,0.0,0.0,2.5],"texture":"#3"},"east":{"uv":[4.0,5.0,4.5,7.5],"texture":"#3"},"south":{"uv":[0.0,0.0,0.0,2.5],"texture":"#3"},"west":{"uv":[4.5,5.0,5.0,7.5],"texture":"#3"},"up":{"uv":[0.0,0.5,0.0,0.0],"texture":"#3"},"down":{"uv":[0.0,0.0,0.0,0.5],"texture":"#3"}}}],"textures":{"3":"workshop_six:ec65792e-d39a-46f5-bdb6-cabb8933d2c8","particle":"workshop_six:ec65792e-d39a-46f5-bdb6-cabb8933d2c8"},"gui_light":"front"}