{"display":{"thirdperson_righthand":{"rotation":[49.0,0.0,0.0],"translation":[1.75,0.25,0.0],"scale":[0.27,0.27,0.27]},"thirdperson_lefthand":{"rotation":[49.0,0.0,0.0],"translation":[-2.25,0.25,0.0],"scale":[0.27,0.27,0.27]},"firstperson_righthand":{"translation":[2.5,4.75,2.0],"scale":[0.31,0.31,0.31]},"firstperson_lefthand":{"translation":[0.0,4.75,1.5],"scale":[0.31,0.31,0.31]},"ground":{"translation":[3.25,2.25,0.0],"scale":[0.4,0.4,0.4]},"gui":{"rotation":[11.75,180.0,0.0],"translation":[-3.5,0.75,0.0],"scale":[0.45,0.45,0.45]},"head":{"scale":[0.0,0.0,0.0]},"fixed":{"rotation":[-90.0,0.0,0.0],"translation":[0.0,0.0,-16.0],"scale":[2.0,2.0,2.0]}},"elements":[{"from":[-16.0,0.0,-1.0],"to":[-14.0,15.0,1.0],"rotation":{"origin":[0.0,5.51903,8.0],"x":0.0,"y":0.0,"z":0.0},"faces":{"north":{"uv":[6.875,7.5,7.125,9.375],"texture":"#3"},"east":{"uv":[6.125,7.5,6.375,9.375],"texture":"#3"},"south":{"uv":[6.375,7.5,6.625,9.375],"texture":"#3"},"west":{"uv":[6.625,7.5,6.875,9.375],"texture":"#3"},"up":{"uv":[4.0,3.5,3.75,3.25],"texture":"#3","rotation":90},"down":{"uv":[6.125,3.0,5.875,3.25],"texture":"#3","rotation":270}}},{"from":[-14.5,2.0,0.5],"to":[14.5,8.0,15.5],"rotation":{"origin":[0.0,5.51903,8.0],"x":0.0,"y":0.0,"z":0.0},"faces":{"north":{"uv":[4.0,4.0,7.625,4.75],"texture":"#3"},"east":{"uv":[6.125,4.75,8.0,5.5],"texture":"#3"},"south":{"uv":[4.0,3.25,7.625,4.0],"texture":"#3"},"west":{"uv":[6.125,5.5,8.0,6.25],"texture":"#3"},"up":{"uv":[1.875,3.625,0.0,0.0],"texture":"#3","rotation":90},"down":{"uv":[3.75,0.0,1.875,3.625],"texture":"#3","rotation":270}}},{"from":[-15.5,1.0,-0.5],"to":[-14.5,14.0,16.5],"rotation":{"origin":[0.0,5.51903,8.0],"x":0.0,"y":0.0,"z":0.0},"faces":{"north":{"uv":[2.0,8.0,2.125,9.625],"texture":"#3"},"east":{"uv":[3.75,0.0,5.875,1.625],"texture":"#3"},"south":{"uv":[6.0,7.875,6.125,9.5],"texture":"#3"},"west":{"uv":[3.75,1.625,5.875,3.25],"texture":"#3"},"up":{"uv":[9.75,4.375,7.625,4.25],"texture":"#3","rotation":90},"down":{"uv":[9.75,4.375,7.625,4.5],"texture":"#3","rotation":270}}},{"from":[14.5,1.0,-0.5],"to":[15.5,9.0,16.5],"rotation":{"origin":[0.0,5.51903,8.0],"x":0.0,"y":0.0,"z":0.0},"faces":{"north":{"uv":[2.25,8.0,2.375,9.0],"texture":"#3"},"east":{"uv":[4.0,4.75,6.125,5.75],"texture":"#3"},"south":{"uv":[2.125,8.0,2.25,9.0],"texture":"#3"},"west":{"uv":[4.0,5.75,6.125,6.75],"texture":"#3"},"up":{"uv":[9.75,4.625,7.625,4.5],"texture":"#3","rotation":90},"down":{"uv":[9.75,4.625,7.625,4.75],"texture":"#3","rotation":270}}},{"from":[-14.5,1.0,-0.5],"to":[14.5,5.0,0.5],"rotation":{"origin":[0.0,5.51903,8.0],"x":0.0,"y":0.0,"z":0.0},"faces":{"north":{"uv":[5.875,0.0,9.5,0.5],"texture":"#3"},"east":{"uv":[3.625,5.875,3.75,6.375],"texture":"#3"},"south":{"uv":[0.0,5.875,3.625,6.375],"texture":"#3"},"west":{"uv":[3.75,5.875,3.875,6.375],"texture":"#3"},"up":{"uv":[1.75,11.25,1.625,7.625],"texture":"#3","rotation":90},"down":{"uv":[1.875,7.625,1.75,11.25],"texture":"#3","rotation":270}}},{"from":[-3.5,3.5,0.25],"to":[14.5,8.5,15.75],"rotation":{"origin":[0.0,5.51903,8.0],"x":0.0,"y":0.0,"z":0.0},"faces":{"north":{"uv":[0.0,6.375,2.25,7.0],"texture":"#3","tintindex":0},"east":{"uv":[6.25,6.875,8.1875,7.5],"texture":"#3","tintindex":0},"south":{"uv":[6.125,6.25,8.375,6.875],"texture":"#3","tintindex":0},"west":{"uv":[0.0,7.0,1.9375,7.625],"texture":"#3","tintindex":0},"up":{"uv":[1.9375,5.875,0.0,3.625],"texture":"#3","rotation":90,"tintindex":0},"down":{"uv":[3.9375,3.625,2.0,5.875],"texture":"#3","rotation":270,"tintindex":0}}},{"from":[-8.5,3.0,0.0],"to":[-3.5,9.0,16.0],"rotation":{"origin":[0.0,5.51903,8.0],"x":0.0,"y":0.0,"z":0.0},"faces":{"north":{"uv":[0.0,7.625,0.625,8.375],"texture":"#3","tintindex":0},"east":{"uv":[5.875,1.5,7.875,2.25],"texture":"#3","tintindex":0},"south":{"uv":[7.125,7.5,7.75,8.25],"texture":"#3","tintindex":0},"west":{"uv":[5.875,2.25,7.875,3.0],"texture":"#3","tintindex":0},"up":{"uv":[4.25,7.375,2.25,6.75],"texture":"#3","rotation":90,"tintindex":0},"down":{"uv":[6.25,6.875,4.25,7.5],"texture":"#3","rotation":270,"tintindex":0}}},{"from":[-14.26538,1.87223,2.5],"to":[-9.26538,4.87223,13.5],"rotation":{"origin":[0.0,5.51903,8.0],"x":0.0,"y":0.0,"z":-22.5},"faces":{"north":{"uv":[7.875,7.875,8.5,8.25],"texture":"#3"},"east":{"uv":[2.25,6.375,3.625,6.75],"texture":"#3"},"south":{"uv":[7.875,7.5,8.5,7.875],"texture":"#3"},"west":{"uv":[4.75,7.5,6.125,7.875],"texture":"#3"},"up":{"uv":[3.375,8.0,2.0,7.375],"texture":"#3","rotation":90},"down":{"uv":[4.75,7.5,3.375,8.125],"texture":"#3","rotation":270}}},{"from":[-16.0,0.0,15.0],"to":[-14.0,15.0,17.0],"rotation":{"origin":[0.0,5.51903,8.0],"x":0.0,"y":0.0,"z":0.0},"faces":{"north":{"uv":[1.375,7.625,1.625,9.5],"texture":"#3"},"east":{"uv":[0.625,7.625,0.875,9.5],"texture":"#3"},"south":{"uv":[0.875,7.625,1.125,9.5],"texture":"#3"},"west":{"uv":[1.125,7.625,1.375,9.5],"texture":"#3"},"up":{"uv":[6.375,3.25,6.125,3.0],"texture":"#3","rotation":90},"down":{"uv":[6.625,3.0,6.375,3.25],"texture":"#3","rotation":270}}},{"from":[14.0,0.0,-1.0],"to":[16.0,10.0,1.0],"rotation":{"origin":[0.0,5.51903,8.0],"x":0.0,"y":0.0,"z":0.0},"faces":{"north":{"uv":[4.75,7.875,5.0,9.125],"texture":"#3"},"east":{"uv":[7.625,3.0,7.875,4.25],"texture":"#3"},"south":{"uv":[7.875,1.5,8.125,2.75],"texture":"#3"},"west":{"uv":[7.875,2.75,8.125,4.0],"texture":"#3"},"up":{"uv":[3.875,6.625,3.625,6.375],"texture":"#3","rotation":90},"down":{"uv":[6.875,3.0,6.625,3.25],"texture":"#3","rotation":270}}},{"from":[-14.5,1.0,15.5],"to":[14.5,5.0,16.5],"rotation":{"origin":[0.0,5.51903,8.0],"x":0.0,"y":0.0,"z":0.0},"faces":{"north":{"uv":[5.875,1.0,9.5,1.5],"texture":"#3"},"east":{"uv":[3.875,5.875,4.0,6.375],"texture":"#3"},"south":{"uv":[5.875,0.5,9.5,1.0],"texture":"#3"},"west":{"uv":[2.375,8.0,2.5,8.5],"texture":"#3"},"up":{"uv":[2.0,11.25,1.875,7.625],"texture":"#3","rotation":90},"down":{"uv":[7.875,7.5,7.75,11.125],"texture":"#3","rotation":270}}},{"from":[14.0,0.0,15.0],"to":[16.0,10.0,17.0],"rotation":{"origin":[0.0,5.51903,8.0],"x":0.0,"y":0.0,"z":0.0},"faces":{"north":{"uv":[5.75,7.875,6.0,9.125],"texture":"#3"},"east":{"uv":[5.0,7.875,5.25,9.125],"texture":"#3"},"south":{"uv":[5.25,7.875,5.5,9.125],"texture":"#3"},"west":{"uv":[5.5,7.875,5.75,9.125],"texture":"#3"},"up":{"uv":[7.125,3.25,6.875,3.0],"texture":"#3","rotation":90},"down":{"uv":[2.25,7.0,2.0,7.25],"texture":"#3","rotation":270}}}],"textures":{"3":"workshop_six:d3e0b58f-0c67-4931-9c1c-104098f77fc3","particle":"workshop_six:d3e0b58f-0c67-4931-9c1c-104098f77fc3"},"gui_light":"front"}