{"display":{"thirdperson_righthand":{"rotation":[49.0,0.0,0.0],"translation":[-1.0,0.0,-0.5],"scale":[0.27,0.27,0.27]},"thirdperson_lefthand":{"rotation":[49.0,0.0,0.0],"translation":[-1.0,0.0,-0.5],"scale":[0.27,0.27,0.27]},"firstperson_righthand":{"translation":[0.0,4.75,1.5],"scale":[0.39,0.39,0.39]},"firstperson_lefthand":{"translation":[0.0,4.75,1.5],"scale":[0.39,0.39,0.39]},"ground":{"translation":[0.0,2.25,0.0],"scale":[0.4,0.4,0.4]},"gui":{"rotation":[11.75,90.0,0.0],"translation":[0.0,-0.5,0.0],"scale":[0.64,0.64,0.64]},"head":{"scale":[0.0,0.0,0.0]},"fixed":{"rotation":[-90.0,0.0,0.0],"translation":[0.0,0.0,-16.0],"scale":[2.0,2.0,2.0]}},"elements":[{"from":[-0.5,14.0,-0.5],"to":[16.5,16.0,16.5],"faces":{"north":{"uv":[4.25,6.5,8.5,7.0],"texture":"#2"},"east":{"uv":[4.25,7.0,8.5,7.5],"texture":"#2"},"south":{"uv":[7.5,0.0,11.75,0.5],"texture":"#2"},"west":{"uv":[7.5,0.5,11.75,1.0],"texture":"#2"},"up":{"uv":[4.25,4.25,0.0,0.0],"texture":"#2"},"down":{"uv":[4.25,4.25,0.0,8.5],"texture":"#2"}}},{"from":[13.0,0.0,1.0],"to":[15.0,14.0,3.0],"faces":{"north":{"uv":[7.5,1.0,8.0,4.5],"texture":"#2"},"east":{"uv":[4.25,7.5,4.75,11.0],"texture":"#2"},"south":{"uv":[4.75,7.5,5.25,11.0],"texture":"#2"},"west":{"uv":[5.25,7.5,5.75,11.0],"texture":"#2"},"up":{"uv":[2.5,9.0,2.0,8.5],"texture":"#2"},"down":{"uv":[3.0,8.5,2.5,9.0],"texture":"#2"}}},{"from":[1.0,0.0,1.0],"to":[3.0,14.0,3.0],"rotation":{"origin":[11.5,9.0,1.0],"x":0.0,"y":0.0,"z":0.0},"faces":{"north":{"uv":[5.75,7.5,6.25,11.0],"texture":"#2"},"east":{"uv":[6.25,7.5,6.75,11.0],"texture":"#2"},"south":{"uv":[6.75,7.5,7.25,11.0],"texture":"#2"},"west":{"uv":[7.25,7.5,7.75,11.0],"texture":"#2"},"up":{"uv":[3.5,9.0,3.0,8.5],"texture":"#2"},"down":{"uv":[4.0,8.5,3.5,9.0],"texture":"#2"}}},{"from":[1.0,0.0,13.0],"to":[3.0,14.0,15.0],"rotation":{"origin":[11.5,9.0,15.0],"x":0.0,"y":0.0,"z":0.0},"faces":{"north":{"uv":[7.75,7.5,8.25,11.0],"texture":"#2"},"east":{"uv":[8.0,1.0,8.5,4.5],"texture":"#2"},"south":{"uv":[8.25,7.5,8.75,11.0],"texture":"#2"},"west":{"uv":[0.0,8.5,0.5,12.0],"texture":"#2"},"up":{"uv":[9.0,7.0,8.5,6.5],"texture":"#2"},"down":{"uv":[9.0,7.0,8.5,7.5],"texture":"#2"}}},{"from":[13.0,0.0,13.0],"to":[15.0,14.0,15.0],"rotation":{"origin":[0.0,0.0,16.0],"x":0.0,"y":0.0,"z":0.0},"faces":{"north":{"uv":[0.5,8.5,1.0,12.0],"texture":"#2"},"east":{"uv":[1.0,8.5,1.5,12.0],"texture":"#2"},"south":{"uv":[8.5,1.0,9.0,4.5],"texture":"#2"},"west":{"uv":[1.5,8.5,2.0,12.0],"texture":"#2"},"up":{"uv":[9.25,8.0,8.75,7.5],"texture":"#2"},"down":{"uv":[9.25,8.0,8.75,8.5],"texture":"#2"}}},{"from":[1.5,5.0,1.5],"to":[14.5,7.0,14.5],"faces":{"north":{"uv":[7.5,4.5,10.75,5.0],"texture":"#2"},"east":{"uv":[7.5,5.0,10.75,5.5],"texture":"#2"},"south":{"uv":[7.5,5.5,10.75,6.0],"texture":"#2"},"west":{"uv":[7.5,6.0,10.75,6.5],"texture":"#2"},"up":{"uv":[7.5,3.25,4.25,0.0],"texture":"#2"},"down":{"uv":[7.5,3.25,4.25,6.5],"texture":"#2"}}}],"textures":{"2":"workshop_six:06489d48-9207-46d1-9fac-c2462a73609c","particle":"workshop_six:06489d48-9207-46d1-9fac-c2462a73609c"},"gui_light":"front"}