{"display":{"thirdperson_righthand":{"rotation":[49.0,0.0,0.0],"translation":[-1.0,0.0,-0.5],"scale":[0.27,0.27,0.27]},"thirdperson_lefthand":{"rotation":[49.0,0.0,0.0],"translation":[-1.0,0.0,-0.5],"scale":[0.27,0.27,0.27]},"firstperson_righthand":{"translation":[0.0,4.75,1.5],"scale":[0.39,0.39,0.39]},"firstperson_lefthand":{"translation":[0.0,4.75,1.5],"scale":[0.39,0.39,0.39]},"ground":{"translation":[0.0,2.25,0.0],"scale":[0.4,0.4,0.4]},"gui":{"rotation":[11.75,0.0,0.0],"translation":[0.0,-0.25,0.0],"scale":[0.69,0.69,0.69]},"head":{"scale":[0.0,0.0,0.0]},"fixed":{"rotation":[-90.0,0.0,0.0],"translation":[0.0,0.0,-16.0],"scale":[2.0,2.0,2.0]}},"elements":[{"from":[1.0,14.0,1.0],"to":[16.0,16.0,16.0],"rotation":{"origin":[0.0,1.0,0.0],"x":0.0,"y":0.0,"z":0.0},"faces":{"north":{"uv":[5.25,3.0,9.0,3.5],"texture":"#2"},"east":{"uv":[5.25,3.5,9.0,4.0],"texture":"#2"},"south":{"uv":[5.25,4.0,9.0,4.5],"texture":"#2"},"west":{"uv":[5.25,4.5,9.0,5.0],"texture":"#2"},"up":{"uv":[3.75,3.75,0.0,0.0],"texture":"#2"},"down":{"uv":[3.75,3.75,0.0,7.5],"texture":"#2"}}},{"from":[14.0,6.0,1.0],"to":[19.0,7.0,6.0],"rotation":{"origin":[18.5,2.5,9.5],"x":0.0,"y":22.5,"z":0.0},"faces":{"north":{"uv":[4.25,7.5,5.5,7.75],"texture":"#2"},"east":{"uv":[5.5,7.5,6.75,7.75],"texture":"#2"},"south":{"uv":[6.75,7.5,8.0,7.75],"texture":"#2"},"west":{"uv":[7.75,0.0,9.0,0.25],"texture":"#2"},"up":{"uv":[7.75,6.25,6.5,5.0],"texture":"#2"},"down":{"uv":[7.75,6.25,6.5,7.5],"texture":"#2"}}},{"from":[4.0,6.0,3.0],"to":[10.0,7.0,9.0],"rotation":{"origin":[1.0,6.5,8.0],"x":0.0,"y":45.0,"z":0.0},"faces":{"north":{"uv":[6.75,1.5,8.25,1.75],"texture":"#2"},"east":{"uv":[6.75,1.75,8.25,2.0],"texture":"#2"},"south":{"uv":[6.75,2.0,8.25,2.25],"texture":"#2"},"west":{"uv":[6.75,2.25,8.25,2.5],"texture":"#2"},"up":{"uv":[6.75,1.5,5.25,0.0],"texture":"#2"},"down":{"uv":[6.75,1.5,5.25,3.0],"texture":"#2"}}},{"from":[4.54117,4.0,12.27937],"to":[9.54117,5.0,17.27937],"rotation":{"origin":[7.04117,3.25,15.77937],"x":0.0,"y":0.0,"z":0.0},"faces":{"north":{"uv":[6.75,2.5,8.0,2.75],"texture":"#2"},"east":{"uv":[6.75,2.75,8.0,3.0],"texture":"#2"},"south":{"uv":[1.75,7.5,3.0,7.75],"texture":"#2"},"west":{"uv":[3.0,7.5,4.25,7.75],"texture":"#2"},"up":{"uv":[6.5,6.25,5.25,5.0],"texture":"#2"},"down":{"uv":[6.5,6.25,5.25,7.5],"texture":"#2"}}},{"from":[7.0,0.0,7.0],"to":[10.0,15.0,10.0],"faces":{"north":{"uv":[3.75,0.0,4.5,3.75],"texture":"#2"},"east":{"uv":[3.75,3.75,4.5,7.5],"texture":"#2"},"south":{"uv":[4.5,0.0,5.25,3.75],"texture":"#2"},"west":{"uv":[4.5,3.75,5.25,7.5],"texture":"#2"},"up":{"uv":[7.5,0.75,6.75,0.0],"texture":"#2"},"down":{"uv":[7.5,0.75,6.75,1.5],"texture":"#2"}}},{"from":[16.0,0.0,3.0],"to":[17.0,6.0,4.0],"rotation":{"origin":[18.5,1.5,9.5],"x":0.0,"y":22.5,"z":0.0},"faces":{"north":{"uv":[0.0,7.5,0.25,9.0],"texture":"#2"},"east":{"uv":[7.5,0.0,7.75,1.5],"texture":"#2"},"south":{"uv":[0.25,7.5,0.5,9.0],"texture":"#2"},"west":{"uv":[0.5,7.5,0.75,9.0],"texture":"#2"},"up":{"uv":[3.0,8.0,2.75,7.75],"texture":"#2"},"down":{"uv":[3.25,7.75,3.0,8.0],"texture":"#2"}}},{"from":[6.5,0.0,5.5],"to":[7.5,6.0,6.5],"rotation":{"origin":[1.0,5.5,8.0],"x":0.0,"y":45.0,"z":0.0},"faces":{"north":{"uv":[0.75,7.5,1.0,9.0],"texture":"#2"},"east":{"uv":[1.0,7.5,1.25,9.0],"texture":"#2"},"south":{"uv":[1.25,7.5,1.5,9.0],"texture":"#2"},"west":{"uv":[1.5,7.5,1.75,9.0],"texture":"#2"},"up":{"uv":[3.5,8.0,3.25,7.75],"texture":"#2"},"down":{"uv":[3.75,7.75,3.5,8.0],"texture":"#2"}}},{"from":[6.54117,0.0,14.27937],"to":[7.54117,4.0,15.27937],"rotation":{"origin":[7.04117,3.25,15.77937],"x":0.0,"y":0.0,"z":0.0},"faces":{"north":{"uv":[7.75,0.25,8.0,1.25],"texture":"#2"},"east":{"uv":[1.75,7.75,2.0,8.75],"texture":"#2"},"south":{"uv":[2.0,7.75,2.25,8.75],"texture":"#2"},"west":{"uv":[2.25,7.75,2.5,8.75],"texture":"#2"},"up":{"uv":[8.0,1.5,7.75,1.25],"texture":"#2"},"down":{"uv":[2.75,7.75,2.5,8.0],"texture":"#2"}}}],"textures":{"2":"workshop_six:de082a53-fdc8-4846-9fa8-d5ae383b1069","particle":"workshop_six:de082a53-fdc8-4846-9fa8-d5ae383b1069"},"gui_light":"front"}