{"display":{"thirdperson_righthand":{"rotation":[49.0,0.0,0.0],"translation":[-1.0,0.0,-0.5],"scale":[0.27,0.27,0.27]},"thirdperson_lefthand":{"rotation":[49.0,0.0,0.0],"translation":[-1.0,0.0,-0.5],"scale":[0.27,0.27,0.27]},"firstperson_righthand":{"translation":[0.0,4.75,1.5],"scale":[0.39,0.39,0.39]},"firstperson_lefthand":{"translation":[0.0,4.75,1.5],"scale":[0.39,0.39,0.39]},"ground":{"translation":[0.0,2.25,0.0],"scale":[0.4,0.4,0.4]},"gui":{"rotation":[11.75,171.0,0.0],"translation":[0.0,1.5,0.0],"scale":[0.77,0.77,0.77]},"head":{"scale":[0.0,0.0,0.0]},"fixed":{"rotation":[-90.0,0.0,0.0],"translation":[0.0,0.0,-16.0],"scale":[2.0,2.0,2.0]}},"elements":[{"from":[0.0,6.6,0.0],"to":[16.0,8.6,1.0],"rotation":{"origin":[8.0,1.85,9.0],"x":-22.5,"y":0.0,"z":0.0},"faces":{"north":{"uv":[0.0,4.0,4.0,4.5],"texture":"#4"},"east":{"uv":[7.0,11.75,7.25,12.25],"texture":"#4"},"south":{"uv":[4.0,4.0,8.0,4.5],"texture":"#4"},"west":{"uv":[7.25,11.75,7.5,12.25],"texture":"#4"},"up":{"uv":[13.75,9.75,9.75,9.5],"texture":"#4"},"down":{"uv":[13.75,9.75,9.75,10.0],"texture":"#4"}}},{"from":[0.0,3.6,1.0],"to":[1.0,5.6,17.0],"rotation":{"origin":[8.0,1.85,9.0],"x":-22.5,"y":0.0,"z":0.0},"faces":{"north":{"uv":[11.75,10.5,12.0,11.0],"texture":"#4"},"east":{"uv":[0.0,4.5,4.0,5.0],"texture":"#4"},"south":{"uv":[11.75,11.0,12.0,11.5],"texture":"#4"},"west":{"uv":[4.0,4.5,8.0,5.0],"texture":"#4"},"up":{"uv":[7.75,12.75,7.5,8.75],"texture":"#4"},"down":{"uv":[8.0,8.75,7.75,12.75],"texture":"#4"}}},{"from":[1.0,4.6,1.0],"to":[2.0,8.6,2.0],"rotation":{"origin":[8.0,1.85,9.0],"x":-22.5,"y":0.0,"z":0.0},"faces":{"north":{"uv":[7.0,10.75,7.25,11.75],"texture":"#4"},"east":{"uv":[7.25,10.75,7.5,11.75],"texture":"#4"},"south":{"uv":[3.0,11.0,3.25,12.0],"texture":"#4"},"west":{"uv":[3.25,11.0,3.5,12.0],"texture":"#4"},"up":{"uv":[11.5,7.5,11.25,7.25],"texture":"#4"},"down":{"uv":[11.75,7.25,11.5,7.5],"texture":"#4"}}},{"from":[1.0,3.6,1.0],"to":[15.0,4.6,17.0],"rotation":{"origin":[8.0,1.85,9.0],"x":-22.5,"y":0.0,"z":0.0},"faces":{"north":{"uv":[4.0,10.5,7.5,10.75],"texture":"#4"},"east":{"uv":[9.75,10.0,13.75,10.25],"texture":"#4"},"south":{"uv":[10.5,8.0,14.0,8.25],"texture":"#4"},"west":{"uv":[9.75,10.25,13.75,10.5],"texture":"#4"},"up":{"uv":[3.5,4.0,0.0,0.0],"texture":"#4"},"down":{"uv":[7.0,0.0,3.5,4.0],"texture":"#4"}}},{"from":[0.0,6.6,1.0],"to":[1.0,8.6,17.0],"rotation":{"origin":[8.0,1.85,9.0],"x":-22.5,"y":0.0,"z":0.0},"faces":{"north":{"uv":[11.75,11.5,12.0,12.0],"texture":"#4"},"east":{"uv":[0.0,5.0,4.0,5.5],"texture":"#4"},"south":{"uv":[12.0,0.0,12.25,0.5],"texture":"#4"},"west":{"uv":[4.0,5.0,8.0,5.5],"texture":"#4"},"up":{"uv":[4.0,13.25,3.75,9.25],"texture":"#4"},"down":{"uv":[8.25,10.25,8.0,14.25],"texture":"#4"}}},{"from":[1.0,4.6,16.0],"to":[2.0,8.6,17.0],"rotation":{"origin":[8.0,1.85,9.0],"x":-22.5,"y":0.0,"z":0.0},"faces":{"north":{"uv":[3.5,11.0,3.75,12.0],"texture":"#4"},"east":{"uv":[9.0,11.25,9.25,12.25],"texture":"#4"},"south":{"uv":[9.25,11.25,9.5,12.25],"texture":"#4"},"west":{"uv":[9.5,11.25,9.75,12.25],"texture":"#4"},"up":{"uv":[11.75,9.5,11.5,9.25],"texture":"#4"},"down":{"uv":[12.0,7.25,11.75,7.5],"texture":"#4"}}},{"from":[0.0,3.6,17.0],"to":[16.0,5.6,18.0],"rotation":{"origin":[8.0,1.85,9.0],"x":-22.5,"y":0.0,"z":0.0},"faces":{"north":{"uv":[0.0,5.5,4.0,6.0],"texture":"#4"},"east":{"uv":[12.0,0.5,12.25,1.0],"texture":"#4"},"south":{"uv":[4.0,5.5,8.0,6.0],"texture":"#4"},"west":{"uv":[12.0,1.0,12.25,1.5],"texture":"#4"},"up":{"uv":[14.5,2.75,10.5,2.5],"texture":"#4"},"down":{"uv":[14.5,2.75,10.5,3.0],"texture":"#4"}}},{"from":[0.0,6.6,17.0],"to":[16.0,8.6,18.0],"rotation":{"origin":[8.0,1.85,9.0],"x":-22.5,"y":0.0,"z":0.0},"faces":{"north":{"uv":[0.0,6.0,4.0,6.5],"texture":"#4"},"east":{"uv":[12.0,1.5,12.25,2.0],"texture":"#4"},"south":{"uv":[4.0,6.0,8.0,6.5],"texture":"#4"},"west":{"uv":[12.0,2.0,12.25,2.5],"texture":"#4"},"up":{"uv":[14.5,3.25,10.5,3.0],"texture":"#4"},"down":{"uv":[14.5,3.25,10.5,3.5],"texture":"#4"}}},{"from":[15.0,3.6,1.0],"to":[16.0,5.6,17.0],"rotation":{"origin":[8.0,1.85,9.0],"x":-22.5,"y":0.0,"z":0.0},"faces":{"north":{"uv":[3.0,12.0,3.25,12.5],"texture":"#4"},"east":{"uv":[0.0,6.5,4.0,7.0],"texture":"#4"},"south":{"uv":[3.25,12.0,3.5,12.5],"texture":"#4"},"west":{"uv":[4.0,6.5,8.0,7.0],"texture":"#4"},"up":{"uv":[8.5,14.25,8.25,10.25],"texture":"#4"},"down":{"uv":[8.75,10.25,8.5,14.25],"texture":"#4"}}},{"from":[15.0,6.6,1.0],"to":[16.0,8.6,17.0],"rotation":{"origin":[8.0,1.85,9.0],"x":-22.5,"y":0.0,"z":0.0},"faces":{"north":{"uv":[3.5,12.0,3.75,12.5],"texture":"#4"},"east":{"uv":[0.0,7.0,4.0,7.5],"texture":"#4"},"south":{"uv":[12.0,8.75,12.25,9.25],"texture":"#4"},"west":{"uv":[7.0,0.0,11.0,0.5],"texture":"#4"},"up":{"uv":[9.0,14.25,8.75,10.25],"texture":"#4"},"down":{"uv":[10.75,3.5,10.5,7.5],"texture":"#4"}}},{"from":[14.0,4.6,16.0],"to":[15.0,8.6,17.0],"rotation":{"origin":[8.0,1.85,9.0],"x":-22.5,"y":0.0,"z":0.0},"faces":{"north":{"uv":[0.0,11.75,0.25,12.75],"texture":"#4"},"east":{"uv":[0.25,11.75,0.5,12.75],"texture":"#4"},"south":{"uv":[0.5,11.75,0.75,12.75],"texture":"#4"},"west":{"uv":[0.75,11.75,1.0,12.75],"texture":"#4"},"up":{"uv":[12.0,9.5,11.75,9.25],"texture":"#4"},"down":{"uv":[12.25,7.25,12.0,7.5],"texture":"#4"}}},{"from":[14.0,4.6,1.0],"to":[15.0,8.6,2.0],"rotation":{"origin":[8.0,1.85,9.0],"x":-22.5,"y":0.0,"z":0.0},"faces":{"north":{"uv":[1.0,11.75,1.25,12.75],"texture":"#4"},"east":{"uv":[1.25,11.75,1.5,12.75],"texture":"#4"},"south":{"uv":[1.5,11.75,1.75,12.75],"texture":"#4"},"west":{"uv":[1.75,11.75,2.0,12.75],"texture":"#4"},"up":{"uv":[12.25,9.5,12.0,9.25],"texture":"#4"},"down":{"uv":[11.5,12.0,11.25,12.25],"texture":"#4"}}},{"from":[0.0,3.6,0.0],"to":[16.0,5.6,1.0],"rotation":{"origin":[8.0,1.85,9.0],"x":-22.5,"y":0.0,"z":0.0},"faces":{"north":{"uv":[7.0,0.5,11.0,1.0],"texture":"#4"},"east":{"uv":[12.0,10.5,12.25,11.0],"texture":"#4"},"south":{"uv":[7.0,1.0,11.0,1.5],"texture":"#4"},"west":{"uv":[10.75,12.0,11.0,12.5],"texture":"#4"},"up":{"uv":[14.5,7.75,10.5,7.5],"texture":"#4"},"down":{"uv":[14.5,7.75,10.5,8.0],"texture":"#4"}}},{"from":[13.75,-0.25,14.0],"to":[15.75,6.75,16.0],"rotation":{"origin":[13.75,-0.25,14.0],"x":0.0,"y":0.0,"z":0.0},"faces":{"north":{"uv":[9.75,10.5,10.25,12.25],"texture":"#4"},"east":{"uv":[10.25,10.5,10.75,12.25],"texture":"#4"},"south":{"uv":[10.75,3.5,11.25,5.25],"texture":"#4"},"west":{"uv":[4.0,10.75,4.5,12.5],"texture":"#4"},"up":{"uv":[11.25,7.5,10.75,7.0],"texture":"#4"},"down":{"uv":[12.0,8.75,11.5,9.25],"texture":"#4"}}},{"from":[0.25,-0.25,14.0],"to":[2.25,6.75,16.0],"rotation":{"origin":[2.25,-0.25,14.0],"x":0.0,"y":0.0,"z":0.0},"faces":{"north":{"uv":[4.5,10.75,5.0,12.5],"texture":"#4"},"east":{"uv":[5.0,10.75,5.5,12.5],"texture":"#4"},"south":{"uv":[10.75,5.25,11.25,7.0],"texture":"#4"},"west":{"uv":[5.5,10.75,6.0,12.5],"texture":"#4"},"up":{"uv":[2.5,12.25,2.0,11.75],"texture":"#4"},"down":{"uv":[3.0,11.75,2.5,12.25],"texture":"#4"}}},{"from":[1.75,2.0,14.5],"to":[13.75,4.0,15.5],"rotation":{"origin":[11.75,2.0,13.5],"x":0.0,"y":0.0,"z":0.0},"faces":{"north":{"uv":[9.0,1.5,12.0,2.0],"texture":"#4"},"east":{"uv":[11.0,12.0,11.25,12.5],"texture":"#4"},"south":{"uv":[9.0,2.0,12.0,2.5],"texture":"#4"},"west":{"uv":[12.0,11.0,12.25,11.5],"texture":"#4"},"up":{"uv":[13.5,8.5,10.5,8.25],"texture":"#4"},"down":{"uv":[13.5,8.5,10.5,8.75],"texture":"#4"}}},{"from":[3.0,6.0461,11.04328],"to":[7.0,13.0461,14.04328],"rotation":{"origin":[8.0,7.25,7.0],"x":0.0,"y":0.0,"z":0.0},"faces":{"north":{"uv":[7.0,1.5,8.0,3.25],"texture":"#4"},"east":{"uv":[6.0,8.75,6.75,10.5],"texture":"#4"},"south":{"uv":[4.0,7.0,5.0,8.75],"texture":"#4"},"west":{"uv":[6.75,8.75,7.5,10.5],"texture":"#4"},"up":{"uv":[8.0,4.0,7.0,3.25],"texture":"#4"},"down":{"uv":[11.5,8.75,10.5,9.5],"texture":"#4"}}},{"from":[3.0,4.51537,7.34776],"to":[7.0,11.51537,10.34776],"rotation":{"origin":[8.0,7.25,7.0],"x":0.0,"y":0.0,"z":0.0},"faces":{"north":{"uv":[5.0,7.0,6.0,8.75],"texture":"#4"},"east":{"uv":[9.0,2.5,9.75,4.25],"texture":"#4"},"south":{"uv":[6.0,7.0,7.0,8.75],"texture":"#4"},"west":{"uv":[9.0,4.25,9.75,6.0],"texture":"#4"},"up":{"uv":[7.0,11.5,6.0,10.75],"texture":"#4"},"down":{"uv":[11.75,10.5,10.75,11.25],"texture":"#4"}}},{"from":[3.0,2.98463,3.65224],"to":[7.0,9.98463,6.65224],"rotation":{"origin":[8.0,7.25,7.0],"x":0.0,"y":0.0,"z":0.0},"faces":{"north":{"uv":[7.0,7.0,8.0,8.75],"texture":"#4"},"east":{"uv":[9.0,6.0,9.75,7.75],"texture":"#4"},"south":{"uv":[0.0,7.5,1.0,9.25],"texture":"#4"},"west":{"uv":[9.0,7.75,9.75,9.5],"texture":"#4"},"up":{"uv":[1.0,11.75,0.0,11.0],"texture":"#4"},"down":{"uv":[12.0,0.0,11.0,0.75],"texture":"#4"}}},{"from":[3.0,1.4539,-0.04328],"to":[7.0,8.4539,2.95672],"rotation":{"origin":[8.0,7.25,7.0],"x":0.0,"y":0.0,"z":0.0},"faces":{"north":{"uv":[1.0,7.5,2.0,9.25],"texture":"#4"},"east":{"uv":[0.0,9.25,0.75,11.0],"texture":"#4"},"south":{"uv":[2.0,7.5,3.0,9.25],"texture":"#4"},"west":{"uv":[0.75,9.25,1.5,11.0],"texture":"#4"},"up":{"uv":[12.0,1.5,11.0,0.75],"texture":"#4"},"down":{"uv":[2.0,11.0,1.0,11.75],"texture":"#4"}}},{"from":[9.0,1.4539,-0.04328],"to":[13.0,8.4539,2.95672],"rotation":{"origin":[8.0,7.25,7.0],"x":0.0,"y":0.0,"z":0.0},"faces":{"north":{"uv":[3.0,7.5,4.0,9.25],"texture":"#4"},"east":{"uv":[1.5,9.25,2.25,11.0],"texture":"#4"},"south":{"uv":[8.0,1.5,9.0,3.25],"texture":"#4"},"west":{"uv":[2.25,9.25,3.0,11.0],"texture":"#4"},"up":{"uv":[3.0,11.75,2.0,11.0],"texture":"#4"},"down":{"uv":[12.25,3.5,11.25,4.25],"texture":"#4"}}},{"from":[9.0,2.98463,3.65224],"to":[13.0,9.98463,6.65224],"rotation":{"origin":[8.0,7.25,7.0],"x":0.0,"y":0.0,"z":0.0},"faces":{"north":{"uv":[8.0,3.25,9.0,5.0],"texture":"#4"},"east":{"uv":[3.0,9.25,3.75,11.0],"texture":"#4"},"south":{"uv":[8.0,5.0,9.0,6.75],"texture":"#4"},"west":{"uv":[9.0,9.5,9.75,11.25],"texture":"#4"},"up":{"uv":[12.25,5.0,11.25,4.25],"texture":"#4"},"down":{"uv":[12.25,5.0,11.25,5.75],"texture":"#4"}}},{"from":[9.0,4.51537,7.34776],"to":[13.0,11.51537,10.34776],"rotation":{"origin":[8.0,7.25,7.0],"x":0.0,"y":0.0,"z":0.0},"faces":{"north":{"uv":[8.0,6.75,9.0,8.5],"texture":"#4"},"east":{"uv":[9.75,2.5,10.5,4.25],"texture":"#4"},"south":{"uv":[8.0,8.5,9.0,10.25],"texture":"#4"},"west":{"uv":[9.75,4.25,10.5,6.0],"texture":"#4"},"up":{"uv":[12.25,6.5,11.25,5.75],"texture":"#4"},"down":{"uv":[12.25,6.5,11.25,7.25],"texture":"#4"}}},{"from":[9.0,6.0461,11.04328],"to":[13.0,13.0461,14.04328],"rotation":{"origin":[8.0,7.25,7.0],"x":0.0,"y":0.0,"z":0.0},"faces":{"north":{"uv":[4.0,8.75,5.0,10.5],"texture":"#4"},"east":{"uv":[9.75,6.0,10.5,7.75],"texture":"#4"},"south":{"uv":[5.0,8.75,6.0,10.5],"texture":"#4"},"west":{"uv":[9.75,7.75,10.5,9.5],"texture":"#4"},"up":{"uv":[11.75,12.0,10.75,11.25],"texture":"#4"},"down":{"uv":[7.0,11.5,6.0,12.25],"texture":"#4"}}}],"textures":{"4":"workshop_six:46379d05-3c61-4ca9-8393-0f07fdf0a638","particle":"workshop_six:46379d05-3c61-4ca9-8393-0f07fdf0a638"}}