{"display":{"thirdperson_righthand":{"rotation":[49.0,0.0,0.0],"translation":[-1.0,2.0,1.25],"scale":[0.37,0.37,0.37]},"thirdperson_lefthand":{"rotation":[49.0,0.0,0.0],"translation":[-1.0,2.0,1.25],"scale":[0.37,0.37,0.37]},"firstperson_righthand":{"translation":[0.0,4.75,1.5],"scale":[0.39,0.39,0.39]},"firstperson_lefthand":{"translation":[0.0,4.75,1.5],"scale":[0.39,0.39,0.39]},"ground":{"translation":[0.0,2.25,0.0],"scale":[0.4,0.4,0.4]},"gui":{"rotation":[31.0,0.0,0.0],"translation":[0.25,5.5,0.0],"scale":[0.87,0.87,0.87]},"fixed":{"rotation":[-90.0,0.0,0.0],"translation":[0.0,0.0,-16.0],"scale":[2.0,2.0,2.0]}},"elements":[{"from":[1.68567,0.0,4.87145],"to":[11.68567,2.0,12.87145],"rotation":{"origin":[7.70698,0.75,5.6456],"x":0.0,"y":0.0,"z":0.0},"faces":{"north":{"uv":[4.0,8.5,9.0,9.5],"texture":"#2"},"east":{"uv":[9.0,6.0,13.0,7.0],"texture":"#2"},"south":{"uv":[8.5,5.0,13.5,6.0],"texture":"#2"},"west":{"uv":[9.0,7.0,13.0,8.0],"texture":"#2"},"up":{"uv":[5.0,4.0,0.0,0.0],"texture":"#2"},"down":{"uv":[5.0,4.0,0.0,8.0],"texture":"#2"}}},{"from":[10.75527,0.0,-1.45114],"to":[15.75527,1.0,3.54886],"rotation":{"origin":[7.70698,0.75,5.6456],"x":0.0,"y":0.0,"z":0.0},"faces":{"north":{"uv":[7.0,10.0,9.5,10.5],"texture":"#2"},"east":{"uv":[9.5,10.0,12.0,10.5],"texture":"#2"},"south":{"uv":[0.0,10.5,2.5,11.0],"texture":"#2"},"west":{"uv":[2.5,10.5,5.0,11.0],"texture":"#2"},"up":{"uv":[11.0,2.5,8.5,0.0],"texture":"#2"},"down":{"uv":[11.0,2.5,8.5,5.0],"texture":"#2"}}},{"from":[5.45678,0.0,10.76532],"to":[13.45678,1.0,15.76532],"rotation":{"origin":[7.70698,0.75,5.6456],"x":0.0,"y":0.0,"z":0.0},"faces":{"north":{"uv":[9.0,8.0,13.0,8.5],"texture":"#2"},"east":{"uv":[5.0,10.5,7.5,11.0],"texture":"#2"},"south":{"uv":[9.0,8.5,13.0,9.0],"texture":"#2"},"west":{"uv":[7.5,10.5,10.0,11.0],"texture":"#2"},"up":{"uv":[9.0,8.5,5.0,6.0],"texture":"#2"},"down":{"uv":[4.0,8.0,0.0,10.5],"texture":"#2"}}},{"from":[-0.24473,0.0,1.54886],"to":[6.75527,1.0,7.54886],"rotation":{"origin":[7.70698,0.75,5.6456],"x":0.0,"y":0.0,"z":0.0},"faces":{"north":{"uv":[9.0,9.0,12.5,9.5],"texture":"#2"},"east":{"uv":[7.5,9.5,10.5,10.0],"texture":"#2"},"south":{"uv":[4.0,9.5,7.5,10.0],"texture":"#2"},"west":{"uv":[4.0,10.0,7.0,10.5],"texture":"#2"},"up":{"uv":[8.5,3.0,5.0,0.0],"texture":"#2"},"down":{"uv":[8.5,3.0,5.0,6.0],"texture":"#2"}}}],"textures":{"2":"workshop_six:4714bea1-3211-4b7c-a33a-8ad66b5c6901","particle":"workshop_six:4714bea1-3211-4b7c-a33a-8ad66b5c6901"},"gui_light":"front"}