{"display":{"thirdperson_righthand":{"rotation":[49.0,0.0,0.0],"translation":[-1.0,2.0,1.25],"scale":[0.37,0.37,0.37]},"thirdperson_lefthand":{"rotation":[49.0,0.0,0.0],"translation":[-1.0,2.0,1.25],"scale":[0.37,0.37,0.37]},"firstperson_righthand":{"translation":[0.0,4.75,1.5],"scale":[0.39,0.39,0.39]},"firstperson_lefthand":{"translation":[0.0,4.75,1.5],"scale":[0.39,0.39,0.39]},"ground":{"translation":[0.0,2.25,0.0],"scale":[0.4,0.4,0.4]},"gui":{"rotation":[31.0,0.0,0.0],"translation":[0.5,5.0,0.0],"scale":[0.95,0.95,0.95]},"fixed":{"rotation":[-90.0,0.0,0.0],"translation":[0.0,0.0,-16.0],"scale":[2.0,2.0,2.0]}},"elements":[{"from":[2.68567,0.0,3.87145],"to":[12.68567,6.0,11.87145],"rotation":{"origin":[7.70698,0.75,5.6456],"x":0.0,"y":0.0,"z":0.0},"faces":{"north":{"uv":[5.0,0.0,10.0,3.0],"texture":"#1"},"east":{"uv":[5.0,6.0,9.0,9.0],"texture":"#1"},"south":{"uv":[5.0,3.0,10.0,6.0],"texture":"#1"},"west":{"uv":[0.0,8.0,4.0,11.0],"texture":"#1"},"up":{"uv":[5.0,4.0,0.0,0.0],"texture":"#1"},"down":{"uv":[5.0,4.0,0.0,8.0],"texture":"#1"}}},{"from":[9.75527,0.0,1.54886],"to":[14.75527,1.0,6.54886],"rotation":{"origin":[7.70698,0.75,5.6456],"x":0.0,"y":0.0,"z":0.0},"faces":{"north":{"uv":[11.5,10.5,14.0,11.0],"texture":"#1"},"east":{"uv":[11.0,11.5,13.5,12.0],"texture":"#1"},"south":{"uv":[11.5,11.0,14.0,11.5],"texture":"#1"},"west":{"uv":[2.5,12.0,5.0,12.5],"texture":"#1"},"up":{"uv":[12.5,5.0,10.0,2.5],"texture":"#1"},"down":{"uv":[2.5,11.0,0.0,13.5],"texture":"#1"}}},{"from":[3.70678,0.0,9.76532],"to":[11.70678,1.0,14.76532],"rotation":{"origin":[7.70698,0.75,5.6456],"x":0.0,"y":0.0,"z":0.0},"faces":{"north":{"uv":[10.0,5.0,14.0,5.5],"texture":"#1"},"east":{"uv":[5.0,12.0,7.5,12.5],"texture":"#1"},"south":{"uv":[10.0,5.5,14.0,6.0],"texture":"#1"},"west":{"uv":[7.5,12.0,10.0,12.5],"texture":"#1"},"up":{"uv":[11.5,11.5,7.5,9.0],"texture":"#1"},"down":{"uv":[14.0,0.0,10.0,2.5],"texture":"#1"}}},{"from":[0.75527,0.0,4.54886],"to":[7.75527,1.0,10.54886],"rotation":{"origin":[7.70698,0.75,5.6456],"x":0.0,"y":0.0,"z":0.0},"faces":{"north":{"uv":[7.5,11.5,11.0,12.0],"texture":"#1"},"east":{"uv":[11.5,9.5,14.5,10.0],"texture":"#1"},"south":{"uv":[11.5,9.0,15.0,9.5],"texture":"#1"},"west":{"uv":[11.5,10.0,14.5,10.5],"texture":"#1"},"up":{"uv":[7.5,12.0,4.0,9.0],"texture":"#1"},"down":{"uv":[12.5,6.0,9.0,9.0],"texture":"#1"}}}],"textures":{"1":"workshop_six:dbf51962-5cd6-4012-9fe6-5e9718a002fd","particle":"workshop_six:dbf51962-5cd6-4012-9fe6-5e9718a002fd"},"gui_light":"front"}