{"display":{"thirdperson_righthand":{"rotation":[49.0,0.0,0.0],"translation":[-1.75,1.0,0.25],"scale":[0.16,0.16,0.16]},"thirdperson_lefthand":{"rotation":[49.0,0.0,0.0],"translation":[-0.25,1.0,0.25],"scale":[0.16,0.16,0.16]},"firstperson_righthand":{"rotation":[0.0,-84.25,0.0],"translation":[-0.75,4.75,3.0],"scale":[0.19,0.19,0.19]},"firstperson_lefthand":{"rotation":[0.0,-84.25,0.0],"translation":[-0.75,4.75,3.0],"scale":[0.19,0.19,0.19]},"ground":{"translation":[-1.75,0.25,0.0],"scale":[0.26,0.26,0.26]},"gui":{"rotation":[11.75,0.0,0.0],"translation":[0.0,-1.0,0.0],"scale":[0.31,0.31,0.31]},"head":{"scale":[0.0,0.0,0.0]},"fixed":{"rotation":[-90.0,0.0,0.0],"translation":[0.0,0.0,-16.0],"scale":[2.0,2.0,2.0]}},"elements":[{"from":[27.0625,15.0,-2.25],"to":[31.0625,19.0,-1.25],"rotation":{"origin":[8.0,10.75,8.0],"x":0.0,"y":0.0,"z":0.0},"faces":{"north":{"uv":[5.0,10.875,5.5,11.375],"texture":"#8"},"east":{"uv":[3.875,5.25,4.0,5.75],"texture":"#8"},"south":{"uv":[10.875,6.125,11.375,6.625],"texture":"#8"},"west":{"uv":[1.375,10.25,1.5,10.75],"texture":"#8"},"up":{"uv":[4.0,7.625,3.5,7.5],"texture":"#8"},"down":{"uv":[1.75,8.625,1.25,8.75],"texture":"#8"}}},{"from":[-0.4375,15.0,-1.25],"to":[0.5625,19.0,1.75],"rotation":{"origin":[8.0,10.75,8.0],"x":0.0,"y":0.0,"z":0.0},"faces":{"north":{"uv":[1.0,10.875,1.125,11.375],"texture":"#8"},"east":{"uv":[12.0,11.75,12.375,12.25],"texture":"#8"},"south":{"uv":[2.375,10.875,2.5,11.375],"texture":"#8"},"west":{"uv":[12.125,1.0,12.5,1.5],"texture":"#8"},"up":{"uv":[1.125,11.75,1.0,11.375],"texture":"#8"},"down":{"uv":[12.75,8.625,12.625,9.0],"texture":"#8"}}},{"from":[13.8125,15.0,-2.25],"to":[17.8125,19.0,-1.25],"rotation":{"origin":[8.0,10.75,8.0],"x":0.0,"y":0.0,"z":0.0},"faces":{"north":{"uv":[10.875,6.625,11.375,7.125],"texture":"#8"},"east":{"uv":[2.375,11.375,2.5,11.875],"texture":"#8"},"south":{"uv":[11.0,9.75,11.5,10.25],"texture":"#8"},"west":{"uv":[1.25,11.75,1.375,12.25],"texture":"#8"},"up":{"uv":[9.25,4.0,8.75,3.875],"texture":"#8"},"down":{"uv":[9.25,4.625,8.75,4.75],"texture":"#8"}}},{"from":[-0.1875,9.0,-1.0],"to":[31.8125,11.0,17.0],"rotation":{"origin":[8.0,10.75,8.0],"x":0.0,"y":0.0,"z":0.0},"faces":{"north":{"uv":[8.25,8.75,12.25,9.0],"texture":"#8"},"east":{"uv":[2.125,8.25,4.375,8.5],"texture":"#8"},"south":{"uv":[8.875,7.875,12.875,8.125],"texture":"#8"},"west":{"uv":[9.5,9.0,11.75,9.25],"texture":"#8"},"up":{"uv":[4.0,2.25,0.0,0.0],"texture":"#8"},"down":{"uv":[4.0,2.25,0.0,4.5],"texture":"#8"}}},{"from":[-0.4375,15.0,-2.25],"to":[3.5625,19.0,-1.25],"rotation":{"origin":[8.0,10.75,8.0],"x":0.0,"y":0.0,"z":0.0},"faces":{"north":{"uv":[11.0,10.25,11.5,10.75],"texture":"#8"},"east":{"uv":[12.5,3.875,12.625,4.375],"texture":"#8"},"south":{"uv":[11.0,10.75,11.5,11.25],"texture":"#8"},"west":{"uv":[12.5,4.625,12.625,5.125],"texture":"#8"},"up":{"uv":[9.625,7.5,9.125,7.375],"texture":"#8"},"down":{"uv":[9.75,3.875,9.25,4.0],"texture":"#8"}}},{"from":[-1.1875,19.0,-3.0],"to":[31.8125,22.0,-1.0],"rotation":{"origin":[8.0,10.75,8.0],"x":0.0,"y":0.0,"z":0.0},"faces":{"north":{"uv":[7.5,4.75,11.625,5.125],"texture":"#8"},"east":{"uv":[7.25,11.625,7.5,12.0],"texture":"#8"},"south":{"uv":[7.5,5.125,11.625,5.5],"texture":"#8"},"west":{"uv":[0.75,12.375,1.0,12.75],"texture":"#8"},"up":{"uv":[11.875,7.375,7.75,7.125],"texture":"#8"},"down":{"uv":[12.25,3.125,8.125,3.375],"texture":"#8"}}},{"from":[-1.1875,8.0,-3.0],"to":[31.8125,16.0,-1.0],"rotation":{"origin":[8.0,10.75,8.0],"x":0.0,"y":0.0,"z":0.0},"faces":{"north":{"uv":[4.0,0.0,8.125,1.0],"texture":"#8"},"east":{"uv":[11.125,0.0,11.375,1.0],"texture":"#8"},"south":{"uv":[4.0,1.0,8.125,2.0],"texture":"#8"},"west":{"uv":[10.75,11.25,11.0,12.25],"texture":"#8"},"up":{"uv":[12.25,3.625,8.125,3.375],"texture":"#8"},"down":{"uv":[12.25,3.625,8.125,3.875],"texture":"#8"}}},{"from":[-1.1875,19.0,-1.0],"to":[0.8125,22.0,17.0],"rotation":{"origin":[8.0,10.75,8.0],"x":0.0,"y":0.0,"z":0.0},"faces":{"north":{"uv":[1.875,12.375,2.125,12.75],"texture":"#8"},"east":{"uv":[8.875,8.125,11.125,8.5],"texture":"#8"},"south":{"uv":[2.125,12.375,2.375,12.75],"texture":"#8"},"west":{"uv":[0.0,9.0,2.25,9.375],"texture":"#8"},"up":{"uv":[8.5,11.75,8.25,9.5],"texture":"#8"},"down":{"uv":[8.75,9.5,8.5,11.75],"texture":"#8"}}},{"from":[-0.4375,15.0,14.25],"to":[0.5625,19.0,17.25],"rotation":{"origin":[8.0,10.75,8.0],"x":0.0,"y":0.0,"z":0.0},"faces":{"north":{"uv":[5.0,12.5,5.125,13.0],"texture":"#8"},"east":{"uv":[2.375,12.125,2.75,12.625],"texture":"#8"},"south":{"uv":[5.125,12.5,5.25,13.0],"texture":"#8"},"west":{"uv":[2.75,12.125,3.125,12.625],"texture":"#8"},"up":{"uv":[12.75,12.125,12.625,11.75],"texture":"#8"},"down":{"uv":[0.875,12.75,0.75,13.125],"texture":"#8"}}},{"from":[23.8125,4.0,-6.0],"to":[27.8125,8.0,-4.0],"rotation":{"origin":[8.0,10.75,8.0],"x":0.0,"y":0.0,"z":0.0},"faces":{"north":{"uv":[11.125,1.0,11.625,1.5],"texture":"#8"},"east":{"uv":[0.25,12.0,0.5,12.5],"texture":"#8"},"south":{"uv":[11.125,8.125,11.625,8.625],"texture":"#8"},"west":{"uv":[4.25,12.125,4.5,12.625],"texture":"#8"},"up":{"uv":[10.875,8.75,10.375,8.5],"texture":"#8"},"down":{"uv":[12.625,5.5,12.125,5.75],"texture":"#8"}}},{"from":[-0.1875,3.0,6.0],"to":[31.8125,9.0,10.0],"rotation":{"origin":[8.0,10.75,8.0],"x":0.0,"y":0.0,"z":0.0},"faces":{"north":{"uv":[4.0,4.0,8.0,4.75],"texture":"#8"},"east":{"uv":[3.5,6.75,4.0,7.5],"texture":"#8"},"south":{"uv":[0.0,4.5,4.0,5.25],"texture":"#8"},"west":{"uv":[10.25,1.875,10.75,2.625],"texture":"#8"},"up":{"uv":[6.25,6.25,2.25,5.75],"texture":"#8"},"down":{"uv":[4.0,6.25,0.0,6.75],"texture":"#8"}}},{"from":[-1.1875,8.0,-1.0],"to":[0.8125,16.0,17.0],"rotation":{"origin":[8.0,10.75,8.0],"x":0.0,"y":0.0,"z":0.0},"faces":{"north":{"uv":[11.0,11.25,11.25,12.25],"texture":"#8"},"east":{"uv":[4.0,4.75,6.25,5.75],"texture":"#8"},"south":{"uv":[11.25,11.25,11.5,12.25],"texture":"#8"},"west":{"uv":[0.0,5.25,2.25,6.25],"texture":"#8"},"up":{"uv":[9.75,11.5,9.5,9.25],"texture":"#8"},"down":{"uv":[0.5,9.75,0.25,12.0],"texture":"#8"}}},{"from":[-16.0,9.0,14.75],"to":[-0.25,12.0,16.75],"rotation":{"origin":[8.0,10.75,8.0],"x":0.0,"y":0.0,"z":0.0},"faces":{"north":{"uv":[0.25,9.375,2.25,9.75],"texture":"#8"},"east":{"uv":[4.5,12.375,4.75,12.75],"texture":"#8"},"south":{"uv":[2.25,9.5,4.25,9.875],"texture":"#8"},"west":{"uv":[4.75,12.375,5.0,12.75],"texture":"#8"},"up":{"uv":[11.75,9.5,9.75,9.25],"texture":"#8"},"down":{"uv":[11.75,9.5,9.75,9.75],"texture":"#8"}}},{"from":[-12.1875,8.75,14.5],"to":[-4.4375,12.25,17.0],"rotation":{"origin":[8.0,10.75,8.0],"x":0.0,"y":0.0,"z":0.0},"faces":{"north":{"uv":[2.25,5.25,3.25,5.75],"texture":"#8"},"east":{"uv":[3.125,12.125,3.5,12.625],"texture":"#8"},"south":{"uv":[2.5,6.75,3.5,7.25],"texture":"#8"},"west":{"uv":[3.5,12.125,3.875,12.625],"texture":"#8"},"up":{"uv":[3.5,7.625,2.5,7.25],"texture":"#8"},"down":{"uv":[11.25,2.625,10.25,3.0],"texture":"#8"}}},{"from":[24.8125,5.0,-5.0],"to":[26.8125,7.0,21.0],"rotation":{"origin":[8.0,10.75,8.0],"x":0.0,"y":0.0,"z":0.0},"faces":{"north":{"uv":[7.5,5.875,7.75,6.125],"texture":"#8"},"east":{"uv":[2.25,9.0,5.5,9.25],"texture":"#8"},"south":{"uv":[2.125,8.0,2.375,8.25],"texture":"#8"},"west":{"uv":[5.5,9.0,8.75,9.25],"texture":"#8"},"up":{"uv":[9.0,12.25,8.75,9.0],"texture":"#8"},"down":{"uv":[9.25,9.0,9.0,12.25],"texture":"#8"}}},{"from":[24.8125,8.0,-5.5],"to":[26.8125,10.0,-4.5],"rotation":{"origin":[8.0,10.75,8.0],"x":0.0,"y":0.0,"z":0.0},"faces":{"north":{"uv":[4.375,8.25,4.625,8.5],"texture":"#8"},"east":{"uv":[6.375,7.625,6.5,7.875],"texture":"#8"},"south":{"uv":[10.875,8.5,11.125,8.75],"texture":"#8"},"west":{"uv":[2.375,8.0,2.5,8.25],"texture":"#8"},"up":{"uv":[6.5,6.25,6.25,6.125],"texture":"#8"},"down":{"uv":[2.0,8.625,1.75,8.75],"texture":"#8"}}},{"from":[24.8125,2.0,-5.5],"to":[26.8125,4.0,-4.5],"rotation":{"origin":[8.0,10.75,8.0],"x":0.0,"y":0.0,"z":0.0},"faces":{"north":{"uv":[9.5,11.5,9.75,11.75],"texture":"#8"},"east":{"uv":[4.375,11.875,4.5,12.125],"texture":"#8"},"south":{"uv":[11.875,7.125,12.125,7.375],"texture":"#8"},"west":{"uv":[0.875,12.75,1.0,13.0],"texture":"#8"},"up":{"uv":[2.25,9.875,2.0,9.75],"texture":"#8"},"down":{"uv":[10.0,3.875,9.75,4.0],"texture":"#8"}}},{"from":[19.8125,0.0,-6.5],"to":[21.8125,12.0,-4.5],"rotation":{"origin":[8.0,10.75,8.0],"x":0.0,"y":0.0,"z":0.0},"faces":{"north":{"uv":[7.25,10.125,7.5,11.625],"texture":"#8"},"east":{"uv":[1.125,10.25,1.375,11.75],"texture":"#8"},"south":{"uv":[9.75,10.25,10.0,11.75],"texture":"#8"},"west":{"uv":[10.0,10.25,10.25,11.75],"texture":"#8"},"up":{"uv":[12.75,5.375,12.5,5.125],"texture":"#8"},"down":{"uv":[5.5,12.5,5.25,12.75],"texture":"#8"}}},{"from":[27.8125,5.0,-5.5],"to":[29.8125,7.0,-4.5],"rotation":{"origin":[8.0,10.75,8.0],"x":0.0,"y":0.0,"z":0.0},"faces":{"north":{"uv":[5.5,12.5,5.75,12.75],"texture":"#8"},"east":{"uv":[1.0,12.75,1.125,13.0],"texture":"#8"},"south":{"uv":[12.5,7.0,12.75,7.25],"texture":"#8"},"west":{"uv":[12.75,1.0,12.875,1.25],"texture":"#8"},"up":{"uv":[10.0,4.75,9.75,4.625],"texture":"#8"},"down":{"uv":[11.125,4.375,10.875,4.5],"texture":"#8"}}},{"from":[21.8125,5.0,-5.5],"to":[23.8125,7.0,-4.5],"rotation":{"origin":[8.0,10.75,8.0],"x":0.0,"y":0.0,"z":0.0},"faces":{"north":{"uv":[7.25,12.5,7.5,12.75],"texture":"#8"},"east":{"uv":[1.125,12.75,1.25,13.0],"texture":"#8"},"south":{"uv":[12.5,7.25,12.75,7.5],"texture":"#8"},"west":{"uv":[12.75,1.25,12.875,1.5],"texture":"#8"},"up":{"uv":[11.375,4.5,11.125,4.375],"texture":"#8"},"down":{"uv":[11.375,7.75,11.125,7.875],"texture":"#8"}}},{"from":[29.8125,0.0,-6.5],"to":[31.8125,12.0,-4.5],"rotation":{"origin":[8.0,10.75,8.0],"x":0.0,"y":0.0,"z":0.0},"faces":{"north":{"uv":[10.25,10.25,10.5,11.75],"texture":"#8"},"east":{"uv":[2.5,10.375,2.75,11.875],"texture":"#8"},"south":{"uv":[2.75,10.375,3.0,11.875],"texture":"#8"},"west":{"uv":[3.0,10.375,3.25,11.875],"texture":"#8"},"up":{"uv":[7.75,12.75,7.5,12.5],"texture":"#8"},"down":{"uv":[12.75,7.5,12.5,7.75],"texture":"#8"}}},{"from":[21.8125,10.0,-6.5],"to":[29.8125,12.0,-4.5],"rotation":{"origin":[8.0,10.75,8.0],"x":0.0,"y":0.0,"z":0.0},"faces":{"north":{"uv":[10.75,2.25,11.75,2.5],"texture":"#8"},"east":{"uv":[7.75,12.5,8.0,12.75],"texture":"#8"},"south":{"uv":[10.875,1.5,11.875,1.75],"texture":"#8"},"west":{"uv":[8.0,12.5,8.25,12.75],"texture":"#8"},"up":{"uv":[12.25,2.75,11.25,2.5],"texture":"#8"},"down":{"uv":[12.25,2.75,11.25,3.0],"texture":"#8"}}},{"from":[21.8125,0.0,-6.5],"to":[29.8125,2.0,-4.5],"rotation":{"origin":[8.0,10.75,8.0],"x":0.0,"y":0.0,"z":0.0},"faces":{"north":{"uv":[11.375,0.0,12.375,0.25],"texture":"#8"},"east":{"uv":[9.5,12.5,9.75,12.75],"texture":"#8"},"south":{"uv":[11.375,0.25,12.375,0.5],"texture":"#8"},"west":{"uv":[9.75,12.5,10.0,12.75],"texture":"#8"},"up":{"uv":[12.375,0.75,11.375,0.5],"texture":"#8"},"down":{"uv":[12.375,0.75,11.375,1.0],"texture":"#8"}}},{"from":[23.8125,4.0,4.0],"to":[27.8125,8.0,12.0],"rotation":{"origin":[8.0,10.75,8.0],"x":0.0,"y":0.0,"z":0.0},"faces":{"north":{"uv":[5.0,11.375,5.5,11.875],"texture":"#8"},"east":{"uv":[0.5,9.75,1.5,10.25],"texture":"#8"},"south":{"uv":[11.375,6.125,11.875,6.625],"texture":"#8"},"west":{"uv":[9.75,9.75,10.75,10.25],"texture":"#8"},"up":{"uv":[2.0,10.75,1.5,9.75],"texture":"#8"},"down":{"uv":[2.5,9.875,2.0,10.875],"texture":"#8"}}},{"from":[-15.6875,9.5,1.0],"to":[-13.9375,11.5,15.0],"rotation":{"origin":[8.0,10.75,8.0],"x":0.0,"y":0.0,"z":0.0},"faces":{"north":{"uv":[12.5,9.75,12.75,10.0],"texture":"#8"},"east":{"uv":[4.625,7.625,6.375,7.875],"texture":"#8"},"south":{"uv":[10.0,12.5,10.25,12.75],"texture":"#8"},"west":{"uv":[10.125,4.5,11.875,4.75],"texture":"#8"},"up":{"uv":[5.75,11.875,5.5,10.125],"texture":"#8"},"down":{"uv":[6.0,10.125,5.75,11.875],"texture":"#8"}}},{"from":[8.8125,0.0,-6.5],"to":[10.8125,12.0,-4.5],"rotation":{"origin":[8.0,10.75,8.0],"x":0.0,"y":0.0,"z":0.0},"faces":{"north":{"uv":[3.25,10.375,3.5,11.875],"texture":"#8"},"east":{"uv":[3.5,10.375,3.75,11.875],"texture":"#8"},"south":{"uv":[3.75,10.375,4.0,11.875],"texture":"#8"},"west":{"uv":[4.0,10.375,4.25,11.875],"texture":"#8"},"up":{"uv":[12.75,10.25,12.5,10.0],"texture":"#8"},"down":{"uv":[10.5,12.5,10.25,12.75],"texture":"#8"}}},{"from":[0.8125,0.0,-6.5],"to":[8.8125,2.0,-4.5],"rotation":{"origin":[8.0,10.75,8.0],"x":0.0,"y":0.0,"z":0.0},"faces":{"north":{"uv":[11.375,6.625,12.375,6.875],"texture":"#8"},"east":{"uv":[12.5,10.25,12.75,10.5],"texture":"#8"},"south":{"uv":[11.375,6.875,12.375,7.125],"texture":"#8"},"west":{"uv":[12.5,10.5,12.75,10.75],"texture":"#8"},"up":{"uv":[12.5,4.125,11.5,3.875],"texture":"#8"},"down":{"uv":[12.5,4.125,11.5,4.375],"texture":"#8"}}},{"from":[3.8125,2.0,-5.5],"to":[5.8125,4.0,-4.5],"rotation":{"origin":[8.0,10.75,8.0],"x":0.0,"y":0.0,"z":0.0},"faces":{"north":{"uv":[10.75,12.5,11.0,12.75],"texture":"#8"},"east":{"uv":[1.625,12.75,1.75,13.0],"texture":"#8"},"south":{"uv":[12.5,10.75,12.75,11.0],"texture":"#8"},"west":{"uv":[1.75,12.75,1.875,13.0],"texture":"#8"},"up":{"uv":[11.375,8.75,11.125,8.625],"texture":"#8"},"down":{"uv":[11.5,3.0,11.25,3.125],"texture":"#8"}}},{"from":[6.8125,5.0,-5.5],"to":[8.8125,7.0,-4.5],"rotation":{"origin":[8.0,10.75,8.0],"x":0.0,"y":0.0,"z":0.0},"faces":{"north":{"uv":[11.0,12.5,11.25,12.75],"texture":"#8"},"east":{"uv":[12.75,1.75,12.875,2.0],"texture":"#8"},"south":{"uv":[12.5,11.0,12.75,11.25],"texture":"#8"},"west":{"uv":[1.875,12.75,2.0,13.0],"texture":"#8"},"up":{"uv":[11.625,1.875,11.375,1.75],"texture":"#8"},"down":{"uv":[11.625,4.375,11.375,4.5],"texture":"#8"}}},{"from":[0.8125,10.0,-6.5],"to":[8.8125,12.0,-4.5],"rotation":{"origin":[8.0,10.75,8.0],"x":0.0,"y":0.0,"z":0.0},"faces":{"north":{"uv":[11.5,9.75,12.5,10.0],"texture":"#8"},"east":{"uv":[12.5,11.25,12.75,11.5],"texture":"#8"},"south":{"uv":[11.5,10.0,12.5,10.25],"texture":"#8"},"west":{"uv":[11.5,12.5,11.75,12.75],"texture":"#8"},"up":{"uv":[12.5,10.5,11.5,10.25],"texture":"#8"},"down":{"uv":[12.5,10.5,11.5,10.75],"texture":"#8"}}},{"from":[2.8125,4.0,-6.0],"to":[6.8125,8.0,-4.0],"rotation":{"origin":[8.0,10.75,8.0],"x":0.0,"y":0.0,"z":0.0},"faces":{"north":{"uv":[11.5,10.75,12.0,11.25],"texture":"#8"},"east":{"uv":[1.625,12.25,1.875,12.75],"texture":"#8"},"south":{"uv":[11.5,11.25,12.0,11.75],"texture":"#8"},"west":{"uv":[9.0,12.25,9.25,12.75],"texture":"#8"},"up":{"uv":[12.75,3.875,12.25,3.625],"texture":"#8"},"down":{"uv":[11.25,12.25,10.75,12.5],"texture":"#8"}}},{"from":[3.8125,8.0,-5.5],"to":[5.8125,10.0,-4.5],"rotation":{"origin":[8.0,10.75,8.0],"x":0.0,"y":0.0,"z":0.0},"faces":{"north":{"uv":[12.5,11.5,12.75,11.75],"texture":"#8"},"east":{"uv":[2.0,12.75,2.125,13.0],"texture":"#8"},"south":{"uv":[11.75,12.5,12.0,12.75],"texture":"#8"},"west":{"uv":[12.75,2.0,12.875,2.25],"texture":"#8"},"up":{"uv":[11.625,7.875,11.375,7.75],"texture":"#8"},"down":{"uv":[11.625,8.625,11.375,8.75],"texture":"#8"}}},{"from":[0.8125,5.0,-5.5],"to":[2.8125,7.0,-4.5],"rotation":{"origin":[8.0,10.75,8.0],"x":0.0,"y":0.0,"z":0.0},"faces":{"north":{"uv":[12.0,12.5,12.25,12.75],"texture":"#8"},"east":{"uv":[2.125,12.75,2.25,13.0],"texture":"#8"},"south":{"uv":[12.5,12.125,12.75,12.375],"texture":"#8"},"west":{"uv":[2.25,12.75,2.375,13.0],"texture":"#8"},"up":{"uv":[11.75,3.125,11.5,3.0],"texture":"#8"},"down":{"uv":[11.875,4.375,11.625,4.5],"texture":"#8"}}},{"from":[-1.1875,0.0,-6.5],"to":[0.8125,12.0,-4.5],"rotation":{"origin":[8.0,10.75,8.0],"x":0.0,"y":0.0,"z":0.0},"faces":{"north":{"uv":[4.25,10.375,4.5,11.875],"texture":"#8"},"east":{"uv":[7.5,10.5,7.75,12.0],"texture":"#8"},"south":{"uv":[7.75,10.5,8.0,12.0],"texture":"#8"},"west":{"uv":[8.0,10.5,8.25,12.0],"texture":"#8"},"up":{"uv":[12.5,12.75,12.25,12.5],"texture":"#8"},"down":{"uv":[12.75,12.375,12.5,12.625],"texture":"#8"}}},{"from":[2.8125,4.0,4.0],"to":[6.8125,8.0,12.0],"rotation":{"origin":[8.0,10.75,8.0],"x":0.0,"y":0.0,"z":0.0},"faces":{"north":{"uv":[11.625,1.0,12.125,1.5],"texture":"#8"},"east":{"uv":[2.5,9.875,3.5,10.375],"texture":"#8"},"south":{"uv":[11.625,4.75,12.125,5.25],"texture":"#8"},"west":{"uv":[3.5,9.875,4.5,10.375],"texture":"#8"},"up":{"uv":[5.0,10.875,4.5,9.875],"texture":"#8"},"down":{"uv":[5.5,9.875,5.0,10.875],"texture":"#8"}}},{"from":[3.8125,5.0,-5.0],"to":[5.8125,7.0,21.0],"rotation":{"origin":[8.0,10.75,8.0],"x":0.0,"y":0.0,"z":0.0},"faces":{"north":{"uv":[0.0,12.625,0.25,12.875],"texture":"#8"},"east":{"uv":[2.25,9.25,5.5,9.5],"texture":"#8"},"south":{"uv":[12.625,0.0,12.875,0.25],"texture":"#8"},"west":{"uv":[5.5,9.25,8.75,9.5],"texture":"#8"},"up":{"uv":[9.5,12.25,9.25,9.0],"texture":"#8"},"down":{"uv":[0.25,9.375,0.0,12.625],"texture":"#8"}}},{"from":[19.8125,0.0,20.5],"to":[21.8125,12.0,22.5],"rotation":{"origin":[8.0,10.75,8.0],"x":0.0,"y":0.0,"z":0.0},"faces":{"north":{"uv":[10.5,10.25,10.75,11.75],"texture":"#8"},"east":{"uv":[1.375,10.75,1.625,12.25],"texture":"#8"},"south":{"uv":[1.625,10.75,1.875,12.25],"texture":"#8"},"west":{"uv":[6.0,10.75,6.25,12.25],"texture":"#8"},"up":{"uv":[12.875,0.5,12.625,0.25],"texture":"#8"},"down":{"uv":[1.5,12.625,1.25,12.875],"texture":"#8"}}},{"from":[21.8125,5.0,20.5],"to":[23.8125,7.0,21.5],"rotation":{"origin":[8.0,10.75,8.0],"x":0.0,"y":0.0,"z":0.0},"faces":{"north":{"uv":[2.375,12.625,2.625,12.875],"texture":"#8"},"east":{"uv":[12.75,2.25,12.875,2.5],"texture":"#8"},"south":{"uv":[12.625,2.5,12.875,2.75],"texture":"#8"},"west":{"uv":[12.75,3.5,12.875,3.75],"texture":"#8"},"up":{"uv":[11.875,5.875,11.625,5.75],"texture":"#8"},"down":{"uv":[11.875,8.625,11.625,8.75],"texture":"#8"}}},{"from":[24.8125,8.0,20.5],"to":[26.8125,10.0,21.5],"rotation":{"origin":[8.0,10.75,8.0],"x":0.0,"y":0.0,"z":0.0},"faces":{"north":{"uv":[2.625,12.625,2.875,12.875],"texture":"#8"},"east":{"uv":[4.5,12.75,4.625,13.0],"texture":"#8"},"south":{"uv":[12.625,2.75,12.875,3.0],"texture":"#8"},"west":{"uv":[4.625,12.75,4.75,13.0],"texture":"#8"},"up":{"uv":[12.0,3.125,11.75,3.0],"texture":"#8"},"down":{"uv":[12.125,4.625,11.875,4.75],"texture":"#8"}}},{"from":[23.8125,4.0,20.0],"to":[27.8125,8.0,22.0],"rotation":{"origin":[8.0,10.75,8.0],"x":0.0,"y":0.0,"z":0.0},"faces":{"north":{"uv":[11.625,5.25,12.125,5.75],"texture":"#8"},"east":{"uv":[9.25,12.25,9.5,12.75],"texture":"#8"},"south":{"uv":[11.625,7.375,12.125,7.875],"texture":"#8"},"west":{"uv":[11.25,12.25,11.5,12.75],"texture":"#8"},"up":{"uv":[12.0,12.5,11.5,12.25],"texture":"#8"},"down":{"uv":[12.5,12.25,12.0,12.5],"texture":"#8"}}},{"from":[21.8125,10.0,20.5],"to":[29.8125,12.0,22.5],"rotation":{"origin":[8.0,10.75,8.0],"x":0.0,"y":0.0,"z":0.0},"faces":{"north":{"uv":[11.625,8.125,12.625,8.375],"texture":"#8"},"east":{"uv":[2.875,12.625,3.125,12.875],"texture":"#8"},"south":{"uv":[11.625,8.375,12.625,8.625],"texture":"#8"},"west":{"uv":[12.625,3.0,12.875,3.25],"texture":"#8"},"up":{"uv":[12.75,2.0,11.75,1.75],"texture":"#8"},"down":{"uv":[12.75,2.0,11.75,2.25],"texture":"#8"}}},{"from":[27.8125,5.0,20.5],"to":[29.8125,7.0,21.5],"rotation":{"origin":[8.0,10.75,8.0],"x":0.0,"y":0.0,"z":0.0},"faces":{"north":{"uv":[3.125,12.625,3.375,12.875],"texture":"#8"},"east":{"uv":[4.75,12.75,4.875,13.0],"texture":"#8"},"south":{"uv":[12.625,3.25,12.875,3.5],"texture":"#8"},"west":{"uv":[4.875,12.75,5.0,13.0],"texture":"#8"},"up":{"uv":[12.125,8.75,11.875,8.625],"texture":"#8"},"down":{"uv":[12.25,3.0,12.0,3.125],"texture":"#8"}}},{"from":[24.8125,2.0,20.5],"to":[26.8125,4.0,21.5],"rotation":{"origin":[8.0,10.75,8.0],"x":0.0,"y":0.0,"z":0.0},"faces":{"north":{"uv":[3.375,12.625,3.625,12.875],"texture":"#8"},"east":{"uv":[12.75,5.125,12.875,5.375],"texture":"#8"},"south":{"uv":[3.625,12.625,3.875,12.875],"texture":"#8"},"west":{"uv":[5.25,12.75,5.375,13.0],"texture":"#8"},"up":{"uv":[6.0,12.25,5.75,12.125],"texture":"#8"},"down":{"uv":[12.75,1.375,12.5,1.5],"texture":"#8"}}},{"from":[21.8125,0.0,20.5],"to":[29.8125,2.0,22.5],"rotation":{"origin":[8.0,10.75,8.0],"x":0.0,"y":0.0,"z":0.0},"faces":{"north":{"uv":[11.75,2.25,12.75,2.5],"texture":"#8"},"east":{"uv":[3.875,12.625,4.125,12.875],"texture":"#8"},"south":{"uv":[11.75,9.0,12.75,9.25],"texture":"#8"},"west":{"uv":[12.625,3.875,12.875,4.125],"texture":"#8"},"up":{"uv":[12.75,9.5,11.75,9.25],"texture":"#8"},"down":{"uv":[10.5,11.75,9.5,12.0],"texture":"#8"}}},{"from":[29.8125,0.0,20.5],"to":[31.8125,12.0,22.5],"rotation":{"origin":[8.0,10.75,8.0],"x":0.0,"y":0.0,"z":0.0},"faces":{"north":{"uv":[6.25,10.75,6.5,12.25],"texture":"#8"},"east":{"uv":[6.5,10.75,6.75,12.25],"texture":"#8"},"south":{"uv":[6.75,10.75,7.0,12.25],"texture":"#8"},"west":{"uv":[7.0,10.75,7.25,12.25],"texture":"#8"},"up":{"uv":[4.375,12.875,4.125,12.625],"texture":"#8"},"down":{"uv":[12.875,4.125,12.625,4.375],"texture":"#8"}}},{"from":[-1.1875,0.0,20.5],"to":[0.8125,12.0,22.5],"rotation":{"origin":[8.0,10.75,8.0],"x":0.0,"y":0.0,"z":0.0},"faces":{"north":{"uv":[10.75,9.75,11.0,11.25],"texture":"#8"},"east":{"uv":[10.875,0.0,11.125,1.5],"texture":"#8"},"south":{"uv":[0.5,10.875,0.75,12.375],"texture":"#8"},"west":{"uv":[0.75,10.875,1.0,12.375],"texture":"#8"},"up":{"uv":[12.875,4.875,12.625,4.625],"texture":"#8"},"down":{"uv":[12.875,4.875,12.625,5.125],"texture":"#8"}}},{"from":[0.8125,5.0,20.5],"to":[2.8125,7.0,21.5],"rotation":{"origin":[8.0,10.75,8.0],"x":0.0,"y":0.0,"z":0.0},"faces":{"north":{"uv":[12.625,5.375,12.875,5.625],"texture":"#8"},"east":{"uv":[5.375,12.75,5.5,13.0],"texture":"#8"},"south":{"uv":[5.75,12.625,6.0,12.875],"texture":"#8"},"west":{"uv":[5.5,12.75,5.625,13.0],"texture":"#8"},"up":{"uv":[12.75,7.875,12.5,7.75],"texture":"#8"},"down":{"uv":[12.875,5.625,12.625,5.75],"texture":"#8"}}},{"from":[3.8125,8.0,20.5],"to":[5.8125,10.0,21.5],"rotation":{"origin":[8.0,10.75,8.0],"x":0.0,"y":0.0,"z":0.0},"faces":{"north":{"uv":[6.0,12.625,6.25,12.875],"texture":"#8"},"east":{"uv":[5.625,12.75,5.75,13.0],"texture":"#8"},"south":{"uv":[6.25,12.625,6.5,12.875],"texture":"#8"},"west":{"uv":[12.75,7.0,12.875,7.25],"texture":"#8"},"up":{"uv":[13.0,3.875,12.75,3.75],"texture":"#8"},"down":{"uv":[7.5,12.75,7.25,12.875],"texture":"#8"}}},{"from":[2.8125,4.0,20.0],"to":[6.8125,8.0,22.0],"rotation":{"origin":[8.0,10.75,8.0],"x":0.0,"y":0.0,"z":0.0},"faces":{"north":{"uv":[8.25,11.75,8.75,12.25],"texture":"#8"},"east":{"uv":[12.375,0.0,12.625,0.5],"texture":"#8"},"south":{"uv":[11.5,11.75,12.0,12.25],"texture":"#8"},"west":{"uv":[0.5,12.375,0.75,12.875],"texture":"#8"},"up":{"uv":[12.875,0.75,12.375,0.5],"texture":"#8"},"down":{"uv":[12.875,0.75,12.375,1.0],"texture":"#8"}}},{"from":[0.8125,10.0,20.5],"to":[8.8125,12.0,22.5],"rotation":{"origin":[8.0,10.75,8.0],"x":0.0,"y":0.0,"z":0.0},"faces":{"north":{"uv":[11.75,9.5,12.75,9.75],"texture":"#8"},"east":{"uv":[12.625,6.25,12.875,6.5],"texture":"#8"},"south":{"uv":[11.875,1.5,12.875,1.75],"texture":"#8"},"west":{"uv":[6.5,12.625,6.75,12.875],"texture":"#8"},"up":{"uv":[3.375,12.125,2.375,11.875],"texture":"#8"},"down":{"uv":[4.375,11.875,3.375,12.125],"texture":"#8"}}},{"from":[6.8125,5.0,20.5],"to":[8.8125,7.0,21.5],"rotation":{"origin":[8.0,10.75,8.0],"x":0.0,"y":0.0,"z":0.0},"faces":{"north":{"uv":[12.625,6.5,12.875,6.75],"texture":"#8"},"east":{"uv":[12.75,7.25,12.875,7.5],"texture":"#8"},"south":{"uv":[6.75,12.625,7.0,12.875],"texture":"#8"},"west":{"uv":[7.5,12.75,7.625,13.0],"texture":"#8"},"up":{"uv":[13.0,7.625,12.75,7.5],"texture":"#8"},"down":{"uv":[7.875,12.75,7.625,12.875],"texture":"#8"}}},{"from":[3.8125,2.0,20.5],"to":[5.8125,4.0,21.5],"rotation":{"origin":[8.0,10.75,8.0],"x":0.0,"y":0.0,"z":0.0},"faces":{"north":{"uv":[12.625,6.75,12.875,7.0],"texture":"#8"},"east":{"uv":[12.75,7.625,12.875,7.875],"texture":"#8"},"south":{"uv":[7.0,12.625,7.25,12.875],"texture":"#8"},"west":{"uv":[7.875,12.75,8.0,13.0],"texture":"#8"},"up":{"uv":[8.25,12.875,8.0,12.75],"texture":"#8"},"down":{"uv":[13.0,8.625,12.75,8.75],"texture":"#8"}}},{"from":[0.8125,0.0,20.5],"to":[8.8125,2.0,22.5],"rotation":{"origin":[8.0,10.75,8.0],"x":0.0,"y":0.0,"z":0.0},"faces":{"north":{"uv":[11.875,4.375,12.875,4.625],"texture":"#8"},"east":{"uv":[12.625,8.125,12.875,8.375],"texture":"#8"},"south":{"uv":[5.0,11.875,6.0,12.125],"texture":"#8"},"west":{"uv":[8.25,12.625,8.5,12.875],"texture":"#8"},"up":{"uv":[12.875,6.0,11.875,5.75],"texture":"#8"},"down":{"uv":[12.875,6.0,11.875,6.25],"texture":"#8"}}},{"from":[8.8125,0.0,20.5],"to":[10.8125,12.0,22.5],"rotation":{"origin":[8.0,10.75,8.0],"x":0.0,"y":0.0,"z":0.0},"faces":{"north":{"uv":[1.875,10.875,2.125,12.375],"texture":"#8"},"east":{"uv":[2.125,10.875,2.375,12.375],"texture":"#8"},"south":{"uv":[4.5,10.875,4.75,12.375],"texture":"#8"},"west":{"uv":[4.75,10.875,5.0,12.375],"texture":"#8"},"up":{"uv":[12.875,8.625,12.625,8.375],"texture":"#8"},"down":{"uv":[8.75,12.625,8.5,12.875],"texture":"#8"}}},{"from":[-1.1875,19.0,17.0],"to":[31.8125,22.0,19.0],"rotation":{"origin":[8.0,10.75,8.0],"x":0.0,"y":0.0,"z":0.0},"faces":{"north":{"uv":[7.5,5.5,11.625,5.875],"texture":"#8"},"east":{"uv":[12.375,6.625,12.625,7.0],"texture":"#8"},"south":{"uv":[6.5,7.5,10.625,7.875],"texture":"#8"},"west":{"uv":[12.375,11.75,12.625,12.125],"texture":"#8"},"up":{"uv":[6.25,8.75,2.125,8.5],"texture":"#8"},"down":{"uv":[10.375,8.5,6.25,8.75],"texture":"#8"}}},{"from":[-0.4375,15.0,17.25],"to":[3.5625,19.0,18.25],"rotation":{"origin":[8.0,10.75,8.0],"x":0.0,"y":0.0,"z":0.0},"faces":{"north":{"uv":[7.25,12.0,7.75,12.5],"texture":"#8"},"east":{"uv":[1.5,12.625,1.625,13.125],"texture":"#8"},"south":{"uv":[7.75,12.0,8.25,12.5],"texture":"#8"},"west":{"uv":[4.375,12.625,4.5,13.125],"texture":"#8"},"up":{"uv":[9.75,4.75,9.25,4.625],"texture":"#8"},"down":{"uv":[10.125,7.375,9.625,7.5],"texture":"#8"}}},{"from":[-1.1875,8.0,17.0],"to":[31.8125,16.0,19.0],"rotation":{"origin":[8.0,10.75,8.0],"x":0.0,"y":0.0,"z":0.0},"faces":{"north":{"uv":[4.0,2.0,8.125,3.0],"texture":"#8"},"east":{"uv":[1.0,11.75,1.25,12.75],"texture":"#8"},"south":{"uv":[4.0,3.0,8.125,4.0],"texture":"#8"},"west":{"uv":[10.5,11.75,10.75,12.75],"texture":"#8"},"up":{"uv":[4.125,9.0,0.0,8.75],"texture":"#8"},"down":{"uv":[8.25,8.75,4.125,9.0],"texture":"#8"}}},{"from":[13.8125,15.0,17.25],"to":[17.8125,19.0,18.25],"rotation":{"origin":[8.0,10.75,8.0],"x":0.0,"y":0.0,"z":0.0},"faces":{"north":{"uv":[9.5,12.0,10.0,12.5],"texture":"#8"},"east":{"uv":[8.75,12.625,8.875,13.125],"texture":"#8"},"south":{"uv":[10.0,12.0,10.5,12.5],"texture":"#8"},"west":{"uv":[8.875,12.625,9.0,13.125],"texture":"#8"},"up":{"uv":[10.625,7.5,10.125,7.375],"texture":"#8"},"down":{"uv":[10.75,3.0,10.25,3.125],"texture":"#8"}}},{"from":[27.0625,15.0,17.25],"to":[31.0625,19.0,18.25],"rotation":{"origin":[8.0,10.75,8.0],"x":0.0,"y":0.0,"z":0.0},"faces":{"north":{"uv":[12.0,10.75,12.5,11.25],"texture":"#8"},"east":{"uv":[12.5,12.625,12.625,13.125],"texture":"#8"},"south":{"uv":[12.0,11.25,12.5,11.75],"texture":"#8"},"west":{"uv":[12.625,12.625,12.75,13.125],"texture":"#8"},"up":{"uv":[11.125,7.875,10.625,7.75],"texture":"#8"},"down":{"uv":[11.25,2.5,10.75,2.625],"texture":"#8"}}},{"from":[-16.0,9.0,-0.75],"to":[-0.25,12.0,1.25],"rotation":{"origin":[8.0,10.75,8.0],"x":0.0,"y":0.0,"z":0.0},"faces":{"north":{"uv":[4.25,9.5,6.25,9.875],"texture":"#8"},"east":{"uv":[0.25,12.5,0.5,12.875],"texture":"#8"},"south":{"uv":[6.25,9.5,8.25,9.875],"texture":"#8"},"west":{"uv":[12.5,1.0,12.75,1.375],"texture":"#8"},"up":{"uv":[7.5,10.125,5.5,9.875],"texture":"#8"},"down":{"uv":[11.875,5.875,9.875,6.125],"texture":"#8"}}},{"from":[-12.1875,8.75,-1.0],"to":[-4.4375,12.25,1.5],"rotation":{"origin":[8.0,10.75,8.0],"x":0.0,"y":0.0,"z":0.0},"faces":{"north":{"uv":[9.875,6.125,10.875,6.625],"texture":"#8"},"east":{"uv":[3.875,12.125,4.25,12.625],"texture":"#8"},"south":{"uv":[9.875,6.625,10.875,7.125],"texture":"#8"},"west":{"uv":[12.125,4.625,12.5,5.125],"texture":"#8"},"up":{"uv":[11.625,7.75,10.625,7.375],"texture":"#8"},"down":{"uv":[11.75,1.875,10.75,2.25],"texture":"#8"}}},{"from":[1.75,11.0,5.0],"to":[11.75,22.0,15.0],"rotation":{"origin":[6.75,20.0,10.0],"x":0.0,"y":0.0,"z":0.0},"faces":{"north":{"uv":[4.0,6.25,5.25,7.625],"texture":"#8"},"east":{"uv":[6.25,4.75,7.5,6.125],"texture":"#8"},"south":{"uv":[5.25,6.25,6.5,7.625],"texture":"#8"},"west":{"uv":[6.5,6.125,7.75,7.5],"texture":"#8"},"up":{"uv":[1.25,8.0,0.0,6.75],"texture":"#8"},"down":{"uv":[2.5,6.75,1.25,8.0],"texture":"#8"}}},{"from":[4.25,22.0,8.0],"to":[9.25,23.0,12.0],"rotation":{"origin":[6.75,20.0,10.0],"x":0.0,"y":0.0,"z":0.0},"faces":{"north":{"uv":[8.125,3.875,8.75,4.0],"texture":"#8"},"east":{"uv":[10.75,3.0,11.25,3.125],"texture":"#8"},"south":{"uv":[8.5,7.375,9.125,7.5],"texture":"#8"},"west":{"uv":[10.875,1.75,11.375,1.875],"texture":"#8"},"up":{"uv":[3.875,5.75,3.25,5.25],"texture":"#8"},"down":{"uv":[11.5,3.875,10.875,4.375],"texture":"#8"}}},{"from":[3.75,23.0,7.5],"to":[9.75,24.0,12.5],"rotation":{"origin":[6.75,20.0,10.0],"x":0.0,"y":0.0,"z":0.0},"faces":{"north":{"uv":[7.75,7.375,8.5,7.5],"texture":"#8"},"east":{"uv":[0.0,8.625,0.625,8.75],"texture":"#8"},"south":{"uv":[8.0,4.625,8.75,4.75],"texture":"#8"},"west":{"uv":[0.625,8.625,1.25,8.75],"texture":"#8"},"up":{"uv":[8.25,10.5,7.5,9.875],"texture":"#8"},"down":{"uv":[10.875,3.875,10.125,4.5],"texture":"#8"}}},{"from":[12.0,11.0,1.5],"to":[29.0,16.0,6.5],"rotation":{"origin":[31.0,11.0,2.0],"x":0.0,"y":0.0,"z":0.0},"faces":{"north":{"uv":[2.5,7.625,4.625,8.25],"texture":"#8"},"east":{"uv":[6.0,10.125,6.625,10.75],"texture":"#8"},"south":{"uv":[7.75,5.875,9.875,6.5],"texture":"#8"},"west":{"uv":[6.625,10.125,7.25,10.75],"texture":"#8"},"up":{"uv":[9.875,7.125,7.75,6.5],"texture":"#8"},"down":{"uv":[6.75,7.875,4.625,8.5],"texture":"#8"}}},{"from":[15.0,11.0,7.5],"to":[32.0,16.0,12.5],"rotation":{"origin":[31.0,11.0,2.0],"x":0.0,"y":0.0,"z":0.0},"faces":{"north":{"uv":[6.75,7.875,8.875,8.5],"texture":"#8"},"east":{"uv":[10.25,0.0,10.875,0.625],"texture":"#8"},"south":{"uv":[0.0,8.0,2.125,8.625],"texture":"#8"},"west":{"uv":[0.5,10.25,1.125,10.875],"texture":"#8"},"up":{"uv":[10.125,4.625,8.0,4.0],"texture":"#8"},"down":{"uv":[10.25,0.0,8.125,0.625],"texture":"#8"}}},{"from":[13.0,16.0,5.0],"to":[30.0,21.0,10.0],"rotation":{"origin":[22.36653,18.5,7.74546],"x":0.0,"y":22.5,"z":0.0},"faces":{"north":{"uv":[8.125,0.625,10.25,1.25],"texture":"#8"},"east":{"uv":[10.25,0.625,10.875,1.25],"texture":"#8"},"south":{"uv":[8.125,1.25,10.25,1.875],"texture":"#8"},"west":{"uv":[10.25,1.25,10.875,1.875],"texture":"#8"},"up":{"uv":[10.25,2.5,8.125,1.875],"texture":"#8"},"down":{"uv":[10.25,2.5,8.125,3.125],"texture":"#8"}}},{"from":[16.5,12.0,-0.5],"to":[19.5,15.0,2.5],"rotation":{"origin":[18.0,13.5,0.5],"x":0.0,"y":-22.5,"z":0.0},"faces":{"north":{"uv":[11.875,6.25,12.25,6.625],"texture":"#8"},"east":{"uv":[5.0,12.125,5.375,12.5],"texture":"#8"},"south":{"uv":[12.125,5.125,12.5,5.5],"texture":"#8"},"west":{"uv":[5.375,12.125,5.75,12.5],"texture":"#8"},"up":{"uv":[12.5,7.5,12.125,7.125],"texture":"#8"},"down":{"uv":[12.5,7.5,12.125,7.875],"texture":"#8"}}},{"from":[25.6969,17.0,7.49417],"to":[28.6969,20.0,10.49417],"rotation":{"origin":[22.36653,18.5,9.74546],"x":0.0,"y":45.0,"z":0.0},"faces":{"north":{"uv":[1.25,12.25,1.625,12.625],"texture":"#8"},"east":{"uv":[12.25,2.5,12.625,2.875],"texture":"#8"},"south":{"uv":[12.25,2.875,12.625,3.25],"texture":"#8"},"west":{"uv":[12.25,3.25,12.625,3.625],"texture":"#8"},"up":{"uv":[6.125,12.625,5.75,12.25],"texture":"#8"},"down":{"uv":[6.5,12.25,6.125,12.625],"texture":"#8"}}},{"from":[17.98217,17.0,10.19229],"to":[20.98217,20.0,13.19229],"rotation":{"origin":[22.36653,18.5,7.74546],"x":0.0,"y":0.0,"z":0.0},"faces":{"north":{"uv":[12.25,6.25,12.625,6.625],"texture":"#8"},"east":{"uv":[6.5,12.25,6.875,12.625],"texture":"#8"},"south":{"uv":[6.875,12.25,7.25,12.625],"texture":"#8"},"west":{"uv":[8.25,12.25,8.625,12.625],"texture":"#8"},"up":{"uv":[9.0,12.625,8.625,12.25],"texture":"#8"},"down":{"uv":[12.625,8.625,12.25,9.0],"texture":"#8"}}}],"textures":{"8":"workshop_six:63846bb9-1647-4f04-9d24-d418a52e51ad","particle":"workshop_six:63846bb9-1647-4f04-9d24-d418a52e51ad"},"gui_light":"front"}