{"display":{"thirdperson_righthand":{"rotation":[49.0,0.0,0.0],"translation":[-1.0,0.0,-0.5],"scale":[0.27,0.27,0.27]},"thirdperson_lefthand":{"rotation":[49.0,0.0,0.0],"translation":[-1.0,0.0,-0.5],"scale":[0.27,0.27,0.27]},"firstperson_righthand":{"translation":[0.0,4.75,1.5],"scale":[0.39,0.39,0.39]},"firstperson_lefthand":{"translation":[0.0,4.75,1.5],"scale":[0.39,0.39,0.39]},"ground":{"translation":[0.0,2.25,0.0],"scale":[0.4,0.4,0.4]},"gui":{"rotation":[11.75,0.0,0.0],"translation":[0.0,1.5,0.0],"scale":[0.51,0.51,0.51]},"head":{"scale":[0.0,0.0,0.0]},"fixed":{"rotation":[-90.0,0.0,0.0],"translation":[0.0,0.0,-16.0],"scale":[2.0,2.0,2.0]}},"elements":[{"from":[-7.0,7.0,-1.0],"to":[23.0,9.0,17.0],"faces":{"north":{"uv":[7.5,0.0,15.0,0.5],"texture":"#1"},"east":{"uv":[7.5,3.0,12.0,3.5],"texture":"#1"},"south":{"uv":[7.5,0.5,15.0,1.0],"texture":"#1"},"west":{"uv":[7.5,3.5,12.0,4.0],"texture":"#1"},"up":{"uv":[7.5,4.5,0.0,0.0],"texture":"#1"},"down":{"uv":[7.5,4.5,0.0,9.0],"texture":"#1"}}},{"from":[20.0,0.0,0.0],"to":[22.0,7.0,2.0],"faces":{"north":{"uv":[7.5,7.0,8.0,8.75],"texture":"#1"},"east":{"uv":[8.0,7.0,8.5,8.75],"texture":"#1"},"south":{"uv":[8.5,7.0,9.0,8.75],"texture":"#1"},"west":{"uv":[7.5,8.75,8.0,10.5],"texture":"#1"},"up":{"uv":[6.5,9.5,6.0,9.0],"texture":"#1"},"down":{"uv":[7.0,9.0,6.5,9.5],"texture":"#1"}}},{"from":[-4.0,3.0,0.5],"to":[20.0,5.0,1.5],"faces":{"north":{"uv":[7.5,1.0,13.5,1.5],"texture":"#1"},"east":{"uv":[6.0,9.5,6.25,10.0],"texture":"#1"},"south":{"uv":[7.5,1.5,13.5,2.0],"texture":"#1"},"west":{"uv":[6.25,9.5,6.5,10.0],"texture":"#1"},"up":{"uv":[13.5,4.25,7.5,4.0],"texture":"#1"},"down":{"uv":[13.5,4.25,7.5,4.5],"texture":"#1"}}},{"from":[20.5,3.0,2.0],"to":[21.5,5.0,14.0],"rotation":{"origin":[4.5,9.0,1.0],"x":0.0,"y":0.0,"z":0.0},"faces":{"north":{"uv":[7.25,9.5,7.5,10.0],"texture":"#1"},"east":{"uv":[7.5,6.0,10.5,6.5],"texture":"#1"},"south":{"uv":[9.5,7.5,9.75,8.0],"texture":"#1"},"west":{"uv":[7.5,6.5,10.5,7.0],"texture":"#1"},"up":{"uv":[5.75,12.0,5.5,9.0],"texture":"#1"},"down":{"uv":[6.0,9.0,5.75,12.0],"texture":"#1"}}},{"from":[-5.5,3.0,2.0],"to":[-4.5,5.0,14.0],"rotation":{"origin":[11.5,9.0,15.0],"x":0.0,"y":0.0,"z":0.0},"faces":{"north":{"uv":[7.0,9.5,7.25,10.0],"texture":"#1"},"east":{"uv":[7.5,5.0,10.5,5.5],"texture":"#1"},"south":{"uv":[9.5,7.0,9.75,7.5],"texture":"#1"},"west":{"uv":[7.5,5.5,10.5,6.0],"texture":"#1"},"up":{"uv":[5.25,12.0,5.0,9.0],"texture":"#1"},"down":{"uv":[5.5,9.0,5.25,12.0],"texture":"#1"}}},{"from":[-4.0,3.0,14.5],"to":[20.0,5.0,15.5],"rotation":{"origin":[0.0,0.0,16.0],"x":0.0,"y":0.0,"z":0.0},"faces":{"north":{"uv":[7.5,2.0,13.5,2.5],"texture":"#1"},"east":{"uv":[6.5,9.5,6.75,10.0],"texture":"#1"},"south":{"uv":[7.5,2.5,13.5,3.0],"texture":"#1"},"west":{"uv":[6.75,9.5,7.0,10.0],"texture":"#1"},"up":{"uv":[13.5,4.75,7.5,4.5],"texture":"#1"},"down":{"uv":[13.5,4.75,7.5,5.0],"texture":"#1"}}},{"from":[20.0,0.0,14.0],"to":[22.0,7.0,16.0],"rotation":{"origin":[0.0,0.0,16.0],"x":0.0,"y":0.0,"z":0.0},"faces":{"north":{"uv":[9.0,7.0,8.5,8.75],"texture":"#1"},"east":{"uv":[8.5,7.0,8.0,8.75],"texture":"#1"},"south":{"uv":[8.0,7.0,7.5,8.75],"texture":"#1"},"west":{"uv":[8.0,8.75,7.5,10.5],"texture":"#1"},"up":{"uv":[6.5,9.0,6.0,9.5],"texture":"#1"},"down":{"uv":[7.0,9.5,6.5,9.0],"texture":"#1"}}},{"from":[-6.0,0.0,14.0],"to":[-4.0,7.0,16.0],"rotation":{"origin":[16.0,0.0,16.0],"x":0.0,"y":0.0,"z":0.0},"faces":{"north":{"uv":[8.5,7.0,9.0,8.75],"texture":"#1"},"east":{"uv":[7.5,8.75,8.0,10.5],"texture":"#1"},"south":{"uv":[7.5,7.0,8.0,8.75],"texture":"#1"},"west":{"uv":[8.0,7.0,8.5,8.75],"texture":"#1"},"up":{"uv":[6.0,9.0,6.5,9.5],"texture":"#1"},"down":{"uv":[6.5,9.5,7.0,9.0],"texture":"#1"}}},{"from":[-6.0,0.0,0.0],"to":[-4.0,7.0,2.0],"rotation":{"origin":[16.0,0.0,0.0],"x":0.0,"y":0.0,"z":0.0},"faces":{"north":{"uv":[8.0,7.0,7.5,8.75],"texture":"#1"},"east":{"uv":[8.0,8.75,7.5,10.5],"texture":"#1"},"south":{"uv":[9.0,7.0,8.5,8.75],"texture":"#1"},"west":{"uv":[8.5,7.0,8.0,8.75],"texture":"#1"},"up":{"uv":[6.0,9.5,6.5,9.0],"texture":"#1"},"down":{"uv":[6.5,9.0,7.0,9.5],"texture":"#1"}}}],"textures":{"1":"workshop_six:1c00b9e6-4e1f-4809-b7cf-d1bdb8e7b454","particle":"workshop_six:1c00b9e6-4e1f-4809-b7cf-d1bdb8e7b454"},"gui_light":"front"}