{"display":{"thirdperson_righthand":{"rotation":[49.0,0.0,0.0],"translation":[-1.0,0.75,0.5],"scale":[0.27,0.27,0.27]},"thirdperson_lefthand":{"rotation":[49.0,0.0,0.0],"translation":[-1.0,0.75,0.5],"scale":[0.27,0.27,0.27]},"firstperson_righthand":{"translation":[0.0,4.75,1.5],"scale":[0.39,0.39,0.39]},"firstperson_lefthand":{"translation":[0.0,4.75,1.5],"scale":[0.39,0.39,0.39]},"ground":{"translation":[0.0,2.25,0.0],"scale":[0.4,0.4,0.4]},"gui":{"rotation":[11.75,180.0,0.0],"translation":[-0.5,2.0,0.0],"scale":[0.99,0.99,0.99]},"head":{"scale":[0.0,0.0,0.0]},"fixed":{"rotation":[-90.0,0.0,0.0],"translation":[1.0,0.0,-16.0],"scale":[2.0,2.0,2.0]}},"elements":[{"from":[3.0,8.0,5.0],"to":[12.0,9.0,11.0],"rotation":{"origin":[7.5,7.5,6.75],"x":0.0,"y":0.0,"z":0.0},"faces":{"north":{"uv":[8.0,6.0,12.5,6.5],"texture":"#2"},"east":{"uv":[9.0,1.0,12.0,1.5],"texture":"#2"},"south":{"uv":[8.0,6.5,12.5,7.0],"texture":"#2"},"west":{"uv":[9.0,1.5,12.0,2.0],"texture":"#2"},"up":{"uv":[4.5,3.0,0.0,0.0],"texture":"#2"},"down":{"uv":[4.5,3.0,0.0,6.0],"texture":"#2"}}},{"from":[3.0,6.0,5.0],"to":[12.0,7.0,11.0],"rotation":{"origin":[7.5,7.5,6.75],"x":0.0,"y":0.0,"z":0.0},"faces":{"north":{"uv":[8.0,7.0,12.5,7.5],"texture":"#2"},"east":{"uv":[9.0,2.0,12.0,2.5],"texture":"#2"},"south":{"uv":[8.0,7.5,12.5,8.0],"texture":"#2"},"west":{"uv":[9.0,2.5,12.0,3.0],"texture":"#2"},"up":{"uv":[9.0,3.0,4.5,0.0],"texture":"#2"},"down":{"uv":[9.0,3.0,4.5,6.0],"texture":"#2"}}},{"from":[3.0,7.0,5.0],"to":[12.0,8.0,6.0],"rotation":{"origin":[7.5,7.5,6.75],"x":0.0,"y":0.0,"z":0.0},"faces":{"north":{"uv":[8.0,8.0,12.5,8.5],"texture":"#2"},"east":{"uv":[9.0,4.0,9.5,4.5],"texture":"#2"},"south":{"uv":[0.0,8.5,4.5,9.0],"texture":"#2"},"west":{"uv":[4.5,9.0,5.0,9.5],"texture":"#2"},"up":{"uv":[9.0,9.0,4.5,8.5],"texture":"#2"},"down":{"uv":[4.5,9.0,0.0,9.5],"texture":"#2"}}},{"from":[3.5,7.0,5.5],"to":[11.5,8.0,10.5],"rotation":{"origin":[7.5,7.5,6.75],"x":0.0,"y":0.0,"z":0.0},"faces":{"north":{"uv":[9.0,0.0,13.0,0.5],"texture":"#2"},"east":{"uv":[9.0,3.0,11.5,3.5],"texture":"#2"},"south":{"uv":[9.0,0.5,13.0,1.0],"texture":"#2"},"west":{"uv":[9.0,3.5,11.5,4.0],"texture":"#2"},"up":{"uv":[4.0,8.5,0.0,6.0],"texture":"#2"},"down":{"uv":[8.0,6.0,4.0,8.5],"texture":"#2"}}},{"from":[3.0,11.0,5.25],"to":[12.0,12.0,11.25],"rotation":{"origin":[7.5,10.5,7.0],"x":0.0,"y":0.0,"z":0.0},"faces":{"north":{"uv":[8.0,6.0,12.5,6.5],"texture":"#3"},"east":{"uv":[9.0,1.0,12.0,1.5],"texture":"#3"},"south":{"uv":[8.0,6.5,12.5,7.0],"texture":"#3"},"west":{"uv":[9.0,1.5,12.0,2.0],"texture":"#3"},"up":{"uv":[4.5,3.0,0.0,0.0],"texture":"#3"},"down":{"uv":[4.5,3.0,0.0,6.0],"texture":"#3"}}},{"from":[3.0,9.0,5.25],"to":[12.0,10.0,11.25],"rotation":{"origin":[7.5,10.5,7.0],"x":0.0,"y":0.0,"z":0.0},"faces":{"north":{"uv":[8.0,7.0,12.5,7.5],"texture":"#3"},"east":{"uv":[9.0,2.0,12.0,2.5],"texture":"#3"},"south":{"uv":[8.0,7.5,12.5,8.0],"texture":"#3"},"west":{"uv":[9.0,2.5,12.0,3.0],"texture":"#3"},"up":{"uv":[9.0,3.0,4.5,0.0],"texture":"#3"},"down":{"uv":[9.0,3.0,4.5,6.0],"texture":"#3"}}},{"from":[3.0,10.0,5.25],"to":[12.0,11.0,6.25],"rotation":{"origin":[7.5,10.5,7.0],"x":0.0,"y":0.0,"z":0.0},"faces":{"north":{"uv":[8.0,8.0,12.5,8.5],"texture":"#3"},"east":{"uv":[9.0,4.0,9.5,4.5],"texture":"#3"},"south":{"uv":[0.0,8.5,4.5,9.0],"texture":"#3"},"west":{"uv":[4.5,9.0,5.0,9.5],"texture":"#3"},"up":{"uv":[9.0,9.0,4.5,8.5],"texture":"#3"},"down":{"uv":[4.5,9.0,0.0,9.5],"texture":"#3"}}},{"from":[3.5,10.0,5.75],"to":[11.5,11.0,10.75],"rotation":{"origin":[7.5,10.5,7.0],"x":0.0,"y":0.0,"z":0.0},"faces":{"north":{"uv":[9.0,0.0,13.0,0.5],"texture":"#3"},"east":{"uv":[9.0,3.0,11.5,3.5],"texture":"#3"},"south":{"uv":[9.0,0.5,13.0,1.0],"texture":"#3"},"west":{"uv":[9.0,3.5,11.5,4.0],"texture":"#3"},"up":{"uv":[4.0,8.5,0.0,6.0],"texture":"#3"},"down":{"uv":[8.0,6.0,4.0,8.5],"texture":"#3"}}},{"from":[3.0,2.0,5.0],"to":[12.0,3.0,11.0],"rotation":{"origin":[0.0,1.0,5.0],"x":0.0,"y":0.0,"z":0.0},"faces":{"north":{"uv":[8.0,6.0,12.5,6.5],"texture":"#0"},"east":{"uv":[9.0,1.0,12.0,1.5],"texture":"#0"},"south":{"uv":[8.0,6.5,12.5,7.0],"texture":"#0"},"west":{"uv":[9.0,1.5,12.0,2.0],"texture":"#0"},"up":{"uv":[4.5,3.0,0.0,0.0],"texture":"#0"},"down":{"uv":[4.5,3.0,0.0,6.0],"texture":"#0"}}},{"from":[3.0,0.0,5.0],"to":[12.0,1.0,11.0],"rotation":{"origin":[0.0,-1.0,5.0],"x":0.0,"y":0.0,"z":0.0},"faces":{"north":{"uv":[8.0,7.0,12.5,7.5],"texture":"#0"},"east":{"uv":[9.0,2.0,12.0,2.5],"texture":"#0"},"south":{"uv":[8.0,7.5,12.5,8.0],"texture":"#0"},"west":{"uv":[9.0,2.5,12.0,3.0],"texture":"#0"},"up":{"uv":[9.0,3.0,4.5,0.0],"texture":"#0"},"down":{"uv":[0.0,0.0,4.5,3.0],"texture":"#0"}}},{"from":[3.0,1.0,5.0],"to":[12.0,2.0,6.0],"rotation":{"origin":[0.0,0.0,5.0],"x":0.0,"y":0.0,"z":0.0},"faces":{"north":{"uv":[8.0,8.0,12.5,8.5],"texture":"#0"},"east":{"uv":[9.0,4.0,9.5,4.5],"texture":"#0"},"south":{"uv":[0.0,8.5,4.5,9.0],"texture":"#0"},"west":{"uv":[4.5,9.0,5.0,9.5],"texture":"#0"},"up":{"uv":[9.0,9.0,4.5,8.5],"texture":"#0"},"down":{"uv":[4.5,9.0,0.0,9.5],"texture":"#0"}}},{"from":[3.5,1.0,5.5],"to":[11.5,2.0,10.5],"rotation":{"origin":[0.5,0.0,5.5],"x":0.0,"y":0.0,"z":0.0},"faces":{"north":{"uv":[9.0,0.0,13.0,0.5],"texture":"#0"},"east":{"uv":[9.0,3.0,11.5,3.5],"texture":"#0"},"south":{"uv":[9.0,0.5,13.0,1.0],"texture":"#0"},"west":{"uv":[9.0,3.5,11.5,4.0],"texture":"#0"},"up":{"uv":[4.0,8.5,0.0,6.0],"texture":"#0"},"down":{"uv":[8.0,6.0,4.0,8.5],"texture":"#0"}}},{"from":[3.0,5.0,4.5],"to":[12.0,6.0,10.5],"rotation":{"origin":[7.5,4.5,6.25],"x":0.0,"y":0.0,"z":0.0},"faces":{"north":{"uv":[8.0,6.0,12.5,6.5],"texture":"#1"},"east":{"uv":[9.0,1.0,12.0,1.5],"texture":"#1"},"south":{"uv":[8.0,6.5,12.5,7.0],"texture":"#1"},"west":{"uv":[9.0,1.5,12.0,2.0],"texture":"#1"},"up":{"uv":[4.5,3.0,0.0,0.0],"texture":"#1"},"down":{"uv":[4.5,3.0,0.0,6.0],"texture":"#1"}}},{"from":[3.0,3.0,4.5],"to":[12.0,4.0,10.5],"rotation":{"origin":[7.5,4.5,6.25],"x":0.0,"y":0.0,"z":0.0},"faces":{"north":{"uv":[8.0,7.0,12.5,7.5],"texture":"#1"},"east":{"uv":[9.0,2.0,12.0,2.5],"texture":"#1"},"south":{"uv":[8.0,7.5,12.5,8.0],"texture":"#1"},"west":{"uv":[9.0,2.5,12.0,3.0],"texture":"#1"},"up":{"uv":[9.0,3.0,4.5,0.0],"texture":"#1"},"down":{"uv":[9.0,3.0,4.5,6.0],"texture":"#1"}}},{"from":[3.0,4.0,4.5],"to":[12.0,5.0,5.5],"rotation":{"origin":[7.5,4.5,6.25],"x":0.0,"y":0.0,"z":0.0},"faces":{"north":{"uv":[8.0,8.0,12.5,8.5],"texture":"#1"},"east":{"uv":[9.0,4.0,9.5,4.5],"texture":"#1"},"south":{"uv":[0.0,8.5,4.5,9.0],"texture":"#1"},"west":{"uv":[4.5,9.0,5.0,9.5],"texture":"#1"},"up":{"uv":[9.0,9.0,4.5,8.5],"texture":"#1"},"down":{"uv":[4.5,9.0,0.0,9.5],"texture":"#1"}}},{"from":[3.5,4.0,5.0],"to":[11.5,5.0,10.0],"rotation":{"origin":[7.5,4.5,6.25],"x":0.0,"y":0.0,"z":0.0},"faces":{"north":{"uv":[9.0,0.0,13.0,0.5],"texture":"#1"},"east":{"uv":[9.0,3.0,11.5,3.5],"texture":"#1"},"south":{"uv":[9.0,0.5,13.0,1.0],"texture":"#1"},"west":{"uv":[9.0,3.5,11.5,4.0],"texture":"#1"},"up":{"uv":[4.0,8.5,0.0,6.0],"texture":"#1"},"down":{"uv":[8.0,6.0,4.0,8.5],"texture":"#1"}}}],"textures":{"0":"workshop_six:84bc96bf-5aa1-4188-a26b-fab5845df2dd","1":"workshop_six:860d7c06-183e-4a2a-97e7-fcf07d8d90db","2":"workshop_six:4076569d-86bd-493a-9520-7e407db6f92a","3":"workshop_six:53604a66-4cb0-481f-bdce-5aec6ecd093f","particle":"workshop_six:84bc96bf-5aa1-4188-a26b-fab5845df2dd"},"gui_light":"front"}