{"display":{"thirdperson_righthand":{"rotation":[49.0,0.0,0.0],"translation":[-1.0,0.0,-0.5],"scale":[0.27,0.27,0.27]},"thirdperson_lefthand":{"rotation":[49.0,0.0,0.0],"translation":[-1.0,0.0,-0.5],"scale":[0.27,0.27,0.27]},"firstperson_righthand":{"translation":[0.0,4.75,1.5],"scale":[0.39,0.39,0.39]},"firstperson_lefthand":{"translation":[0.0,4.75,1.5],"scale":[0.39,0.39,0.39]},"ground":{"translation":[0.0,2.25,0.0],"scale":[0.4,0.4,0.4]},"gui":{"rotation":[11.75,0.0,0.0],"translation":[0.0,2.75,0.0],"scale":[0.91,0.91,0.91]},"head":{"scale":[0.0,0.0,0.0]},"fixed":{"rotation":[-90.0,0.0,0.0],"translation":[0.0,0.0,-16.0],"scale":[2.0,2.0,2.0]}},"elements":[{"from":[1.0,7.0,1.0],"to":[15.0,9.0,15.0],"rotation":{"origin":[8.0,0.0,8.0],"x":0.0,"y":0.0,"z":0.0},"faces":{"north":{"uv":[7.0,0.0,14.0,1.0],"texture":"#1"},"east":{"uv":[7.0,1.0,14.0,2.0],"texture":"#1"},"south":{"uv":[7.0,2.0,14.0,3.0],"texture":"#1"},"west":{"uv":[7.0,3.0,14.0,4.0],"texture":"#1"},"up":{"uv":[7.0,7.0,0.0,0.0],"texture":"#1"},"down":{"uv":[7.0,7.0,0.0,14.0],"texture":"#1"}}},{"from":[2.0,0.0,2.0],"to":[4.0,8.0,4.0],"rotation":{"origin":[8.0,0.0,8.0],"x":0.0,"y":0.0,"z":0.0},"faces":{"north":{"uv":[7.0,6.0,8.0,10.0],"texture":"#1"},"east":{"uv":[8.0,6.0,9.0,10.0],"texture":"#1"},"south":{"uv":[9.0,6.0,10.0,10.0],"texture":"#1"},"west":{"uv":[10.0,6.0,11.0,10.0],"texture":"#1"},"up":{"uv":[1.0,15.0,0.0,14.0],"texture":"#1"},"down":{"uv":[15.0,0.0,14.0,1.0],"texture":"#1"}}},{"from":[12.0,0.0,2.0],"to":[14.0,8.0,4.0],"rotation":{"origin":[8.0,0.0,8.0],"x":0.0,"y":0.0,"z":0.0},"faces":{"north":{"uv":[7.0,10.0,8.0,14.0],"texture":"#1"},"east":{"uv":[8.0,10.0,9.0,14.0],"texture":"#1"},"south":{"uv":[9.0,10.0,10.0,14.0],"texture":"#1"},"west":{"uv":[10.0,10.0,11.0,14.0],"texture":"#1"},"up":{"uv":[2.0,15.0,1.0,14.0],"texture":"#1"},"down":{"uv":[15.0,1.0,14.0,2.0],"texture":"#1"}}},{"from":[2.0,0.0,12.0],"to":[4.0,8.0,14.0],"rotation":{"origin":[8.0,0.0,8.0],"x":0.0,"y":0.0,"z":0.0},"faces":{"north":{"uv":[11.0,4.0,12.0,8.0],"texture":"#1"},"east":{"uv":[11.0,8.0,12.0,12.0],"texture":"#1"},"south":{"uv":[12.0,4.0,13.0,8.0],"texture":"#1"},"west":{"uv":[12.0,8.0,13.0,12.0],"texture":"#1"},"up":{"uv":[3.0,15.0,2.0,14.0],"texture":"#1"},"down":{"uv":[15.0,2.0,14.0,3.0],"texture":"#1"}}},{"from":[12.0,0.0,12.0],"to":[14.0,8.0,14.0],"rotation":{"origin":[8.0,0.0,8.0],"x":0.0,"y":0.0,"z":0.0},"faces":{"north":{"uv":[11.0,12.0,12.0,16.0],"texture":"#1"},"east":{"uv":[12.0,12.0,13.0,16.0],"texture":"#1"},"south":{"uv":[13.0,4.0,14.0,8.0],"texture":"#1"},"west":{"uv":[13.0,8.0,14.0,12.0],"texture":"#1"},"up":{"uv":[4.0,15.0,3.0,14.0],"texture":"#1"},"down":{"uv":[15.0,3.0,14.0,4.0],"texture":"#1"}}},{"from":[2.5,2.5,4.0],"to":[3.5,4.5,12.0],"rotation":{"origin":[8.0,0.0,8.0],"x":0.0,"y":0.0,"z":0.0},"faces":{"north":{"uv":[4.0,14.0,4.5,15.0],"texture":"#1"},"east":{"uv":[7.0,4.0,11.0,5.0],"texture":"#1"},"south":{"uv":[14.0,4.0,14.5,5.0],"texture":"#1"},"west":{"uv":[7.0,5.0,11.0,6.0],"texture":"#1"},"up":{"uv":[13.5,16.0,13.0,12.0],"texture":"#1"},"down":{"uv":[14.0,12.0,13.5,16.0],"texture":"#1"}}},{"from":[12.5,2.5,4.0],"to":[13.5,4.5,12.0],"rotation":{"origin":[8.0,0.0,8.0],"x":0.0,"y":0.0,"z":0.0},"faces":{"north":{"uv":[4.5,14.0,4.0,15.0],"texture":"#1"},"east":{"uv":[11.0,5.0,7.0,6.0],"texture":"#1"},"south":{"uv":[14.5,4.0,14.0,5.0],"texture":"#1"},"west":{"uv":[11.0,4.0,7.0,5.0],"texture":"#1"},"up":{"uv":[13.0,16.0,13.5,12.0],"texture":"#1"},"down":{"uv":[13.5,12.0,14.0,16.0],"texture":"#1"}}},{"from":[4.0,2.5,13.0],"to":[12.0,4.5,14.0],"rotation":{"origin":[8.0,3.5,8.0],"x":0.0,"y":0.0,"z":0.0},"faces":{"north":{"uv":[7.0,4.0,11.0,5.0],"texture":"#1"},"east":{"uv":[14.0,4.0,14.5,5.0],"texture":"#1"},"south":{"uv":[7.0,5.0,11.0,6.0],"texture":"#1"},"west":{"uv":[4.0,14.0,4.5,15.0],"texture":"#1"},"up":{"uv":[13.5,16.0,13.0,12.0],"texture":"#1","rotation":270},"down":{"uv":[14.0,12.0,13.5,16.0],"texture":"#1","rotation":90}}},{"from":[4.0,2.5,2.0],"to":[12.0,4.5,3.0],"rotation":{"origin":[8.0,3.5,8.0],"x":0.0,"y":0.0,"z":0.0},"faces":{"north":{"uv":[11.0,5.0,7.0,6.0],"texture":"#1"},"east":{"uv":[14.5,4.0,14.0,5.0],"texture":"#1"},"south":{"uv":[11.0,4.0,7.0,5.0],"texture":"#1"},"west":{"uv":[4.5,14.0,4.0,15.0],"texture":"#1"},"up":{"uv":[13.0,16.0,13.5,12.0],"texture":"#1","rotation":270},"down":{"uv":[13.5,12.0,14.0,16.0],"texture":"#1","rotation":90}}},{"from":[1.5,9.0,1.5],"to":[14.5,10.0,14.5],"rotation":{"origin":[8.0,0.0,8.0],"x":0.0,"y":0.0,"z":0.0},"faces":{"north":{"uv":[6.5,0.0,13.0,0.5],"texture":"#2","tintindex":0},"east":{"uv":[6.5,0.5,13.0,1.0],"texture":"#2","tintindex":0},"south":{"uv":[6.5,1.0,13.0,1.5],"texture":"#2","tintindex":0},"west":{"uv":[6.5,1.5,13.0,2.0],"texture":"#2","tintindex":0},"up":{"uv":[6.5,6.5,0.0,0.0],"texture":"#2","tintindex":0},"down":{"uv":[6.5,6.5,0.0,13.0],"texture":"#2","tintindex":0}}}],"textures":{"1":"workshop_six:69a534ee-e44f-4c47-9e64-4e298bd185ef","2":"workshop_six:4525b870-336b-4734-ab13-a8f66ea1fad8","particle":"workshop_six:4525b870-336b-4734-ab13-a8f66ea1fad8"},"gui_light":"front"}