{"display":{"thirdperson_righthand":{"rotation":[49.0,0.0,0.0],"translation":[-1.0,0.0,-0.5],"scale":[0.27,0.27,0.27]},"thirdperson_lefthand":{"rotation":[49.0,0.0,0.0],"translation":[-1.0,0.0,-0.5],"scale":[0.27,0.27,0.27]},"firstperson_righthand":{"translation":[0.0,4.75,1.5],"scale":[0.39,0.39,0.39]},"firstperson_lefthand":{"translation":[0.0,4.75,1.5],"scale":[0.39,0.39,0.39]},"ground":{"translation":[0.0,2.25,0.0],"scale":[0.4,0.4,0.4]},"gui":{"rotation":[11.75,0.0,0.0],"translation":[0.5,0.75,0.0],"scale":[0.82,0.82,0.82]},"head":{"scale":[0.0,0.0,0.0]},"fixed":{"rotation":[-90.0,0.0,0.0],"translation":[0.0,0.0,-16.0],"scale":[2.0,2.0,2.0]}},"elements":[{"from":[12.0,0.0,7.25],"to":[14.0,4.0,9.25],"rotation":{"origin":[7.41228,8.0,9.19731],"x":0.0,"y":45.0,"z":0.0},"faces":{"north":{"uv":[3.25,5.75,3.75,6.75],"texture":"#2"},"east":{"uv":[5.25,5.75,5.75,6.75],"texture":"#2"},"south":{"uv":[5.75,5.75,6.25,6.75],"texture":"#2"},"west":{"uv":[0.0,6.0,0.5,7.0],"texture":"#2"},"up":{"uv":[5.75,7.25,5.25,6.75],"texture":"#2"},"down":{"uv":[6.25,6.75,5.75,7.25],"texture":"#2"}}},{"from":[11.0,4.0,6.25],"to":[15.0,6.0,10.25],"rotation":{"origin":[7.41228,8.0,9.19731],"x":0.0,"y":45.0,"z":0.0},"faces":{"north":{"uv":[0.5,6.0,1.5,6.5],"texture":"#2"},"east":{"uv":[6.25,0.0,7.25,0.5],"texture":"#2"},"south":{"uv":[6.25,0.5,7.25,1.0],"texture":"#2"},"west":{"uv":[1.5,6.25,2.5,6.75],"texture":"#2"},"up":{"uv":[4.25,2.25,3.25,1.25],"texture":"#2"},"down":{"uv":[4.25,2.25,3.25,3.25],"texture":"#2"}}},{"from":[11.5,6.0,6.75],"to":[14.5,7.0,9.75],"rotation":{"origin":[7.41228,8.0,9.19731],"x":0.0,"y":45.0,"z":0.0},"faces":{"north":{"uv":[3.75,6.0,4.5,6.25],"texture":"#2"},"east":{"uv":[4.5,7.0,5.25,7.25],"texture":"#2"},"south":{"uv":[7.25,0.5,8.0,0.75],"texture":"#2"},"west":{"uv":[7.25,0.75,8.0,1.0],"texture":"#2"},"up":{"uv":[4.5,6.0,3.75,5.25],"texture":"#2"},"down":{"uv":[6.25,3.5,5.5,4.25],"texture":"#2"}}},{"from":[1.10776,5.0,4.76569],"to":[4.10776,6.0,7.76569],"rotation":{"origin":[7.41228,8.0,9.19731],"x":0.0,"y":0.0,"z":0.0},"faces":{"north":{"uv":[7.25,3.5,8.0,3.75],"texture":"#2"},"east":{"uv":[7.25,3.75,8.0,4.0],"texture":"#2"},"south":{"uv":[7.25,4.0,8.0,4.25],"texture":"#2"},"west":{"uv":[7.25,4.25,8.0,4.5],"texture":"#2"},"up":{"uv":[6.25,5.0,5.5,4.25],"texture":"#2"},"down":{"uv":[5.25,5.5,4.5,6.25],"texture":"#2"}}},{"from":[0.60776,3.0,4.26569],"to":[4.60776,5.0,8.26569],"rotation":{"origin":[7.41228,8.0,9.19731],"x":0.0,"y":0.0,"z":0.0},"faces":{"north":{"uv":[6.25,3.5,7.25,4.0],"texture":"#2"},"east":{"uv":[3.75,6.25,4.75,6.75],"texture":"#2"},"south":{"uv":[6.25,4.0,7.25,4.5],"texture":"#2"},"west":{"uv":[6.25,4.5,7.25,5.0],"texture":"#2"},"up":{"uv":[4.25,4.25,3.25,3.25],"texture":"#2"},"down":{"uv":[2.5,3.75,1.5,4.75],"texture":"#2"}}},{"from":[1.60776,0.0,5.26569],"to":[3.60776,3.0,7.26569],"rotation":{"origin":[7.41228,8.0,9.19731],"x":0.0,"y":0.0,"z":0.0},"faces":{"north":{"uv":[4.75,6.25,5.25,7.0],"texture":"#2"},"east":{"uv":[6.5,1.0,7.0,1.75],"texture":"#2"},"south":{"uv":[6.5,1.75,7.0,2.5],"texture":"#2"},"west":{"uv":[2.5,6.5,3.0,7.25],"texture":"#2"},"up":{"uv":[0.5,7.5,0.0,7.0],"texture":"#2"},"down":{"uv":[1.0,7.0,0.5,7.5],"texture":"#2"}}},{"from":[2.27684,8.0,11.94667],"to":[6.27684,9.0,15.94667],"rotation":{"origin":[7.41228,8.0,9.19731],"x":0.0,"y":-22.5,"z":0.0},"faces":{"north":{"uv":[7.0,1.0,8.0,1.25],"texture":"#2"},"east":{"uv":[7.0,1.25,8.0,1.5],"texture":"#2"},"south":{"uv":[7.0,1.5,8.0,1.75],"texture":"#2"},"west":{"uv":[7.0,1.75,8.0,2.0],"texture":"#2"},"up":{"uv":[5.0,1.0,4.0,0.0],"texture":"#2"},"down":{"uv":[5.25,1.0,4.25,2.0],"texture":"#2"}}},{"from":[1.77684,6.0,11.44667],"to":[6.77684,8.0,16.44667],"rotation":{"origin":[7.41228,8.0,9.19731],"x":0.0,"y":-22.5,"z":0.0},"faces":{"north":{"uv":[5.0,0.0,6.25,0.5],"texture":"#2"},"east":{"uv":[5.0,0.5,6.25,1.0],"texture":"#2"},"south":{"uv":[5.25,1.0,6.5,1.5],"texture":"#2"},"west":{"uv":[5.25,1.5,6.5,2.0],"texture":"#2"},"up":{"uv":[2.75,1.25,1.5,0.0],"texture":"#2"},"down":{"uv":[2.75,1.25,1.5,2.5],"texture":"#2"}}},{"from":[3.27684,0.0,12.94667],"to":[5.27684,6.0,14.94667],"rotation":{"origin":[7.41228,8.0,9.19731],"x":0.0,"y":-22.5,"z":0.0},"faces":{"north":{"uv":[4.5,4.0,5.0,5.5],"texture":"#2"},"east":{"uv":[1.5,4.75,2.0,6.25],"texture":"#2"},"south":{"uv":[2.0,4.75,2.5,6.25],"texture":"#2"},"west":{"uv":[5.0,4.0,5.5,5.5],"texture":"#2"},"up":{"uv":[1.5,7.5,1.0,7.0],"texture":"#2"},"down":{"uv":[7.5,2.0,7.0,2.5],"texture":"#2"}}},{"from":[12.02266,0.0,8.94719],"to":[14.02266,3.0,10.94719],"rotation":{"origin":[7.41228,8.0,9.19731],"x":0.0,"y":-22.5,"z":0.0},"faces":{"north":{"uv":[6.5,2.5,7.0,3.25],"texture":"#2"},"east":{"uv":[6.25,6.5,6.75,7.25],"texture":"#2"},"south":{"uv":[1.5,6.75,2.0,7.5],"texture":"#2"},"west":{"uv":[2.0,6.75,2.5,7.5],"texture":"#2"},"up":{"uv":[7.5,3.0,7.0,2.5],"texture":"#2"},"down":{"uv":[3.5,7.0,3.0,7.5],"texture":"#2"}}},{"from":[11.02266,3.0,7.94719],"to":[15.02266,5.0,11.94719],"rotation":{"origin":[7.41228,8.0,9.19731],"x":0.0,"y":-22.5,"z":0.0},"faces":{"north":{"uv":[6.25,5.0,7.25,5.5],"texture":"#2"},"east":{"uv":[6.25,5.5,7.25,6.0],"texture":"#2"},"south":{"uv":[6.25,6.0,7.25,6.5],"texture":"#2"},"west":{"uv":[0.5,6.5,1.5,7.0],"texture":"#2"},"up":{"uv":[5.25,3.0,4.25,2.0],"texture":"#2"},"down":{"uv":[3.5,4.25,2.5,5.25],"texture":"#2"}}},{"from":[11.52266,5.0,8.44719],"to":[14.52266,6.0,11.44719],"rotation":{"origin":[7.41228,8.0,9.19731],"x":0.0,"y":-22.5,"z":0.0},"faces":{"north":{"uv":[4.5,7.25,5.25,7.5],"texture":"#2"},"east":{"uv":[7.25,4.5,8.0,4.75],"texture":"#2"},"south":{"uv":[7.25,4.75,8.0,5.0],"texture":"#2"},"west":{"uv":[7.25,5.0,8.0,5.25],"texture":"#2"},"up":{"uv":[6.25,5.75,5.5,5.0],"texture":"#2"},"down":{"uv":[3.25,5.75,2.5,6.5],"texture":"#2"}}},{"from":[6.65559,0.0,7.63579],"to":[8.65559,12.0,9.63579],"rotation":{"origin":[7.41228,8.0,9.19731],"x":0.0,"y":22.5,"z":0.0},"faces":{"north":{"uv":[2.75,1.25,3.25,4.25],"texture":"#2"},"east":{"uv":[0.0,3.0,0.5,6.0],"texture":"#2"},"south":{"uv":[0.5,3.0,1.0,6.0],"texture":"#2"},"west":{"uv":[1.0,3.0,1.5,6.0],"texture":"#2"},"up":{"uv":[4.0,7.5,3.5,7.0],"texture":"#2"},"down":{"uv":[4.5,7.0,4.0,7.5],"texture":"#2"}}},{"from":[5.15559,12.0,6.13579],"to":[10.15559,14.0,11.13579],"rotation":{"origin":[7.41228,8.0,9.19731],"x":0.0,"y":22.5,"z":0.0},"faces":{"north":{"uv":[5.25,2.0,6.5,2.5],"texture":"#2"},"east":{"uv":[2.5,5.25,3.75,5.75],"texture":"#2"},"south":{"uv":[5.25,2.5,6.5,3.0],"texture":"#2"},"west":{"uv":[5.25,3.0,6.5,3.5],"texture":"#2"},"up":{"uv":[2.75,3.75,1.5,2.5],"texture":"#2"},"down":{"uv":[4.0,0.0,2.75,1.25],"texture":"#2"}}},{"from":[5.65559,14.0,6.63579],"to":[9.65559,15.0,10.63579],"rotation":{"origin":[7.41228,8.0,9.19731],"x":0.0,"y":22.5,"z":0.0},"faces":{"north":{"uv":[7.0,3.0,8.0,3.25],"texture":"#2"},"east":{"uv":[6.75,7.0,7.75,7.25],"texture":"#2"},"south":{"uv":[7.25,0.0,8.25,0.25],"texture":"#2"},"west":{"uv":[7.25,0.25,8.25,0.5],"texture":"#2"},"up":{"uv":[5.25,4.0,4.25,3.0],"texture":"#2"},"down":{"uv":[4.5,4.25,3.5,5.25],"texture":"#2"}}},{"from":[4.65559,11.0,5.63579],"to":[10.65559,12.0,11.63579],"rotation":{"origin":[7.41228,8.0,9.19731],"x":0.0,"y":22.5,"z":0.0},"faces":{"north":{"uv":[6.5,3.25,8.0,3.5],"texture":"#2"},"east":{"uv":[3.0,6.75,4.5,7.0],"texture":"#2"},"south":{"uv":[6.75,6.5,8.25,6.75],"texture":"#2"},"west":{"uv":[6.75,6.75,8.25,7.0],"texture":"#2"},"up":{"uv":[1.5,1.5,0.0,0.0],"texture":"#2"},"down":{"uv":[1.5,1.5,0.0,3.0],"texture":"#2"}}}],"textures":{"2":"workshop_six:10852699-9e69-483a-bc4a-3327524470b3","particle":"workshop_six:eb7428fc-cbe5-474c-92a7-9802844b55f5"},"gui_light":"front"}