{"display":{"thirdperson_righthand":{"rotation":[49.0,0.0,0.0],"translation":[-1.0,0.0,-0.5],"scale":[0.27,0.27,0.27]},"thirdperson_lefthand":{"rotation":[49.0,0.0,0.0],"translation":[-1.0,0.0,-0.5],"scale":[0.27,0.27,0.27]},"firstperson_righthand":{"translation":[0.0,4.75,1.5],"scale":[0.39,0.39,0.39]},"firstperson_lefthand":{"translation":[0.0,4.75,1.5],"scale":[0.39,0.39,0.39]},"ground":{"translation":[0.0,2.25,0.0],"scale":[0.4,0.4,0.4]},"gui":{"rotation":[11.75,0.0,0.0],"translation":[-0.25,0.5,0.0],"scale":[0.6,0.6,0.6]},"head":{"scale":[0.0,0.0,0.0]},"fixed":{"rotation":[-90.0,0.0,0.0],"translation":[0.0,0.0,-16.0],"scale":[2.0,2.0,2.0]}},"elements":[{"from":[8.0,-3.0,6.0],"to":[9.0,8.0,7.0],"rotation":{"origin":[0.0,0.0,0.0],"x":-22.5,"y":0.0,"z":0.0},"faces":{"north":{"uv":[2.75,8.75,3.0,11.5],"texture":"#1"},"east":{"uv":[3.0,8.75,3.25,11.5],"texture":"#1"},"south":{"uv":[3.25,8.75,3.5,11.5],"texture":"#1"},"west":{"uv":[3.5,8.75,3.75,11.5],"texture":"#1"},"up":{"uv":[4.25,6.25,4.0,6.0],"texture":"#1"},"down":{"uv":[4.5,6.0,4.25,6.25],"texture":"#1"}}},{"from":[4.0,8.0,-1.0],"to":[13.0,8.0,7.0],"rotation":{"origin":[0.0,0.0,0.0],"x":-22.5,"y":0.0,"z":0.0},"faces":{"north":{"uv":[0.0,0.0,2.25,0.0],"texture":"#1"},"east":{"uv":[0.0,0.0,2.0,0.0],"texture":"#1"},"south":{"uv":[0.0,0.0,2.25,0.0],"texture":"#1"},"west":{"uv":[0.0,0.0,2.0,0.0],"texture":"#1"},"up":{"uv":[2.25,2.0,0.0,0.0],"texture":"#1"},"down":{"uv":[2.25,2.0,0.0,4.0],"texture":"#1"}}},{"from":[4.0,6.0,-1.0],"to":[13.0,8.0,-1.0],"rotation":{"origin":[0.0,0.0,0.0],"x":-22.5,"y":0.0,"z":0.0},"faces":{"north":{"uv":[6.5,2.25,8.75,2.75],"texture":"#1"},"east":{"uv":[0.0,0.0,0.0,0.5],"texture":"#1"},"south":{"uv":[6.5,2.75,8.75,3.25],"texture":"#1"},"west":{"uv":[0.0,0.0,0.0,0.5],"texture":"#1"},"up":{"uv":[2.25,0.0,0.0,0.0],"texture":"#1"},"down":{"uv":[2.25,0.0,0.0,0.0],"texture":"#1"}}},{"from":[4.0,6.0,7.0],"to":[13.0,8.0,7.0],"rotation":{"origin":[0.0,0.0,0.0],"x":-22.5,"y":0.0,"z":0.0},"faces":{"north":{"uv":[6.5,3.25,8.75,3.75],"texture":"#1"},"east":{"uv":[0.0,0.0,0.0,0.5],"texture":"#1"},"south":{"uv":[6.5,3.75,8.75,4.25],"texture":"#1"},"west":{"uv":[0.0,0.0,0.0,0.5],"texture":"#1"},"up":{"uv":[2.25,0.0,0.0,0.0],"texture":"#1"},"down":{"uv":[2.25,0.0,0.0,0.0],"texture":"#1"}}},{"from":[4.0,6.0,8.0],"to":[13.0,8.0,8.0],"rotation":{"origin":[0.0,0.0,16.0],"x":22.5,"y":0.0,"z":0.0},"faces":{"north":{"uv":[6.5,4.25,8.75,4.75],"texture":"#1"},"east":{"uv":[0.0,0.0,0.0,0.5],"texture":"#1"},"south":{"uv":[6.5,4.75,8.75,5.25],"texture":"#1"},"west":{"uv":[0.0,0.0,0.0,0.5],"texture":"#1"},"up":{"uv":[2.25,0.0,0.0,0.0],"texture":"#1"},"down":{"uv":[2.25,0.0,0.0,0.0],"texture":"#1"}}},{"from":[4.0,6.0,16.0],"to":[13.0,8.0,16.0],"rotation":{"origin":[0.0,0.0,16.0],"x":22.5,"y":0.0,"z":0.0},"faces":{"north":{"uv":[6.5,5.25,8.75,5.75],"texture":"#1"},"east":{"uv":[0.0,0.0,0.0,0.5],"texture":"#1"},"south":{"uv":[6.5,5.75,8.75,6.25],"texture":"#1"},"west":{"uv":[0.0,0.0,0.0,0.5],"texture":"#1"},"up":{"uv":[2.25,0.0,0.0,0.0],"texture":"#1"},"down":{"uv":[2.25,0.0,0.0,0.0],"texture":"#1"}}},{"from":[4.0,8.0,8.0],"to":[13.0,8.0,16.0],"rotation":{"origin":[0.0,0.0,16.0],"x":22.5,"y":0.0,"z":0.0},"faces":{"north":{"uv":[0.0,0.0,2.25,0.0],"texture":"#1"},"east":{"uv":[0.0,0.0,2.0,0.0],"texture":"#1"},"south":{"uv":[0.0,0.0,2.25,0.0],"texture":"#1"},"west":{"uv":[0.0,0.0,2.0,0.0],"texture":"#1"},"up":{"uv":[4.5,2.0,2.25,0.0],"texture":"#1"},"down":{"uv":[4.5,2.0,2.25,4.0],"texture":"#1"}}},{"from":[8.0,-4.0,8.0],"to":[9.0,8.0,9.0],"rotation":{"origin":[0.0,0.0,16.0],"x":22.5,"y":0.0,"z":0.0},"faces":{"north":{"uv":[2.0,8.75,2.25,11.75],"texture":"#1"},"east":{"uv":[8.75,2.0,9.0,5.0],"texture":"#1"},"south":{"uv":[2.25,8.75,2.5,11.75],"texture":"#1"},"west":{"uv":[2.5,8.75,2.75,11.75],"texture":"#1"},"up":{"uv":[4.25,6.5,4.0,6.25],"texture":"#1"},"down":{"uv":[4.5,6.25,4.25,6.5],"texture":"#1"}}},{"from":[-4.25,11.25,11.0],"to":[4.75,13.25,11.0],"rotation":{"origin":[-0.25,0.25,1.0],"x":0.0,"y":45.0,"z":0.0},"faces":{"north":{"uv":[6.5,6.25,8.75,6.75],"texture":"#1"},"east":{"uv":[0.0,0.0,0.0,0.5],"texture":"#1"},"south":{"uv":[4.0,6.75,6.25,7.25],"texture":"#1"},"west":{"uv":[0.0,0.0,0.0,0.5],"texture":"#1"},"up":{"uv":[2.25,0.0,0.0,0.0],"texture":"#1"},"down":{"uv":[2.25,0.0,0.0,0.0],"texture":"#1"}}},{"from":[-4.25,11.25,3.0],"to":[4.75,13.25,3.0],"rotation":{"origin":[-0.25,0.25,1.0],"x":0.0,"y":45.0,"z":0.0},"faces":{"north":{"uv":[6.25,6.75,8.5,7.25],"texture":"#1"},"east":{"uv":[0.0,0.0,0.0,0.5],"texture":"#1"},"south":{"uv":[4.0,7.25,6.25,7.75],"texture":"#1"},"west":{"uv":[0.0,0.0,0.0,0.5],"texture":"#1"},"up":{"uv":[2.25,0.0,0.0,0.0],"texture":"#1"},"down":{"uv":[2.25,0.0,0.0,0.0],"texture":"#1"}}},{"from":[-4.25,13.25,3.0],"to":[4.75,13.25,11.0],"rotation":{"origin":[-0.25,0.25,1.0],"x":0.0,"y":45.0,"z":0.0},"faces":{"north":{"uv":[0.0,0.0,2.25,0.0],"texture":"#1"},"east":{"uv":[0.0,0.0,2.0,0.0],"texture":"#1"},"south":{"uv":[0.0,0.0,2.25,0.0],"texture":"#1"},"west":{"uv":[0.0,0.0,2.0,0.0],"texture":"#1"},"up":{"uv":[2.25,6.0,0.0,4.0],"texture":"#1"},"down":{"uv":[4.5,4.0,2.25,6.0],"texture":"#1"}}},{"from":[-0.25,-0.75,10.0],"to":[0.75,13.25,11.0],"rotation":{"origin":[-0.25,0.25,1.0],"x":0.0,"y":45.0,"z":0.0},"faces":{"north":{"uv":[1.0,8.75,1.25,12.25],"texture":"#1"},"east":{"uv":[1.25,8.75,1.5,12.25],"texture":"#1"},"south":{"uv":[1.5,8.75,1.75,12.25],"texture":"#1"},"west":{"uv":[1.75,8.75,2.0,12.25],"texture":"#1"},"up":{"uv":[4.25,6.75,4.0,6.5],"texture":"#1"},"down":{"uv":[4.5,6.5,4.25,6.75],"texture":"#1"}}},{"from":[11.75,3.25,1.25],"to":[11.75,5.25,10.25],"rotation":{"origin":[21.75,-7.75,5.25],"x":0.0,"y":22.5,"z":0.0},"faces":{"north":{"uv":[0.0,0.0,0.0,0.5],"texture":"#1"},"east":{"uv":[6.25,7.25,8.5,7.75],"texture":"#1"},"south":{"uv":[0.0,0.0,0.0,0.5],"texture":"#1"},"west":{"uv":[4.0,7.75,6.25,8.25],"texture":"#1"},"up":{"uv":[0.0,2.25,0.0,0.0],"texture":"#1"},"down":{"uv":[0.0,0.0,0.0,2.25],"texture":"#1"}}},{"from":[19.75,3.25,1.25],"to":[19.75,5.25,10.25],"rotation":{"origin":[21.75,-7.75,5.25],"x":0.0,"y":22.5,"z":0.0},"faces":{"north":{"uv":[0.0,0.0,0.0,0.5],"texture":"#1"},"east":{"uv":[6.25,7.75,8.5,8.25],"texture":"#1"},"south":{"uv":[0.0,0.0,0.0,0.5],"texture":"#1"},"west":{"uv":[0.0,8.25,2.25,8.75],"texture":"#1"},"up":{"uv":[0.0,2.25,0.0,0.0],"texture":"#1"},"down":{"uv":[0.0,0.0,0.0,2.25],"texture":"#1"}}},{"from":[11.75,5.25,1.25],"to":[19.75,5.25,10.25],"rotation":{"origin":[21.75,-7.75,5.25],"x":0.0,"y":22.5,"z":0.0},"faces":{"north":{"uv":[0.0,0.0,2.0,0.0],"texture":"#1"},"east":{"uv":[0.0,0.0,2.25,0.0],"texture":"#1"},"south":{"uv":[0.0,0.0,2.0,0.0],"texture":"#1"},"west":{"uv":[0.0,0.0,2.25,0.0],"texture":"#1"},"up":{"uv":[6.5,2.25,4.5,0.0],"texture":"#1"},"down":{"uv":[6.5,0.0,4.5,2.25],"texture":"#1"}}},{"from":[7.025,-3.6,8.975],"to":[8.025,2.4,9.975],"rotation":{"origin":[17.025,-10.6,8.975],"x":0.0,"y":0.0,"z":-22.5},"faces":{"north":{"uv":[3.75,8.75,4.0,10.25],"texture":"#1"},"east":{"uv":[4.0,8.75,4.25,10.25],"texture":"#1"},"south":{"uv":[4.25,8.75,4.5,10.25],"texture":"#1"},"west":{"uv":[4.5,8.75,4.75,10.25],"texture":"#1"},"up":{"uv":[8.75,2.25,8.5,2.0],"texture":"#1"},"down":{"uv":[8.75,7.25,8.5,7.5],"texture":"#1"}}},{"from":[9.75,14.25,4.25],"to":[9.75,16.25,13.25],"rotation":{"origin":[19.75,3.25,8.25],"x":0.0,"y":0.0,"z":0.0},"faces":{"north":{"uv":[0.0,0.0,0.0,0.5],"texture":"#1"},"east":{"uv":[2.25,8.25,4.5,8.75],"texture":"#1"},"south":{"uv":[0.0,0.0,0.0,0.5],"texture":"#1"},"west":{"uv":[4.5,8.25,6.75,8.75],"texture":"#1"},"up":{"uv":[0.0,2.25,0.0,0.0],"texture":"#1"},"down":{"uv":[0.0,0.0,0.0,2.25],"texture":"#1"}}},{"from":[17.75,14.25,4.25],"to":[17.75,16.25,13.25],"rotation":{"origin":[19.75,3.25,8.25],"x":0.0,"y":0.0,"z":0.0},"faces":{"north":{"uv":[0.0,0.0,0.0,0.5],"texture":"#1"},"east":{"uv":[6.75,8.25,9.0,8.75],"texture":"#1"},"south":{"uv":[0.0,0.0,0.0,0.5],"texture":"#1"},"west":{"uv":[8.5,0.0,10.75,0.5],"texture":"#1"},"up":{"uv":[0.0,2.25,0.0,0.0],"texture":"#1"},"down":{"uv":[0.0,0.0,0.0,2.25],"texture":"#1"}}},{"from":[9.75,16.25,4.25],"to":[17.75,16.25,13.25],"rotation":{"origin":[19.75,3.25,8.25],"x":0.0,"y":0.0,"z":0.0},"faces":{"north":{"uv":[0.0,0.0,2.0,0.0],"texture":"#1"},"east":{"uv":[0.0,0.0,2.25,0.0],"texture":"#1"},"south":{"uv":[0.0,0.0,2.0,0.0],"texture":"#1"},"west":{"uv":[0.0,0.0,2.25,0.0],"texture":"#1"},"up":{"uv":[6.5,6.75,4.5,4.5],"texture":"#1"},"down":{"uv":[6.5,4.5,4.5,6.75],"texture":"#1"}}},{"from":[9.75,-0.75,8.25],"to":[10.75,16.25,9.25],"rotation":{"origin":[19.75,3.25,8.25],"x":0.0,"y":0.0,"z":0.0},"faces":{"north":{"uv":[0.0,8.75,0.25,13.0],"texture":"#1"},"east":{"uv":[0.25,8.75,0.5,13.0],"texture":"#1"},"south":{"uv":[0.5,8.75,0.75,13.0],"texture":"#1"},"west":{"uv":[0.75,8.75,1.0,13.0],"texture":"#1"},"up":{"uv":[8.75,7.75,8.5,7.5],"texture":"#1"},"down":{"uv":[8.75,7.75,8.5,8.0],"texture":"#1"}}},{"from":[-2.75,3.25,7.0],"to":[-2.75,5.25,16.0],"rotation":{"origin":[-4.75,-7.75,12.0],"x":0.0,"y":22.5,"z":0.0},"faces":{"north":{"uv":[0.0,0.0,0.0,0.5],"texture":"#1"},"east":{"uv":[8.5,0.5,10.75,1.0],"texture":"#1"},"south":{"uv":[0.0,0.0,0.0,0.5],"texture":"#1"},"west":{"uv":[8.5,1.0,10.75,1.5],"texture":"#1"},"up":{"uv":[0.0,2.25,0.0,0.0],"texture":"#1"},"down":{"uv":[0.0,0.0,0.0,2.25],"texture":"#1"}}},{"from":[5.25,3.25,7.0],"to":[5.25,5.25,16.0],"rotation":{"origin":[-4.75,-7.75,12.0],"x":0.0,"y":22.5,"z":0.0},"faces":{"north":{"uv":[0.0,0.0,0.0,0.5],"texture":"#1"},"east":{"uv":[8.5,1.5,10.75,2.0],"texture":"#1"},"south":{"uv":[0.0,0.0,0.0,0.5],"texture":"#1"},"west":{"uv":[8.5,6.75,10.75,7.25],"texture":"#1"},"up":{"uv":[0.0,2.25,0.0,0.0],"texture":"#1"},"down":{"uv":[0.0,0.0,0.0,2.25],"texture":"#1"}}},{"from":[8.975,-3.6,7.275],"to":[9.975,2.4,8.275],"rotation":{"origin":[-0.025,-10.6,8.275],"x":0.0,"y":0.0,"z":22.5},"faces":{"north":{"uv":[4.75,8.75,5.0,10.25],"texture":"#1"},"east":{"uv":[5.0,8.75,5.25,10.25],"texture":"#1"},"south":{"uv":[8.75,5.0,9.0,6.5],"texture":"#1"},"west":{"uv":[5.25,8.75,5.5,10.25],"texture":"#1"},"up":{"uv":[8.75,8.25,8.5,8.0],"texture":"#1"},"down":{"uv":[5.75,8.75,5.5,9.0],"texture":"#1"}}},{"from":[-2.75,5.25,7.0],"to":[5.25,5.25,16.0],"rotation":{"origin":[-4.75,-7.75,12.0],"x":0.0,"y":22.5,"z":0.0},"faces":{"north":{"uv":[0.0,0.0,2.0,0.0],"texture":"#1"},"east":{"uv":[0.0,0.0,2.25,0.0],"texture":"#1"},"south":{"uv":[0.0,0.0,2.0,0.0],"texture":"#1"},"west":{"uv":[0.0,0.0,2.25,0.0],"texture":"#1"},"up":{"uv":[4.0,8.25,2.0,6.0],"texture":"#1"},"down":{"uv":[4.0,6.0,2.0,8.25],"texture":"#1"}}}],"textures":{"1":"workshop_six:a1eb36fd-7f83-4919-9ec4-a3c3e51825a1","particle":"workshop_six:a1eb36fd-7f83-4919-9ec4-a3c3e51825a1"},"gui_light":"front"}