{"display":{"thirdperson_righthand":{"rotation":[49.0,0.0,0.0],"translation":[-1.0,0.0,-0.5],"scale":[0.27,0.27,0.27]},"thirdperson_lefthand":{"rotation":[49.0,0.0,0.0],"translation":[-1.0,0.0,-0.5],"scale":[0.27,0.27,0.27]},"firstperson_righthand":{"translation":[0.0,4.75,1.5],"scale":[0.39,0.39,0.39]},"firstperson_lefthand":{"translation":[0.0,4.75,1.5],"scale":[0.39,0.39,0.39]},"ground":{"translation":[0.0,2.25,0.0],"scale":[0.4,0.4,0.4]},"gui":{"rotation":[11.75,0.0,0.0],"translation":[0.0,2.0,0.0],"scale":[0.87,0.87,0.87]},"head":{"scale":[0.0,0.0,0.0]},"fixed":{"rotation":[-90.0,0.0,0.0],"translation":[0.0,0.0,-16.0],"scale":[2.0,2.0,2.0]}},"elements":[{"from":[7.5012,0.0,5.30552],"to":[10.5012,12.0,8.30552],"rotation":{"origin":[8.5012,0.0,5.30552],"x":0.0,"y":0.0,"z":0.0},"faces":{"north":{"uv":[4.5,0.0,6.0,6.0],"texture":"#0"},"east":{"uv":[4.5,0.0,6.0,6.0],"texture":"#0"},"south":{"uv":[4.5,0.0,6.0,6.0],"texture":"#0"},"west":{"uv":[4.5,0.0,6.0,6.0],"texture":"#0"},"up":{"uv":[12.0,1.5,10.5,0.0],"texture":"#0"},"down":{"uv":[3.0,10.5,1.5,12.0],"texture":"#0"}}},{"from":[5.5012,0.0,9.30552],"to":[8.5012,6.0,12.30552],"rotation":{"origin":[6.5012,0.0,9.30552],"x":0.0,"y":0.0,"z":0.0},"faces":{"north":{"uv":[7.5,3.0,9.0,6.0],"texture":"#0"},"east":{"uv":[7.5,3.0,9.0,6.0],"texture":"#0"},"south":{"uv":[7.5,3.0,9.0,6.0],"texture":"#0"},"west":{"uv":[7.5,3.0,9.0,6.0],"texture":"#0"},"up":{"uv":[12.0,3.0,10.5,1.5],"texture":"#0"},"down":{"uv":[4.5,10.5,3.0,12.0],"texture":"#0"}}},{"from":[3.5012,0.0,5.30552],"to":[6.5012,4.0,8.30552],"rotation":{"origin":[4.5012,0.0,5.30552],"x":0.0,"y":0.0,"z":0.0},"faces":{"north":{"uv":[4.5,9.0,6.0,11.0],"texture":"#0"},"east":{"uv":[9.0,6.0,10.5,8.0],"texture":"#0"},"south":{"uv":[7.5,9.0,9.0,11.0],"texture":"#0"},"west":{"uv":[9.0,8.0,10.5,10.0],"texture":"#0"},"up":{"uv":[12.0,4.5,10.5,3.0],"texture":"#0"},"down":{"uv":[12.0,4.5,10.5,6.0],"texture":"#0"}}},{"from":[9.5012,0.0,9.80552],"to":[12.5012,9.0,12.80552],"rotation":{"origin":[10.5012,0.0,9.80552],"x":0.0,"y":0.0,"z":0.0},"faces":{"north":{"uv":[3.0,6.0,4.5,10.5],"texture":"#0"},"east":{"uv":[3.0,6.0,4.5,10.5],"texture":"#0"},"south":{"uv":[3.0,6.0,4.5,10.5],"texture":"#0"},"west":{"uv":[3.0,6.0,4.5,10.5],"texture":"#0"},"up":{"uv":[7.5,12.0,6.0,10.5],"texture":"#0"},"down":{"uv":[12.0,6.0,10.5,7.5],"texture":"#0"}}},{"from":[9.5012,0.0,1.30552],"to":[12.5012,6.0,4.30552],"rotation":{"origin":[10.5012,0.0,1.30552],"x":0.0,"y":0.0,"z":0.0},"faces":{"north":{"uv":[9.0,3.0,10.5,6.0],"texture":"#0"},"east":{"uv":[9.0,3.0,10.5,6.0],"texture":"#0"},"south":{"uv":[9.0,3.0,10.5,6.0],"texture":"#0"},"west":{"uv":[9.0,3.0,10.5,6.0],"texture":"#0"},"up":{"uv":[12.0,9.0,10.5,7.5],"texture":"#0"},"down":{"uv":[12.0,9.0,10.5,10.5],"texture":"#0"}}},{"from":[-0.81059,0.0,10.23463],"to":[2.18941,1.0,13.23463],"rotation":{"origin":[2.53716,1.0,12.5],"x":0.0,"y":-22.5,"z":0.0},"faces":{"north":{"uv":[4.5,11.0,6.0,11.5],"texture":"#0"},"east":{"uv":[7.5,11.0,9.0,11.5],"texture":"#0"},"south":{"uv":[10.5,11.0,12.0,11.5],"texture":"#0"},"west":{"uv":[10.5,10.5,12.0,11.0],"texture":"#0"},"up":{"uv":[10.5,11.5,9.0,10.0],"texture":"#0","rotation":270},"down":{"uv":[1.5,10.5,0.0,12.0],"texture":"#0","rotation":90}}},{"from":[1.03716,0.0,13.0],"to":[4.03716,1.0,16.0],"rotation":{"origin":[2.53716,1.0,12.5],"x":0.0,"y":45.0,"z":0.0},"faces":{"north":{"uv":[10.5,10.5,12.0,11.0],"texture":"#0"},"east":{"uv":[4.5,11.0,6.0,11.5],"texture":"#0"},"south":{"uv":[7.5,11.0,9.0,11.5],"texture":"#0"},"west":{"uv":[10.5,11.0,12.0,11.5],"texture":"#0"},"up":{"uv":[10.5,11.5,9.0,10.0],"texture":"#0"},"down":{"uv":[1.5,10.5,0.0,12.0],"texture":"#0"}}},{"from":[1.03716,1.0,11.0],"to":[4.03716,2.0,14.0],"rotation":{"origin":[2.53716,1.0,12.5],"x":0.0,"y":0.0,"z":0.0},"faces":{"north":{"uv":[4.5,11.0,6.0,11.5],"texture":"#0"},"east":{"uv":[7.5,11.0,9.0,11.5],"texture":"#0"},"south":{"uv":[10.5,11.0,12.0,11.5],"texture":"#0"},"west":{"uv":[10.5,10.5,12.0,11.0],"texture":"#0"},"up":{"uv":[10.5,11.5,9.0,10.0],"texture":"#0","rotation":270},"down":{"uv":[1.5,10.5,0.0,12.0],"texture":"#0","rotation":90}}},{"from":[2.18941,0.0,1.23463],"to":[5.18941,1.0,4.23463],"rotation":{"origin":[5.53716,1.0,3.5],"x":0.0,"y":-22.5,"z":0.0},"faces":{"north":{"uv":[4.5,11.0,6.0,11.5],"texture":"#0"},"east":{"uv":[7.5,11.0,9.0,11.5],"texture":"#0"},"south":{"uv":[10.5,11.0,12.0,11.5],"texture":"#0"},"west":{"uv":[10.5,10.5,12.0,11.0],"texture":"#0"},"up":{"uv":[10.5,11.5,9.0,10.0],"texture":"#0","rotation":270},"down":{"uv":[1.5,10.5,0.0,12.0],"texture":"#0","rotation":90}}},{"from":[0.18941,0.5,1.23463],"to":[3.18941,1.5,4.23463],"rotation":{"origin":[1.68941,1.0,2.73463],"x":0.0,"y":0.0,"z":22.5},"faces":{"north":{"uv":[4.5,11.0,6.0,11.5],"texture":"#0"},"east":{"uv":[7.5,11.0,9.0,11.5],"texture":"#0"},"south":{"uv":[10.5,11.0,12.0,11.5],"texture":"#0"},"west":{"uv":[10.5,10.5,12.0,11.0],"texture":"#0"},"up":{"uv":[10.5,11.5,9.0,10.0],"texture":"#0","rotation":270},"down":{"uv":[1.5,10.5,0.0,12.0],"texture":"#0","rotation":90}}},{"from":[12.18941,-0.75,8.23463],"to":[15.18941,0.25,11.23463],"rotation":{"origin":[15.53716,0.25,10.5],"x":0.0,"y":0.0,"z":-45.0},"faces":{"north":{"uv":[4.5,11.0,6.0,11.5],"texture":"#0"},"east":{"uv":[7.5,11.0,9.0,11.5],"texture":"#0"},"south":{"uv":[10.5,11.0,12.0,11.5],"texture":"#0"},"west":{"uv":[10.5,10.5,12.0,11.0],"texture":"#0"},"up":{"uv":[10.5,11.5,9.0,10.0],"texture":"#0","rotation":270},"down":{"uv":[1.5,10.5,0.0,12.0],"texture":"#0","rotation":90}}},{"from":[13.37705,-0.04699,3.23463],"to":[16.37705,0.95301,6.23463],"rotation":{"origin":[14.87705,0.45301,4.73463],"x":0.0,"y":45.0,"z":0.0},"faces":{"north":{"uv":[4.5,11.0,6.0,11.5],"texture":"#0"},"east":{"uv":[7.5,11.0,9.0,11.5],"texture":"#0"},"south":{"uv":[10.5,11.0,12.0,11.5],"texture":"#0"},"west":{"uv":[10.5,10.5,12.0,11.0],"texture":"#0"},"up":{"uv":[10.5,11.5,9.0,10.0],"texture":"#0","rotation":270},"down":{"uv":[1.5,10.5,0.0,12.0],"texture":"#0","rotation":90}}}],"textures":{"0":"workshop_six:6b0d8f34-8392-458e-b7e6-e33a67b0702c","particle":"workshop_six:6b0d8f34-8392-458e-b7e6-e33a67b0702c"},"gui_light":"front"}