{"display":{"thirdperson_righthand":{"rotation":[49.0,0.0,0.0],"translation":[-0.5,2.0,-1.75],"scale":[0.37,0.37,0.37]},"thirdperson_lefthand":{"rotation":[49.0,0.0,0.0],"translation":[-0.5,2.0,-1.75],"scale":[0.37,0.37,0.37]},"firstperson_righthand":{"rotation":[0.0,-60.25,0.0],"translation":[2.5,4.75,1.75],"scale":[0.39,0.39,0.39]},"firstperson_lefthand":{"rotation":[0.0,-60.25,0.0],"translation":[2.5,4.75,1.75],"scale":[0.39,0.39,0.39]},"ground":{"translation":[0.0,2.25,-3.0],"scale":[0.4,0.4,0.4]},"gui":{"rotation":[-156.68,-21.05,140.11],"translation":[0.75,-0.75,0.0],"scale":[0.44,0.44,0.44]},"head":{"scale":[0.0,0.0,0.0]},"fixed":{"translation":[0.0,4.0,-15.0],"scale":[2.0,2.0,2.0]}},"elements":[{"from":[-13.0,6.0,15.25],"to":[29.0,7.0,15.25],"rotation":{"origin":[27.0,5.0,15.25],"x":0.0,"y":0.0,"z":0.0},"faces":{"north":{"uv":[0.0,0.0,10.5,0.25],"texture":"#9"},"east":{"uv":[0.0,0.0,0.0,0.25],"texture":"#9"},"south":{"uv":[0.0,0.25,10.5,0.5],"texture":"#9"},"west":{"uv":[0.0,0.0,0.0,0.25],"texture":"#9"},"up":{"uv":[10.5,0.0,0.0,0.0],"texture":"#9"},"down":{"uv":[10.5,0.0,0.0,0.0],"texture":"#9"}}},{"from":[21.5,5.75,14.75],"to":[26.5,7.25,15.75],"rotation":{"origin":[24.5,5.0,15.25],"x":0.0,"y":0.0,"z":0.0},"faces":{"north":{"uv":[2.5,4.0,3.75,4.5],"texture":"#9"},"east":{"uv":[4.0,5.75,4.25,6.25],"texture":"#9"},"south":{"uv":[3.75,4.0,5.0,4.5],"texture":"#9"},"west":{"uv":[4.25,5.75,4.5,6.25],"texture":"#9"},"up":{"uv":[6.25,3.25,5.0,3.0],"texture":"#9"},"down":{"uv":[6.25,3.25,5.0,3.5],"texture":"#9"}}},{"from":[21.5,-0.75,15.25],"to":[26.5,5.75,15.25],"rotation":{"origin":[24.5,3.5,15.25],"x":0.0,"y":0.0,"z":0.0},"faces":{"north":{"uv":[0.0,0.5,1.25,2.25],"texture":"#9"},"east":{"uv":[0.0,0.0,0.0,1.75],"texture":"#9"},"south":{"uv":[1.25,0.5,2.5,2.25],"texture":"#9"},"west":{"uv":[0.0,0.0,0.0,1.75],"texture":"#9"},"up":{"uv":[1.25,0.0,0.0,0.0],"texture":"#9"},"down":{"uv":[1.25,0.0,0.0,0.0],"texture":"#9"}}},{"from":[13.5,-0.75,15.25],"to":[18.5,5.75,15.25],"rotation":{"origin":[16.5,3.5,15.25],"x":0.0,"y":0.0,"z":0.0},"faces":{"north":{"uv":[0.0,2.25,1.25,4.0],"texture":"#9"},"east":{"uv":[0.0,0.0,0.0,1.75],"texture":"#9"},"south":{"uv":[1.25,2.25,2.5,4.0],"texture":"#9"},"west":{"uv":[0.0,0.0,0.0,1.75],"texture":"#9"},"up":{"uv":[1.25,0.0,0.0,0.0],"texture":"#9"},"down":{"uv":[1.25,0.0,0.0,0.0],"texture":"#9"}}},{"from":[13.5,5.75,14.75],"to":[18.5,7.25,15.75],"rotation":{"origin":[16.5,5.0,15.25],"x":0.0,"y":0.0,"z":0.0},"faces":{"north":{"uv":[2.5,4.5,3.75,5.0],"texture":"#9"},"east":{"uv":[4.5,5.75,4.75,6.25],"texture":"#9"},"south":{"uv":[3.75,4.5,5.0,5.0],"texture":"#9"},"west":{"uv":[4.75,5.75,5.0,6.25],"texture":"#9"},"up":{"uv":[6.25,3.75,5.0,3.5],"texture":"#9"},"down":{"uv":[5.0,5.0,3.75,5.25],"texture":"#9"}}},{"from":[5.5,-0.75,15.25],"to":[10.5,5.75,15.25],"rotation":{"origin":[8.5,3.5,15.25],"x":0.0,"y":0.0,"z":0.0},"faces":{"north":{"uv":[2.5,0.5,3.75,2.25],"texture":"#9"},"east":{"uv":[0.0,0.0,0.0,1.75],"texture":"#9"},"south":{"uv":[2.5,2.25,3.75,4.0],"texture":"#9"},"west":{"uv":[0.0,0.0,0.0,1.75],"texture":"#9"},"up":{"uv":[1.25,0.0,0.0,0.0],"texture":"#9"},"down":{"uv":[1.25,0.0,0.0,0.0],"texture":"#9"}}},{"from":[5.5,5.75,14.75],"to":[10.5,7.25,15.75],"rotation":{"origin":[8.5,5.0,15.25],"x":0.0,"y":0.0,"z":0.0},"faces":{"north":{"uv":[5.0,0.5,6.25,1.0],"texture":"#9"},"east":{"uv":[5.0,5.75,5.25,6.25],"texture":"#9"},"south":{"uv":[5.0,1.0,6.25,1.5],"texture":"#9"},"west":{"uv":[5.25,5.75,5.5,6.25],"texture":"#9"},"up":{"uv":[6.25,4.0,5.0,3.75],"texture":"#9"},"down":{"uv":[6.25,4.0,5.0,4.25],"texture":"#9"}}},{"from":[-2.5,5.75,14.75],"to":[2.5,7.25,15.75],"rotation":{"origin":[0.5,5.0,15.25],"x":0.0,"y":0.0,"z":0.0},"faces":{"north":{"uv":[5.0,1.5,6.25,2.0],"texture":"#9"},"east":{"uv":[5.75,5.25,6.0,5.75],"texture":"#9"},"south":{"uv":[5.0,2.0,6.25,2.5],"texture":"#9"},"west":{"uv":[5.5,5.75,5.75,6.25],"texture":"#9"},"up":{"uv":[6.25,4.5,5.0,4.25],"texture":"#9"},"down":{"uv":[6.25,4.5,5.0,4.75],"texture":"#9"}}},{"from":[-2.5,-0.75,15.25],"to":[2.5,5.75,15.25],"rotation":{"origin":[0.5,3.5,15.25],"x":0.0,"y":0.0,"z":0.0},"faces":{"north":{"uv":[3.75,0.5,5.0,2.25],"texture":"#9"},"east":{"uv":[0.0,0.0,0.0,1.75],"texture":"#9"},"south":{"uv":[3.75,2.25,5.0,4.0],"texture":"#9"},"west":{"uv":[0.0,0.0,0.0,1.75],"texture":"#9"},"up":{"uv":[1.25,0.0,0.0,0.0],"texture":"#9"},"down":{"uv":[1.25,0.0,0.0,0.0],"texture":"#9"}}},{"from":[-10.5,5.75,14.75],"to":[-5.5,7.25,15.75],"rotation":{"origin":[-7.5,5.0,15.25],"x":0.0,"y":0.0,"z":0.0},"faces":{"north":{"uv":[2.5,5.0,3.75,5.5],"texture":"#9"},"east":{"uv":[5.75,5.75,6.0,6.25],"texture":"#9"},"south":{"uv":[5.0,2.5,6.25,3.0],"texture":"#9"},"west":{"uv":[2.5,6.0,2.75,6.5],"texture":"#9"},"up":{"uv":[6.25,5.0,5.0,4.75],"texture":"#9"},"down":{"uv":[6.25,5.0,5.0,5.25],"texture":"#9"}}},{"from":[-10.5,-0.75,15.25],"to":[-5.5,5.75,15.25],"rotation":{"origin":[-7.5,3.5,15.25],"x":0.0,"y":0.0,"z":0.0},"faces":{"north":{"uv":[0.0,4.0,1.25,5.75],"texture":"#9"},"east":{"uv":[0.0,0.0,0.0,1.75],"texture":"#9"},"south":{"uv":[1.25,4.0,2.5,5.75],"texture":"#9"},"west":{"uv":[0.0,0.0,0.0,1.75],"texture":"#9"},"up":{"uv":[1.25,0.0,0.0,0.0],"texture":"#9"},"down":{"uv":[1.25,0.0,0.0,0.0],"texture":"#9"}}},{"from":[-15.0,5.5,14.25],"to":[-13.0,7.5,16.25],"rotation":{"origin":[-15.0,5.5,14.25],"x":0.0,"y":0.0,"z":0.0},"faces":{"north":{"uv":[3.75,5.25,4.25,5.75],"texture":"#9"},"east":{"uv":[4.25,5.25,4.75,5.75],"texture":"#9"},"south":{"uv":[4.75,5.25,5.25,5.75],"texture":"#9"},"west":{"uv":[5.25,5.25,5.75,5.75],"texture":"#9"},"up":{"uv":[3.0,6.0,2.5,5.5],"texture":"#9"},"down":{"uv":[3.5,5.5,3.0,6.0],"texture":"#9"}}},{"from":[29.0,5.5,14.25],"to":[31.0,7.5,16.25],"rotation":{"origin":[31.0,5.5,14.25],"x":0.0,"y":0.0,"z":0.0},"faces":{"north":{"uv":[0.0,5.75,0.5,6.25],"texture":"#9"},"east":{"uv":[0.5,5.75,1.0,6.25],"texture":"#9"},"south":{"uv":[1.0,5.75,1.5,6.25],"texture":"#9"},"west":{"uv":[1.5,5.75,2.0,6.25],"texture":"#9"},"up":{"uv":[2.5,6.25,2.0,5.75],"texture":"#9"},"down":{"uv":[4.0,5.75,3.5,6.25],"texture":"#9"}}}],"textures":{"9":"workshop_six:fc1229e3-23ba-4eb6-9406-0c5b8f5150d4","particle":"workshop_six:fc1229e3-23ba-4eb6-9406-0c5b8f5150d4"},"gui_light":"front"}