{"display":{"thirdperson_righthand":{"rotation":[49.0,0.0,0.0],"translation":[-1.0,0.0,-0.5],"scale":[0.27,0.27,0.27]},"thirdperson_lefthand":{"rotation":[49.0,0.0,0.0],"translation":[-1.0,0.0,-0.5],"scale":[0.27,0.27,0.27]},"firstperson_righthand":{"translation":[0.0,4.75,1.5],"scale":[0.39,0.39,0.39]},"firstperson_lefthand":{"translation":[0.0,4.75,1.5],"scale":[0.39,0.39,0.39]},"ground":{"translation":[0.0,2.25,0.0],"scale":[0.4,0.4,0.4]},"gui":{"rotation":[11.75,180.0,0.0],"translation":[0.0,-1.75,0.0],"scale":[0.61,0.61,0.61]},"head":{"scale":[0.0,0.0,0.0]},"fixed":{"rotation":[-90.0,0.0,0.0],"translation":[0.0,0.0,-16.0],"scale":[2.0,2.0,2.0]}},"elements":[{"from":[1.0,7.0,1.0],"to":[15.0,9.0,15.0],"rotation":{"origin":[8.0,0.0,8.0],"x":0.0,"y":0.0,"z":0.0},"faces":{"north":{"uv":[3.5,0.0,7.0,0.5],"texture":"#2"},"east":{"uv":[3.5,0.5,7.0,1.0],"texture":"#2"},"south":{"uv":[3.5,1.0,7.0,1.5],"texture":"#2"},"west":{"uv":[3.5,1.5,7.0,2.0],"texture":"#2"},"up":{"uv":[3.5,3.5,0.0,0.0],"texture":"#2"},"down":{"uv":[3.5,3.5,0.0,7.0],"texture":"#2"}}},{"from":[1.5,0.0,2.0],"to":[3.5,8.0,4.0],"rotation":{"origin":[8.0,0.0,8.0],"x":0.0,"y":0.0,"z":0.0},"faces":{"north":{"uv":[5.5,5.0,6.0,7.0],"texture":"#2"},"east":{"uv":[6.0,5.0,6.5,7.0],"texture":"#2"},"south":{"uv":[6.5,5.0,7.0,7.0],"texture":"#2"},"west":{"uv":[0.0,7.0,0.5,9.0],"texture":"#2"},"up":{"uv":[8.0,7.0,7.5,6.5],"texture":"#2"},"down":{"uv":[8.0,7.0,7.5,7.5],"texture":"#2"}}},{"from":[12.5,0.0,2.0],"to":[14.5,8.0,4.0],"rotation":{"origin":[8.0,0.0,8.0],"x":0.0,"y":0.0,"z":0.0},"faces":{"north":{"uv":[7.0,0.0,7.5,2.0],"texture":"#2"},"east":{"uv":[0.5,7.0,1.0,9.0],"texture":"#2"},"south":{"uv":[1.0,7.0,1.5,9.0],"texture":"#2"},"west":{"uv":[1.5,7.0,2.0,9.0],"texture":"#2"},"up":{"uv":[8.0,8.0,7.5,7.5],"texture":"#2"},"down":{"uv":[8.25,2.0,7.75,2.5],"texture":"#2"}}},{"from":[3.5,11.0,13.0],"to":[12.5,13.0,14.0],"rotation":{"origin":[8.0,0.0,8.0],"x":0.0,"y":0.0,"z":0.0},"faces":{"north":{"uv":[5.5,4.0,7.75,4.5],"texture":"#2"},"east":{"uv":[8.0,5.5,8.25,6.0],"texture":"#2"},"south":{"uv":[5.5,4.5,7.75,5.0],"texture":"#2"},"west":{"uv":[8.0,6.0,8.25,6.5],"texture":"#2"},"up":{"uv":[9.75,1.25,7.5,1.0],"texture":"#2"},"down":{"uv":[9.75,1.25,7.5,1.5],"texture":"#2"}}},{"from":[1.5,0.0,12.5],"to":[3.5,8.0,14.5],"rotation":{"origin":[8.0,0.0,8.0],"x":0.0,"y":0.0,"z":0.0},"faces":{"north":{"uv":[2.0,7.0,2.5,9.0],"texture":"#2"},"east":{"uv":[2.5,7.0,3.0,9.0],"texture":"#2"},"south":{"uv":[3.0,7.0,3.5,9.0],"texture":"#2"},"west":{"uv":[7.0,5.0,7.5,7.0],"texture":"#2"},"up":{"uv":[8.25,3.0,7.75,2.5],"texture":"#2"},"down":{"uv":[8.25,3.0,7.75,3.5],"texture":"#2"}}},{"from":[12.5,0.0,12.5],"to":[14.5,8.0,14.5],"rotation":{"origin":[8.0,0.0,8.0],"x":0.0,"y":0.0,"z":0.0},"faces":{"north":{"uv":[5.5,7.0,6.0,9.0],"texture":"#2"},"east":{"uv":[6.0,7.0,6.5,9.0],"texture":"#2"},"south":{"uv":[6.5,7.0,7.0,9.0],"texture":"#2"},"west":{"uv":[7.0,7.0,7.5,9.0],"texture":"#2"},"up":{"uv":[8.25,4.0,7.75,3.5],"texture":"#2"},"down":{"uv":[8.25,4.0,7.75,4.5],"texture":"#2"}}},{"from":[1.5,9.0,12.5],"to":[3.5,22.0,14.5],"rotation":{"origin":[8.0,0.0,8.0],"x":0.0,"y":0.0,"z":0.0},"faces":{"north":{"uv":[3.5,2.0,4.0,5.25],"texture":"#2"},"east":{"uv":[4.0,2.0,4.5,5.25],"texture":"#2"},"south":{"uv":[4.5,2.0,5.0,5.25],"texture":"#2"},"west":{"uv":[5.0,2.0,5.5,5.25],"texture":"#2"},"up":{"uv":[8.0,2.0,7.5,1.5],"texture":"#2"},"down":{"uv":[8.0,5.0,7.5,5.5],"texture":"#2"}}},{"from":[12.5,9.0,12.5],"to":[14.5,22.0,14.5],"rotation":{"origin":[8.0,0.0,8.0],"x":0.0,"y":0.0,"z":0.0},"faces":{"north":{"uv":[4.0,2.0,3.5,5.25],"texture":"#2"},"east":{"uv":[5.5,2.0,5.0,5.25],"texture":"#2"},"south":{"uv":[5.0,2.0,4.5,5.25],"texture":"#2"},"west":{"uv":[4.5,2.0,4.0,5.25],"texture":"#2"},"up":{"uv":[7.5,2.0,8.0,1.5],"texture":"#2"},"down":{"uv":[7.5,5.0,8.0,5.5],"texture":"#2"}}},{"from":[3.5,15.0,13.0],"to":[12.5,17.0,14.0],"rotation":{"origin":[8.0,0.0,8.0],"x":0.0,"y":0.0,"z":0.0},"faces":{"north":{"uv":[5.5,4.0,7.75,4.5],"texture":"#2"},"east":{"uv":[8.0,5.5,8.25,6.0],"texture":"#2"},"south":{"uv":[5.5,4.5,7.75,5.0],"texture":"#2"},"west":{"uv":[8.0,6.0,8.25,6.5],"texture":"#2"},"up":{"uv":[9.75,1.25,7.5,1.0],"texture":"#2"},"down":{"uv":[9.75,1.25,7.5,1.5],"texture":"#2"}}},{"from":[3.5,19.0,13.0],"to":[12.5,21.0,14.0],"rotation":{"origin":[8.0,0.0,8.0],"x":0.0,"y":0.0,"z":0.0},"faces":{"north":{"uv":[5.5,4.0,7.75,4.5],"texture":"#2"},"east":{"uv":[8.0,5.5,8.25,6.0],"texture":"#2"},"south":{"uv":[5.5,4.5,7.75,5.0],"texture":"#2"},"west":{"uv":[8.0,6.0,8.25,6.5],"texture":"#2"},"up":{"uv":[9.75,1.25,7.5,1.0],"texture":"#2"},"down":{"uv":[9.75,1.25,7.5,1.5],"texture":"#2"}}},{"from":[1.55,9.0,1.5],"to":[14.45,10.0,14.45],"rotation":{"origin":[8.0,0.0,8.0],"x":0.0,"y":0.0,"z":0.0},"faces":{"north":{"uv":[6.5,0.0,13.0,0.5],"texture":"#1","tintindex":0},"east":{"uv":[6.5,0.5,13.0,1.0],"texture":"#1","tintindex":0},"south":{"uv":[6.5,1.0,13.0,1.5],"texture":"#1","tintindex":0},"west":{"uv":[6.5,1.5,13.0,2.0],"texture":"#1","tintindex":0},"up":{"uv":[6.5,6.5,0.0,0.0],"texture":"#1","tintindex":0},"down":{"uv":[6.5,6.5,0.0,13.0],"texture":"#1","tintindex":0}}}],"textures":{"1":"workshop_six:4525b870-336b-4734-ab13-a8f66ea1fad8","2":"workshop_six:32af3d87-c639-4dae-b600-7b4180c0892e","particle":"workshop_six:4525b870-336b-4734-ab13-a8f66ea1fad8"},"gui_light":"front"}