{"display":{"thirdperson_righthand":{"rotation":[49.0,0.0,0.0],"translation":[0.75,2.75,-1.75],"scale":[0.37,0.37,0.37]},"thirdperson_lefthand":{"rotation":[49.0,0.0,0.0],"translation":[-5.25,2.75,-1.75],"scale":[0.37,0.37,0.37]},"firstperson_righthand":{"rotation":[0.0,87.25,0.0],"translation":[-4.0,4.75,1.5],"scale":[0.39,0.39,0.39]},"firstperson_lefthand":{"rotation":[0.0,87.25,0.0],"translation":[-4.0,4.0,7.5],"scale":[0.39,0.39,0.39]},"ground":{"translation":[3.25,2.25,-3.0],"scale":[0.4,0.4,0.4]},"gui":{"rotation":[31.0,180.0,0.0],"translation":[-5.25,-4.0,0.0],"scale":[0.67,0.67,0.67]},"head":{"scale":[0.0,0.0,0.0]},"fixed":{"translation":[0.0,-6.25,-16.0],"scale":[2.0,2.0,2.0]}},"elements":[{"from":[-7.0,10.0,15.875],"to":[-2.0,17.0,15.875],"rotation":{"origin":[-2.0,15.0,15.875],"x":0.0,"y":0.0,"z":0.0},"faces":{"north":{"uv":[8.5,3.5,9.75,5.25],"texture":"#1"},"east":{"uv":[0.0,0.0,0.0,1.75],"texture":"#1"},"south":{"uv":[4.0,8.5,5.25,10.25],"texture":"#1"},"west":{"uv":[0.0,0.0,0.0,1.75],"texture":"#1"},"up":{"uv":[1.25,0.0,0.0,0.0],"texture":"#1"},"down":{"uv":[1.25,0.0,0.0,0.0],"texture":"#1"}}},{"from":[-3.0,7.0,15.625],"to":[2.0,14.0,15.625],"rotation":{"origin":[2.0,12.0,15.625],"x":0.0,"y":0.0,"z":0.0},"faces":{"north":{"uv":[1.5,8.5,2.75,10.25],"texture":"#1"},"east":{"uv":[0.0,0.0,0.0,1.75],"texture":"#1"},"south":{"uv":[2.75,8.5,4.0,10.25],"texture":"#1"},"west":{"uv":[0.0,0.0,0.0,1.75],"texture":"#1"},"up":{"uv":[1.25,0.0,0.0,0.0],"texture":"#1"},"down":{"uv":[1.25,0.0,0.0,0.0],"texture":"#1"}}},{"from":[-10.5,11.0,15.625],"to":[-8.5,17.0,15.625],"rotation":{"origin":[-10.5,15.0,15.625],"x":0.0,"y":0.0,"z":0.0},"faces":{"north":{"uv":[5.25,10.0,5.75,11.5],"texture":"#1"},"east":{"uv":[0.0,0.0,0.0,1.5],"texture":"#1"},"south":{"uv":[10.0,9.75,10.5,11.25],"texture":"#1"},"west":{"uv":[0.0,0.0,0.0,1.5],"texture":"#1"},"up":{"uv":[0.5,0.0,0.0,0.0],"texture":"#1"},"down":{"uv":[0.5,0.0,0.0,0.0],"texture":"#1"}}},{"from":[7.5,10.5,15.625],"to":[9.5,16.5,15.625],"rotation":{"origin":[7.5,14.5,15.625],"x":0.0,"y":0.0,"z":0.0},"faces":{"north":{"uv":[9.75,3.5,10.25,5.0],"texture":"#1"},"east":{"uv":[0.0,0.0,0.0,1.5],"texture":"#1"},"south":{"uv":[9.75,8.25,10.25,9.75],"texture":"#1"},"west":{"uv":[0.0,0.0,0.0,1.5],"texture":"#1"},"up":{"uv":[0.5,0.0,0.0,0.0],"texture":"#1"},"down":{"uv":[0.5,0.0,0.0,0.0],"texture":"#1"}}},{"from":[9.0,8.5,15.375],"to":[11.0,14.5,15.375],"rotation":{"origin":[9.0,12.5,15.375],"x":0.0,"y":0.0,"z":0.0},"faces":{"north":{"uv":[8.0,8.75,8.5,10.25],"texture":"#1"},"east":{"uv":[0.0,0.0,0.0,1.5],"texture":"#1"},"south":{"uv":[9.25,8.25,9.75,9.75],"texture":"#1"},"west":{"uv":[0.0,0.0,0.0,1.5],"texture":"#1"},"up":{"uv":[0.5,0.0,0.0,0.0],"texture":"#1"},"down":{"uv":[0.5,0.0,0.0,0.0],"texture":"#1"}}},{"from":[3.25,5.0,15.625],"to":[10.25,10.0,15.625],"rotation":{"origin":[7.25,7.5,15.625],"x":0.0,"y":0.0,"z":0.0},"faces":{"north":{"uv":[8.5,5.25,10.25,6.5],"texture":"#1"},"east":{"uv":[0.0,0.0,0.0,1.25],"texture":"#1"},"south":{"uv":[8.5,6.5,10.25,7.75],"texture":"#1"},"west":{"uv":[0.0,0.0,0.0,1.25],"texture":"#1"},"up":{"uv":[1.75,0.0,0.0,0.0],"texture":"#1"},"down":{"uv":[1.75,0.0,0.0,0.0],"texture":"#1"}}},{"from":[-6.0,5.0,15.625],"to":[-4.0,9.0,15.625],"rotation":{"origin":[-4.0,8.0,15.625],"x":0.0,"y":0.0,"z":0.0},"faces":{"north":{"uv":[1.5,10.25,2.0,11.25],"texture":"#1"},"east":{"uv":[0.0,0.0,0.0,1.0],"texture":"#1"},"south":{"uv":[2.0,10.25,2.5,11.25],"texture":"#1"},"west":{"uv":[0.0,0.0,0.0,1.0],"texture":"#1"},"up":{"uv":[0.5,0.0,0.0,0.0],"texture":"#1"},"down":{"uv":[0.5,0.0,0.0,0.0],"texture":"#1"}}},{"from":[3.25,11.25,15.625],"to":[6.25,17.25,15.625],"rotation":{"origin":[4.25,15.25,15.625],"x":0.0,"y":0.0,"z":0.0},"faces":{"north":{"uv":[5.25,8.5,6.0,10.0],"texture":"#1"},"east":{"uv":[0.0,0.0,0.0,1.5],"texture":"#1"},"south":{"uv":[8.5,8.25,9.25,9.75],"texture":"#1"},"west":{"uv":[0.0,0.0,0.0,1.5],"texture":"#1"},"up":{"uv":[0.75,0.0,0.0,0.0],"texture":"#1"},"down":{"uv":[0.75,0.0,0.0,0.0],"texture":"#1"}}},{"from":[-11.0,5.0,15.625],"to":[-8.0,9.0,15.625],"rotation":{"origin":[-10.0,7.0,15.625],"x":0.0,"y":0.0,"z":0.0},"faces":{"north":{"uv":[8.5,9.75,9.25,10.75],"texture":"#1"},"east":{"uv":[0.0,0.0,0.0,1.0],"texture":"#1"},"south":{"uv":[9.25,9.75,10.0,10.75],"texture":"#1"},"west":{"uv":[0.0,0.0,0.0,1.0],"texture":"#1"},"up":{"uv":[0.75,0.0,0.0,0.0],"texture":"#1"},"down":{"uv":[0.75,0.0,0.0,0.0],"texture":"#1"}}}],"textures":{"1":"workshop_six:7336ece4-f996-4048-a38a-c3c969ad75fb","particle":"workshop_six:7336ece4-f996-4048-a38a-c3c969ad75fb"},"gui_light":"front"}