{"display":{"thirdperson_righthand":{"rotation":[49.0,0.0,0.0],"translation":[0.5,2.0,-1.75],"scale":[0.37,0.37,0.37]},"thirdperson_lefthand":{"rotation":[49.0,0.0,0.0],"translation":[-2.5,2.0,-1.75],"scale":[0.37,0.37,0.37]},"firstperson_righthand":{"translation":[0.0,4.75,1.5],"scale":[0.39,0.39,0.39]},"firstperson_lefthand":{"translation":[-1.5,4.75,1.5],"scale":[0.39,0.39,0.39]},"ground":{"translation":[2.5,2.25,-2.5],"scale":[0.4,0.4,0.4]},"gui":{"rotation":[31.0,180.0,0.0],"translation":[-5.75,-4.0,0.0]},"fixed":{"rotation":[-90.0,0.0,0.0],"translation":[0.0,0.0,-16.0],"scale":[2.0,2.0,2.0]}},"elements":[{"from":[-5.0,6.0,11.0],"to":[4.0,8.0,20.0],"faces":{"north":{"uv":[4.5,5.0,9.0,6.0],"texture":"#2"},"east":{"uv":[4.5,6.0,9.0,7.0],"texture":"#2"},"south":{"uv":[4.5,7.0,9.0,8.0],"texture":"#2"},"west":{"uv":[8.0,0.0,12.5,1.0],"texture":"#2"},"up":{"uv":[4.5,4.5,0.0,0.0],"texture":"#2"},"down":{"uv":[4.5,4.5,0.0,9.0],"texture":"#2"}}},{"from":[2.0,3.0,11.0],"to":[9.0,4.0,16.0],"faces":{"north":{"uv":[8.0,4.0,11.5,4.5],"texture":"#2"},"east":{"uv":[4.5,8.5,7.0,9.0],"texture":"#2"},"south":{"uv":[4.5,8.0,8.0,8.5],"texture":"#2"},"west":{"uv":[7.0,8.5,9.5,9.0],"texture":"#2"},"up":{"uv":[8.0,2.5,4.5,0.0],"texture":"#2"},"down":{"uv":[8.0,2.5,4.5,5.0],"texture":"#2"}}},{"from":[4.0,10.0,13.0],"to":[9.0,11.0,16.0],"faces":{"north":{"uv":[8.0,4.5,10.5,5.0],"texture":"#2"},"east":{"uv":[0.0,9.0,1.5,9.5],"texture":"#2"},"south":{"uv":[8.0,8.0,10.5,8.5],"texture":"#2"},"west":{"uv":[1.5,9.0,3.0,9.5],"texture":"#2"},"up":{"uv":[10.5,2.5,8.0,1.0],"texture":"#2"},"down":{"uv":[10.5,2.5,8.0,4.0],"texture":"#2"}}},{"from":[-4.0,4.0,18.0],"to":[0.0,5.0,24.0],"faces":{"north":{"uv":[4.5,8.5,7.0,9.0],"texture":"#2"},"east":{"uv":[4.5,8.0,8.0,8.5],"texture":"#2"},"south":{"uv":[7.0,8.5,9.5,9.0],"texture":"#2"},"west":{"uv":[8.0,4.0,11.5,4.5],"texture":"#2"},"up":{"uv":[8.0,2.5,4.5,0.0],"texture":"#2","rotation":270},"down":{"uv":[8.0,2.5,4.5,5.0],"texture":"#2","rotation":90}}},{"from":[-3.0,9.0,21.0],"to":[0.0,10.0,26.0],"rotation":{"origin":[-6.5,10.5,14.5],"x":0.0,"y":0.0,"z":0.0},"faces":{"north":{"uv":[0.0,9.0,1.5,9.5],"texture":"#2"},"east":{"uv":[8.0,8.0,10.5,8.5],"texture":"#2"},"south":{"uv":[1.5,9.0,3.0,9.5],"texture":"#2"},"west":{"uv":[8.0,4.5,10.5,5.0],"texture":"#2"},"up":{"uv":[10.5,2.5,8.0,1.0],"texture":"#2","rotation":270},"down":{"uv":[10.5,2.5,8.0,4.0],"texture":"#2","rotation":90}}}],"textures":{"2":"workshop_six:2b8fd63c-d219-4dfa-b05d-2d5eef4a6e68","particle":"workshop_six:2b8fd63c-d219-4dfa-b05d-2d5eef4a6e68"},"gui_light":"front"}