{"display":{"thirdperson_righthand":{"rotation":[49.0,0.0,0.0],"translation":[-1.0,0.75,0.5],"scale":[0.27,0.27,0.27]},"thirdperson_lefthand":{"rotation":[49.0,0.0,0.0],"translation":[-1.0,0.75,0.5],"scale":[0.27,0.27,0.27]},"firstperson_righthand":{"translation":[0.0,4.75,1.5],"scale":[0.39,0.39,0.39]},"firstperson_lefthand":{"translation":[0.0,4.75,1.5],"scale":[0.39,0.39,0.39]},"ground":{"translation":[0.0,2.25,0.0],"scale":[0.4,0.4,0.4]},"gui":{"rotation":[11.75,180.0,0.0],"translation":[0.0,5.5,0.0],"scale":[1.22,1.22,1.22]},"head":{"scale":[0.0,0.0,0.0]},"fixed":{"rotation":[-90.0,0.0,0.0],"translation":[0.0,0.0,-16.0],"scale":[2.0,2.0,2.0]}},"elements":[{"from":[3.0,2.0,5.0],"to":[12.0,3.0,11.0],"rotation":{"origin":[7.5,1.5,6.75],"x":0.0,"y":22.5,"z":0.0},"faces":{"north":{"uv":[8.0,6.0,12.5,6.5],"texture":"#2"},"east":{"uv":[9.0,1.0,12.0,1.5],"texture":"#2"},"south":{"uv":[8.0,6.5,12.5,7.0],"texture":"#2"},"west":{"uv":[9.0,1.5,12.0,2.0],"texture":"#2"},"up":{"uv":[4.5,3.0,0.0,0.0],"texture":"#2"},"down":{"uv":[4.5,3.0,0.0,6.0],"texture":"#2"}}},{"from":[3.0,0.0,5.0],"to":[12.0,1.0,11.0],"rotation":{"origin":[7.5,1.5,6.75],"x":0.0,"y":22.5,"z":0.0},"faces":{"north":{"uv":[8.0,7.0,12.5,7.5],"texture":"#2"},"east":{"uv":[9.0,2.0,12.0,2.5],"texture":"#2"},"south":{"uv":[8.0,7.5,12.5,8.0],"texture":"#2"},"west":{"uv":[9.0,2.5,12.0,3.0],"texture":"#2"},"up":{"uv":[9.0,3.0,4.5,0.0],"texture":"#2"},"down":{"uv":[9.0,3.0,4.5,6.0],"texture":"#2"}}},{"from":[3.0,1.0,5.0],"to":[12.0,2.0,6.0],"rotation":{"origin":[7.5,1.5,6.75],"x":0.0,"y":22.5,"z":0.0},"faces":{"north":{"uv":[8.0,8.0,12.5,8.5],"texture":"#2"},"east":{"uv":[9.0,4.0,9.5,4.5],"texture":"#2"},"south":{"uv":[0.0,8.5,4.5,9.0],"texture":"#2"},"west":{"uv":[4.5,9.0,5.0,9.5],"texture":"#2"},"up":{"uv":[9.0,9.0,4.5,8.5],"texture":"#2"},"down":{"uv":[4.5,9.0,0.0,9.5],"texture":"#2"}}},{"from":[3.5,1.0,5.5],"to":[11.5,2.0,10.5],"rotation":{"origin":[7.5,1.5,6.75],"x":0.0,"y":22.5,"z":0.0},"faces":{"north":{"uv":[9.0,0.0,13.0,0.5],"texture":"#2"},"east":{"uv":[9.0,3.0,11.5,3.5],"texture":"#2"},"south":{"uv":[9.0,0.5,13.0,1.0],"texture":"#2"},"west":{"uv":[9.0,3.5,11.5,4.0],"texture":"#2"},"up":{"uv":[4.0,8.5,0.0,6.0],"texture":"#2"},"down":{"uv":[8.0,6.0,4.0,8.5],"texture":"#2"}}},{"from":[3.0,5.0,5.0],"to":[12.0,6.0,11.0],"rotation":{"origin":[7.5,4.5,6.75],"x":0.0,"y":0.0,"z":0.0},"faces":{"north":{"uv":[8.0,6.0,12.5,6.5],"texture":"#3"},"east":{"uv":[9.0,1.0,12.0,1.5],"texture":"#3"},"south":{"uv":[8.0,6.5,12.5,7.0],"texture":"#3"},"west":{"uv":[9.0,1.5,12.0,2.0],"texture":"#3"},"up":{"uv":[4.5,3.0,0.0,0.0],"texture":"#3"},"down":{"uv":[4.5,3.0,0.0,6.0],"texture":"#3"}}},{"from":[3.0,3.0,5.0],"to":[12.0,4.0,11.0],"rotation":{"origin":[7.5,4.5,6.75],"x":0.0,"y":0.0,"z":0.0},"faces":{"north":{"uv":[8.0,7.0,12.5,7.5],"texture":"#3"},"east":{"uv":[9.0,2.0,12.0,2.5],"texture":"#3"},"south":{"uv":[8.0,7.5,12.5,8.0],"texture":"#3"},"west":{"uv":[9.0,2.5,12.0,3.0],"texture":"#3"},"up":{"uv":[9.0,3.0,4.5,0.0],"texture":"#3"},"down":{"uv":[9.0,3.0,4.5,6.0],"texture":"#3"}}},{"from":[3.0,4.0,5.0],"to":[12.0,5.0,6.0],"rotation":{"origin":[7.5,4.5,6.75],"x":0.0,"y":0.0,"z":0.0},"faces":{"north":{"uv":[8.0,8.0,12.5,8.5],"texture":"#3"},"east":{"uv":[9.0,4.0,9.5,4.5],"texture":"#3"},"south":{"uv":[0.0,8.5,4.5,9.0],"texture":"#3"},"west":{"uv":[4.5,9.0,5.0,9.5],"texture":"#3"},"up":{"uv":[9.0,9.0,4.5,8.5],"texture":"#3"},"down":{"uv":[4.5,9.0,0.0,9.5],"texture":"#3"}}},{"from":[3.5,4.0,5.5],"to":[11.5,5.0,10.5],"rotation":{"origin":[7.5,4.5,6.75],"x":0.0,"y":0.0,"z":0.0},"faces":{"north":{"uv":[9.0,0.0,13.0,0.5],"texture":"#3"},"east":{"uv":[9.0,3.0,11.5,3.5],"texture":"#3"},"south":{"uv":[9.0,0.5,13.0,1.0],"texture":"#3"},"west":{"uv":[9.0,3.5,11.5,4.0],"texture":"#3"},"up":{"uv":[4.0,8.5,0.0,6.0],"texture":"#3"},"down":{"uv":[8.0,6.0,4.0,8.5],"texture":"#3"}}}],"textures":{"2":"workshop_six:109c93ca-46d3-4751-8b08-31c8a8aecac6","3":"workshop_six:0a73ed29-df69-47f7-a5ce-c43a65f83ebe","particle":"workshop_six:109c93ca-46d3-4751-8b08-31c8a8aecac6"},"gui_light":"front"}