{"display":{"thirdperson_righthand":{"rotation":[49.0,0.0,0.0],"translation":[-1.0,0.0,-0.5],"scale":[0.27,0.27,0.27]},"thirdperson_lefthand":{"rotation":[49.0,0.0,0.0],"translation":[-1.0,0.0,-0.5],"scale":[0.27,0.27,0.27]},"firstperson_righthand":{"translation":[0.0,4.75,1.5],"scale":[0.39,0.39,0.39]},"firstperson_lefthand":{"translation":[0.0,4.75,1.5],"scale":[0.39,0.39,0.39]},"ground":{"translation":[0.0,2.25,0.0],"scale":[0.4,0.4,0.4]},"gui":{"rotation":[11.75,0.0,0.0],"translation":[0.75,2.75,0.0],"scale":[1.19,1.19,1.19]},"head":{"scale":[0.0,0.0,0.0]},"fixed":{"rotation":[-90.0,0.0,0.0],"translation":[0.0,0.0,-16.0],"scale":[2.0,2.0,2.0]}},"elements":[{"from":[7.0,0.0,8.0],"to":[8.0,8.0,9.0],"rotation":{"origin":[7.24938,6.25,8.44632],"x":0.0,"y":0.0,"z":0.0},"faces":{"north":{"uv":[4.5,0.0,5.0,4.0],"texture":"#1"},"east":{"uv":[1.5,4.5,2.0,8.5],"texture":"#1"},"south":{"uv":[2.0,4.5,2.5,8.5],"texture":"#1"},"west":{"uv":[2.5,4.5,3.0,8.5],"texture":"#1"},"up":{"uv":[5.0,4.5,4.5,4.0],"texture":"#1"},"down":{"uv":[7.0,9.0,6.5,9.5],"texture":"#1"}}},{"from":[6.0,8.0,7.0],"to":[9.0,9.0,10.0],"rotation":{"origin":[7.24938,6.25,8.44632],"x":0.0,"y":0.0,"z":0.0},"faces":{"north":{"uv":[5.0,6.0,6.5,6.5],"texture":"#1"},"east":{"uv":[6.0,5.0,7.5,5.5],"texture":"#1"},"south":{"uv":[6.0,5.5,7.5,6.0],"texture":"#1"},"west":{"uv":[5.0,6.5,6.5,7.0],"texture":"#1"},"up":{"uv":[1.5,1.5,0.0,0.0],"texture":"#1"},"down":{"uv":[1.5,1.5,0.0,3.0],"texture":"#1"}}},{"from":[6.5,9.0,7.5],"to":[8.5,11.0,9.5],"rotation":{"origin":[7.24938,6.25,8.44632],"x":0.0,"y":0.0,"z":0.0},"faces":{"north":{"uv":[3.0,4.5,4.0,5.5],"texture":"#1"},"east":{"uv":[4.0,4.5,5.0,5.5],"texture":"#1"},"south":{"uv":[5.0,0.0,6.0,1.0],"texture":"#1"},"west":{"uv":[5.0,1.0,6.0,2.0],"texture":"#1"},"up":{"uv":[6.0,3.0,5.0,2.0],"texture":"#1"},"down":{"uv":[6.0,3.0,5.0,4.0],"texture":"#1"}}},{"from":[4.0,3.0,8.0],"to":[5.0,5.0,9.0],"rotation":{"origin":[7.24938,6.25,8.44632],"x":0.0,"y":0.0,"z":0.0},"faces":{"north":{"uv":[1.0,6.0,1.5,7.0],"texture":"#1"},"east":{"uv":[6.5,8.0,7.0,9.0],"texture":"#1"},"south":{"uv":[7.0,8.0,7.5,9.0],"texture":"#1"},"west":{"uv":[7.5,8.0,8.0,9.0],"texture":"#1"},"up":{"uv":[7.5,9.5,7.0,9.0],"texture":"#1"},"down":{"uv":[8.0,9.0,7.5,9.5],"texture":"#1"}}},{"from":[5.0,3.0,8.0],"to":[7.0,4.0,9.0],"rotation":{"origin":[7.24938,6.25,8.44632],"x":0.0,"y":0.0,"z":0.0},"faces":{"north":{"uv":[8.0,3.5,9.0,4.0],"texture":"#1"},"east":{"uv":[9.0,7.5,9.5,8.0],"texture":"#1"},"south":{"uv":[8.0,7.5,9.0,8.0],"texture":"#1"},"west":{"uv":[8.0,9.0,8.5,9.5],"texture":"#1"},"up":{"uv":[9.0,8.5,8.0,8.0],"texture":"#1"},"down":{"uv":[1.0,8.5,0.0,9.0],"texture":"#1"}}},{"from":[3.5,6.0,7.5],"to":[5.5,7.0,9.5],"rotation":{"origin":[7.24938,6.25,8.44632],"x":0.0,"y":0.0,"z":0.0},"faces":{"north":{"uv":[8.5,0.0,9.5,0.5],"texture":"#1"},"east":{"uv":[8.5,0.5,9.5,1.0],"texture":"#1"},"south":{"uv":[1.0,8.5,2.0,9.0],"texture":"#1"},"west":{"uv":[8.5,1.0,9.5,1.5],"texture":"#1"},"up":{"uv":[6.0,5.0,5.0,4.0],"texture":"#1"},"down":{"uv":[6.0,5.0,5.0,6.0],"texture":"#1"}}},{"from":[3.0,5.0,7.0],"to":[6.0,6.0,10.0],"rotation":{"origin":[7.24938,6.25,8.44632],"x":0.0,"y":0.0,"z":0.0},"faces":{"north":{"uv":[6.5,6.0,8.0,6.5],"texture":"#1"},"east":{"uv":[6.5,6.5,8.0,7.0],"texture":"#1"},"south":{"uv":[0.0,7.0,1.5,7.5],"texture":"#1"},"west":{"uv":[7.0,0.0,8.5,0.5],"texture":"#1"},"up":{"uv":[3.0,1.5,1.5,0.0],"texture":"#1"},"down":{"uv":[3.0,1.5,1.5,3.0],"texture":"#1"}}},{"from":[8.38099,0.0,7.93972],"to":[9.38099,4.0,8.93972],"rotation":{"origin":[7.24938,6.25,8.44632],"x":0.0,"y":-22.5,"z":0.0},"faces":{"north":{"uv":[3.0,5.5,3.5,7.5],"texture":"#1"},"east":{"uv":[3.5,5.5,4.0,7.5],"texture":"#1"},"south":{"uv":[4.0,5.5,4.5,7.5],"texture":"#1"},"west":{"uv":[4.5,5.5,5.0,7.5],"texture":"#1"},"up":{"uv":[9.5,8.5,9.0,8.0],"texture":"#1"},"down":{"uv":[9.0,9.0,8.5,9.5],"texture":"#1"}}},{"from":[9.38099,6.0,6.93972],"to":[12.38099,7.0,9.93972],"rotation":{"origin":[7.24938,6.25,8.44632],"x":0.0,"y":-22.5,"z":0.0},"faces":{"north":{"uv":[7.0,0.5,8.5,1.0],"texture":"#1"},"east":{"uv":[7.0,1.0,8.5,1.5],"texture":"#1"},"south":{"uv":[7.0,1.5,8.5,2.0],"texture":"#1"},"west":{"uv":[7.0,2.0,8.5,2.5],"texture":"#1"},"up":{"uv":[1.5,4.5,0.0,3.0],"texture":"#1"},"down":{"uv":[4.5,0.0,3.0,1.5],"texture":"#1"}}},{"from":[9.88099,7.0,7.43972],"to":[11.88099,8.0,9.43972],"rotation":{"origin":[7.24938,6.25,8.44632],"x":0.0,"y":-22.5,"z":0.0},"faces":{"north":{"uv":[8.5,1.5,9.5,2.0],"texture":"#1"},"east":{"uv":[2.0,8.5,3.0,9.0],"texture":"#1"},"south":{"uv":[8.5,2.0,9.5,2.5],"texture":"#1"},"west":{"uv":[8.5,4.0,9.5,4.5],"texture":"#1"},"up":{"uv":[1.0,7.0,0.0,6.0],"texture":"#1"},"down":{"uv":[7.0,0.0,6.0,1.0],"texture":"#1"}}},{"from":[10.38099,3.0,7.93972],"to":[11.38099,6.0,8.93972],"rotation":{"origin":[7.24938,6.25,8.44632],"x":0.0,"y":-22.5,"z":0.0},"faces":{"north":{"uv":[7.0,2.5,7.5,4.0],"texture":"#1"},"east":{"uv":[5.0,7.0,5.5,8.5],"texture":"#1"},"south":{"uv":[5.5,7.0,6.0,8.5],"texture":"#1"},"west":{"uv":[6.0,7.0,6.5,8.5],"texture":"#1"},"up":{"uv":[9.5,9.0,9.0,8.5],"texture":"#1"},"down":{"uv":[9.5,9.0,9.0,9.5],"texture":"#1"}}},{"from":[9.38099,3.0,7.93972],"to":[10.38099,4.0,8.93972],"rotation":{"origin":[7.24938,6.25,8.44632],"x":0.0,"y":-22.5,"z":0.0},"faces":{"north":{"uv":[0.0,9.5,0.5,10.0],"texture":"#1"},"east":{"uv":[9.5,0.0,10.0,0.5],"texture":"#1"},"south":{"uv":[0.5,9.5,1.0,10.0],"texture":"#1"},"west":{"uv":[9.5,0.5,10.0,1.0],"texture":"#1"},"up":{"uv":[1.5,10.0,1.0,9.5],"texture":"#1"},"down":{"uv":[10.0,1.0,9.5,1.5],"texture":"#1"}}},{"from":[6.88099,2.0,5.18972],"to":[7.88099,3.0,6.18972],"rotation":{"origin":[7.24938,6.25,8.44632],"x":0.0,"y":-22.5,"z":0.0},"faces":{"north":{"uv":[1.5,9.5,2.0,10.0],"texture":"#1"},"east":{"uv":[9.5,1.5,10.0,2.0],"texture":"#1"},"south":{"uv":[2.0,9.5,2.5,10.0],"texture":"#1"},"west":{"uv":[9.5,2.0,10.0,2.5],"texture":"#1"},"up":{"uv":[3.0,10.0,2.5,9.5],"texture":"#1"},"down":{"uv":[10.0,2.5,9.5,3.0],"texture":"#1"}}},{"from":[6.88099,2.0,4.18972],"to":[7.88099,4.0,5.18972],"rotation":{"origin":[7.24938,6.25,8.44632],"x":0.0,"y":-22.5,"z":0.0},"faces":{"north":{"uv":[5.0,8.5,5.5,9.5],"texture":"#1"},"east":{"uv":[5.5,8.5,6.0,9.5],"texture":"#1"},"south":{"uv":[6.0,8.5,6.5,9.5],"texture":"#1"},"west":{"uv":[8.5,6.0,9.0,7.0],"texture":"#1"},"up":{"uv":[3.5,10.0,3.0,9.5],"texture":"#1"},"down":{"uv":[10.0,3.0,9.5,3.5],"texture":"#1"}}},{"from":[6.38099,5.0,3.68972],"to":[8.38099,6.0,5.68972],"rotation":{"origin":[7.24938,6.25,8.44632],"x":0.0,"y":-22.5,"z":0.0},"faces":{"north":{"uv":[8.5,4.5,9.5,5.0],"texture":"#1"},"east":{"uv":[8.5,7.0,9.5,7.5],"texture":"#1"},"south":{"uv":[8.0,8.5,9.0,9.0],"texture":"#1"},"west":{"uv":[0.0,9.0,1.0,9.5],"texture":"#1"},"up":{"uv":[7.0,2.0,6.0,1.0],"texture":"#1"},"down":{"uv":[7.0,2.0,6.0,3.0],"texture":"#1"}}},{"from":[5.88099,4.0,3.18972],"to":[8.88099,5.0,6.18972],"rotation":{"origin":[7.24938,6.25,8.44632],"x":0.0,"y":-22.5,"z":0.0},"faces":{"north":{"uv":[7.0,4.0,8.5,4.5],"texture":"#1"},"east":{"uv":[7.0,4.5,8.5,5.0],"texture":"#1"},"south":{"uv":[6.5,7.0,8.0,7.5],"texture":"#1"},"west":{"uv":[0.0,7.5,1.5,8.0],"texture":"#1"},"up":{"uv":[3.0,4.5,1.5,3.0],"texture":"#1"},"down":{"uv":[4.5,1.5,3.0,3.0],"texture":"#1"}}},{"from":[6.88099,0.0,6.18972],"to":[7.88099,3.0,7.18972],"rotation":{"origin":[7.24938,6.25,8.44632],"x":0.0,"y":-22.5,"z":0.0},"faces":{"north":{"uv":[7.5,2.5,8.0,4.0],"texture":"#1"},"east":{"uv":[3.0,7.5,3.5,9.0],"texture":"#1"},"south":{"uv":[3.5,7.5,4.0,9.0],"texture":"#1"},"west":{"uv":[4.0,7.5,4.5,9.0],"texture":"#1"},"up":{"uv":[4.0,10.0,3.5,9.5],"texture":"#1"},"down":{"uv":[10.0,4.0,9.5,4.5],"texture":"#1"}}},{"from":[7.22806,3.0,10.02071],"to":[10.22806,4.0,13.02071],"rotation":{"origin":[7.24938,6.25,8.44632],"x":0.0,"y":-45.0,"z":0.0},"faces":{"north":{"uv":[7.5,5.0,9.0,5.5],"texture":"#1"},"east":{"uv":[7.5,5.5,9.0,6.0],"texture":"#1"},"south":{"uv":[6.5,7.5,8.0,8.0],"texture":"#1"},"west":{"uv":[0.0,8.0,1.5,8.5],"texture":"#1"},"up":{"uv":[4.5,4.5,3.0,3.0],"texture":"#1"},"down":{"uv":[1.5,4.5,0.0,6.0],"texture":"#1"}}},{"from":[7.72806,4.0,10.52071],"to":[9.72806,5.0,12.52071],"rotation":{"origin":[7.24938,6.25,8.44632],"x":0.0,"y":-45.0,"z":0.0},"faces":{"north":{"uv":[1.0,9.0,2.0,9.5],"texture":"#1"},"east":{"uv":[2.0,9.0,3.0,9.5],"texture":"#1"},"south":{"uv":[3.0,9.0,4.0,9.5],"texture":"#1"},"west":{"uv":[9.0,3.5,10.0,4.0],"texture":"#1"},"up":{"uv":[7.0,4.0,6.0,3.0],"texture":"#1"},"down":{"uv":[7.0,4.0,6.0,5.0],"texture":"#1"}}},{"from":[8.22806,1.0,8.02071],"to":[9.22806,2.0,11.02071],"rotation":{"origin":[7.24938,6.25,8.44632],"x":0.0,"y":-45.0,"z":0.0},"faces":{"north":{"uv":[9.5,4.5,10.0,5.0],"texture":"#1"},"east":{"uv":[8.0,2.5,9.5,3.0],"texture":"#1"},"south":{"uv":[5.0,9.5,5.5,10.0],"texture":"#1"},"west":{"uv":[8.0,3.0,9.5,3.5],"texture":"#1"},"up":{"uv":[5.0,9.0,4.5,7.5],"texture":"#1"},"down":{"uv":[8.5,6.0,8.0,7.5],"texture":"#1"}}},{"from":[8.22806,1.0,11.02071],"to":[9.22806,3.0,12.02071],"rotation":{"origin":[7.24938,6.25,8.44632],"x":0.0,"y":-45.0,"z":0.0},"faces":{"north":{"uv":[4.0,9.0,4.5,10.0],"texture":"#1"},"east":{"uv":[4.5,9.0,5.0,10.0],"texture":"#1"},"south":{"uv":[9.0,5.0,9.5,6.0],"texture":"#1"},"west":{"uv":[9.0,6.0,9.5,7.0],"texture":"#1"},"up":{"uv":[10.0,5.5,9.5,5.0],"texture":"#1"},"down":{"uv":[6.0,9.5,5.5,10.0],"texture":"#1"}}}],"textures":{"1":"workshop_six:b6e9dcc4-7dbb-4bdd-9097-890e9a4c833c","particle":"workshop_six:b6e9dcc4-7dbb-4bdd-9097-890e9a4c833c"},"gui_light":"front"}