{"display":{"thirdperson_righthand":{"rotation":[49.0,0.0,0.0],"translation":[-1.0,1.25,0.75],"scale":[0.27,0.27,0.27]},"thirdperson_lefthand":{"rotation":[49.0,0.0,0.0],"translation":[-1.0,1.25,0.75],"scale":[0.27,0.27,0.27]},"firstperson_righthand":{"translation":[0.0,4.75,1.5],"scale":[0.39,0.39,0.39]},"firstperson_lefthand":{"translation":[0.0,4.75,1.5],"scale":[0.39,0.39,0.39]},"ground":{"translation":[0.0,2.25,0.0],"scale":[0.4,0.4,0.4]},"gui":{"rotation":[11.75,0.0,0.0],"translation":[2.0,8.25,0.0],"scale":[1.43,1.43,1.43]},"head":{"scale":[0.0,0.0,0.0]},"fixed":{"rotation":[-90.0,0.0,0.0],"translation":[0.0,0.0,-16.0],"scale":[2.0,2.0,2.0]}},"elements":[{"from":[5.5465,0.0,3.29237],"to":[8.5465,1.0,6.29237],"rotation":{"origin":[6.28113,1.0,6.64013],"x":0.0,"y":-22.5,"z":0.0},"faces":{"north":{"uv":[10.5,10.5,12.0,11.0],"texture":"#0"},"east":{"uv":[4.5,11.0,6.0,11.5],"texture":"#0"},"south":{"uv":[7.5,11.0,9.0,11.5],"texture":"#0"},"west":{"uv":[10.5,11.0,12.0,11.5],"texture":"#0"},"up":{"uv":[10.5,11.5,9.0,10.0],"texture":"#0"},"down":{"uv":[1.5,10.5,0.0,12.0],"texture":"#0"}}},{"from":[4.78113,0.0,7.14013],"to":[7.78113,1.0,10.14013],"rotation":{"origin":[6.28113,1.0,6.64013],"x":0.0,"y":-45.0,"z":0.0},"faces":{"north":{"uv":[10.5,10.5,12.0,11.0],"texture":"#0"},"east":{"uv":[4.5,11.0,6.0,11.5],"texture":"#0"},"south":{"uv":[7.5,11.0,9.0,11.5],"texture":"#0"},"west":{"uv":[10.5,11.0,12.0,11.5],"texture":"#0"},"up":{"uv":[10.5,11.5,9.0,10.0],"texture":"#0"},"down":{"uv":[1.5,10.5,0.0,12.0],"texture":"#0"}}},{"from":[6.78113,0.0,8.64013],"to":[9.78113,1.0,11.64013],"rotation":{"origin":[8.28113,1.0,8.14013],"x":0.0,"y":22.5,"z":0.0},"faces":{"north":{"uv":[10.5,10.5,12.0,11.0],"texture":"#0"},"east":{"uv":[4.5,11.0,6.0,11.5],"texture":"#0"},"south":{"uv":[7.5,11.0,9.0,11.5],"texture":"#0"},"west":{"uv":[10.5,11.0,12.0,11.5],"texture":"#0"},"up":{"uv":[10.5,11.5,9.0,10.0],"texture":"#0"},"down":{"uv":[1.5,10.5,0.0,12.0],"texture":"#0"}}},{"from":[4.78113,1.0,5.14013],"to":[7.78113,2.0,8.14013],"rotation":{"origin":[6.28113,1.0,6.64013],"x":0.0,"y":0.0,"z":0.0},"faces":{"north":{"uv":[10.5,10.5,12.0,11.0],"texture":"#0"},"east":{"uv":[4.5,11.0,6.0,11.5],"texture":"#0"},"south":{"uv":[7.5,11.0,9.0,11.5],"texture":"#0"},"west":{"uv":[10.5,11.0,12.0,11.5],"texture":"#0"},"up":{"uv":[10.5,11.5,9.0,10.0],"texture":"#0"},"down":{"uv":[1.5,10.5,0.0,12.0],"texture":"#0"}}}],"textures":{"0":"workshop_six:6b0d8f34-8392-458e-b7e6-e33a67b0702c","particle":"workshop_six:6b0d8f34-8392-458e-b7e6-e33a67b0702c"},"gui_light":"front"}