{"display":{"thirdperson_righthand":{"rotation":[49.0,0.0,0.0],"translation":[-0.25,0.75,-0.5],"scale":[0.27,0.27,0.27]},"thirdperson_lefthand":{"rotation":[49.0,0.0,0.0],"translation":[-0.25,0.75,-0.5],"scale":[0.27,0.27,0.27]},"firstperson_righthand":{"rotation":[0.0,101.0,0.0],"translation":[-0.5,4.75,2.75],"scale":[0.22,0.22,0.22]},"firstperson_lefthand":{"rotation":[0.0,101.0,0.0],"translation":[-0.5,4.75,2.75],"scale":[0.22,0.22,0.22]},"ground":{"translation":[0.0,2.25,0.0],"scale":[0.4,0.4,0.4]},"gui":{"rotation":[11.75,180.0,0.0],"translation":[0.0,0.25,0.0],"scale":[0.32,0.32,0.32]},"head":{"scale":[0.0,0.0,0.0]},"fixed":{"rotation":[-90.0,0.0,0.0],"translation":[0.0,0.0,-16.0],"scale":[2.0,2.0,2.0]}},"elements":[{"from":[29.0,0.0,0.0],"to":[31.0,10.0,2.0],"rotation":{"origin":[29.0,0.0,0.0],"x":0.0,"y":0.0,"z":0.0},"faces":{"north":{"uv":[4.25,8.75,4.5,10.0],"texture":"#1"},"east":{"uv":[4.5,8.75,4.75,10.0],"texture":"#1"},"south":{"uv":[4.75,8.75,5.0,10.0],"texture":"#1"},"west":{"uv":[5.0,8.75,5.25,10.0],"texture":"#1"},"up":{"uv":[5.25,7.0,5.0,6.75],"texture":"#1"},"down":{"uv":[8.5,9.25,8.25,9.5],"texture":"#1"}}},{"from":[29.0,0.0,14.0],"to":[31.0,10.0,16.0],"rotation":{"origin":[29.0,0.0,14.0],"x":0.0,"y":0.0,"z":0.0},"faces":{"north":{"uv":[5.25,8.75,5.5,10.0],"texture":"#1"},"east":{"uv":[2.0,9.0,2.25,10.25],"texture":"#1"},"south":{"uv":[2.25,9.0,2.5,10.25],"texture":"#1"},"west":{"uv":[2.5,9.0,2.75,10.25],"texture":"#1"},"up":{"uv":[8.75,9.5,8.5,9.25],"texture":"#1"},"down":{"uv":[9.5,8.5,9.25,8.75],"texture":"#1"}}},{"from":[29.5,2.0,2.0],"to":[30.5,10.0,14.0],"rotation":{"origin":[28.5,0.0,12.0],"x":0.0,"y":0.0,"z":0.0},"faces":{"north":{"uv":[7.75,9.0,7.875,10.0],"texture":"#1"},"east":{"uv":[0.0,6.75,1.5,7.75],"texture":"#1"},"south":{"uv":[7.875,9.0,8.0,10.0],"texture":"#1"},"west":{"uv":[1.5,6.75,3.0,7.75],"texture":"#1"},"up":{"uv":[7.125,10.5,7.0,9.0],"texture":"#1"},"down":{"uv":[7.25,9.0,7.125,10.5],"texture":"#1"}}},{"from":[-13.5,4.0,0.425],"to":[29.5,8.0,14.425],"rotation":{"origin":[12.5,0.0,11.425],"x":0.0,"y":0.0,"z":0.0},"faces":{"north":{"uv":[5.5,3.25,10.875,3.75],"texture":"#1","tintindex":0},"east":{"uv":[2.0,8.25,3.75,8.75],"texture":"#1","tintindex":0},"south":{"uv":[5.375,5.5,10.75,6.0],"texture":"#1","tintindex":0},"west":{"uv":[3.75,8.25,5.5,8.75],"texture":"#1","tintindex":0},"up":{"uv":[5.375,5.5,0.0,3.75],"texture":"#1","tintindex":0},"down":{"uv":[10.75,3.75,5.375,5.5],"texture":"#1","tintindex":0}}},{"from":[-13.5,8.0,9.75],"to":[29.5,18.0,13.75],"rotation":{"origin":[12.5,8.0,10.75],"x":22.5,"y":0.0,"z":0.0},"faces":{"north":{"uv":[0.0,5.5,5.375,6.75],"texture":"#1","tintindex":0},"east":{"uv":[5.5,8.5,6.0,9.75],"texture":"#1","tintindex":0},"south":{"uv":[5.5,0.0,10.875,1.25],"texture":"#1","tintindex":0},"west":{"uv":[6.0,8.5,6.5,9.75],"texture":"#1","tintindex":0},"up":{"uv":[10.75,6.5,5.375,6.0],"texture":"#1","tintindex":0},"down":{"uv":[10.75,6.5,5.375,7.0],"texture":"#1","tintindex":0}}},{"from":[-13.0,2.0,14.5],"to":[29.0,10.0,15.5],"rotation":{"origin":[12.0,0.0,15.0],"x":0.0,"y":0.0,"z":0.0},"faces":{"north":{"uv":[5.5,1.25,10.75,2.25],"texture":"#1"},"east":{"uv":[7.5,9.0,7.625,10.0],"texture":"#1"},"south":{"uv":[5.5,2.25,10.75,3.25],"texture":"#1"},"west":{"uv":[7.625,9.0,7.75,10.0],"texture":"#1"},"up":{"uv":[10.75,8.375,5.5,8.25],"texture":"#1"},"down":{"uv":[10.75,8.375,5.5,8.5],"texture":"#1"}}},{"from":[-12.0,10.0,15.0],"to":[28.0,12.0,17.0],"rotation":{"origin":[12.0,0.0,15.0],"x":0.0,"y":0.0,"z":0.0},"faces":{"north":{"uv":[6.0,7.5,11.0,7.75],"texture":"#1"},"east":{"uv":[8.25,9.5,8.5,9.75],"texture":"#1"},"south":{"uv":[6.0,7.75,11.0,8.0],"texture":"#1"},"west":{"uv":[8.5,9.5,8.75,9.75],"texture":"#1"},"up":{"uv":[5.0,8.25,0.0,8.0],"texture":"#1"},"down":{"uv":[10.0,8.0,5.0,8.25],"texture":"#1"}}},{"from":[-14.0,2.0,0.175],"to":[30.0,4.0,15.175],"rotation":{"origin":[12.0,2.0,14.175],"x":0.0,"y":0.0,"z":0.0},"faces":{"north":{"uv":[6.0,7.0,11.5,7.25],"texture":"#1"},"east":{"uv":[6.5,8.75,8.375,9.0],"texture":"#1"},"south":{"uv":[6.0,7.25,11.5,7.5],"texture":"#1"},"west":{"uv":[8.375,8.75,10.25,9.0],"texture":"#1"},"up":{"uv":[5.5,1.875,0.0,0.0],"texture":"#1"},"down":{"uv":[5.5,1.875,0.0,3.75],"texture":"#1"}}},{"from":[28.0,10.0,-0.975],"to":[32.0,12.0,17.025],"rotation":{"origin":[29.0,10.0,14.025],"x":0.0,"y":0.0,"z":0.0},"faces":{"north":{"uv":[4.5,6.75,5.0,7.0],"texture":"#1"},"east":{"uv":[0.0,7.75,2.25,8.0],"texture":"#1"},"south":{"uv":[8.75,8.5,9.25,8.75],"texture":"#1"},"west":{"uv":[2.25,7.75,4.5,8.0],"texture":"#1"},"up":{"uv":[0.5,10.5,0.0,8.25],"texture":"#1"},"down":{"uv":[1.0,8.25,0.5,10.5],"texture":"#1"}}},{"from":[-16.0,10.0,-0.975],"to":[-12.0,12.0,17.025],"rotation":{"origin":[-13.0,10.0,14.025],"x":0.0,"y":0.0,"z":0.0},"faces":{"north":{"uv":[8.25,9.0,8.75,9.25],"texture":"#1"},"east":{"uv":[6.5,8.5,8.75,8.75],"texture":"#1"},"south":{"uv":[8.75,9.0,9.25,9.25],"texture":"#1"},"west":{"uv":[2.0,8.75,4.25,9.0],"texture":"#1"},"up":{"uv":[1.5,10.5,1.0,8.25],"texture":"#1"},"down":{"uv":[2.0,8.25,1.5,10.5],"texture":"#1"}}},{"from":[-15.0,0.0,14.0],"to":[-13.0,10.0,16.0],"rotation":{"origin":[-13.0,0.0,14.0],"x":0.0,"y":0.0,"z":0.0},"faces":{"north":{"uv":[3.75,9.0,4.0,10.25],"texture":"#1"},"east":{"uv":[4.0,9.0,4.25,10.25],"texture":"#1"},"south":{"uv":[6.5,9.0,6.75,10.25],"texture":"#1"},"west":{"uv":[6.75,9.0,7.0,10.25],"texture":"#1"},"up":{"uv":[9.5,9.25,9.25,9.0],"texture":"#1"},"down":{"uv":[9.5,9.25,9.25,9.5],"texture":"#1"}}},{"from":[-14.5,2.0,2.0],"to":[-13.5,10.0,14.0],"rotation":{"origin":[-12.5,0.0,12.0],"x":0.0,"y":0.0,"z":0.0},"faces":{"north":{"uv":[8.0,9.0,8.125,10.0],"texture":"#1"},"east":{"uv":[3.0,6.75,4.5,7.75],"texture":"#1"},"south":{"uv":[8.125,9.0,8.25,10.0],"texture":"#1"},"west":{"uv":[4.5,7.0,6.0,8.0],"texture":"#1"},"up":{"uv":[7.375,10.5,7.25,9.0],"texture":"#1"},"down":{"uv":[7.5,9.0,7.375,10.5],"texture":"#1"}}},{"from":[-15.0,0.0,0.0],"to":[-13.0,10.0,2.0],"rotation":{"origin":[-13.0,0.0,0.0],"x":0.0,"y":0.0,"z":0.0},"faces":{"north":{"uv":[2.75,9.0,3.0,10.25],"texture":"#1"},"east":{"uv":[3.0,9.0,3.25,10.25],"texture":"#1"},"south":{"uv":[3.25,9.0,3.5,10.25],"texture":"#1"},"west":{"uv":[3.5,9.0,3.75,10.25],"texture":"#1"},"up":{"uv":[9.0,9.5,8.75,9.25],"texture":"#1"},"down":{"uv":[9.25,9.25,9.0,9.5],"texture":"#1"}}}],"textures":{"1":"workshop_six:dbf31cc0-9068-435b-9bfa-5e7957728451","particle":"workshop_six:dbf31cc0-9068-435b-9bfa-5e7957728451"},"gui_light":"front"}