{"display":{"thirdperson_righthand":{"rotation":[49.0,0.0,0.0],"translation":[-1.0,0.0,-0.5],"scale":[0.27,0.27,0.27]},"thirdperson_lefthand":{"rotation":[49.0,0.0,0.0],"translation":[-1.0,0.0,-0.5],"scale":[0.27,0.27,0.27]},"firstperson_righthand":{"translation":[0.0,4.75,1.5],"scale":[0.39,0.39,0.39]},"firstperson_lefthand":{"translation":[0.0,4.75,1.5],"scale":[0.39,0.39,0.39]},"ground":{"translation":[0.0,2.25,0.0],"scale":[0.4,0.4,0.4]},"gui":{"rotation":[11.75,0.0,0.0],"translation":[0.0,1.75,0.0],"scale":[0.69,0.69,0.69]},"head":{"scale":[0.0,0.0,0.0]},"fixed":{"rotation":[-90.0,0.0,0.0],"translation":[0.0,0.0,-16.0],"scale":[2.0,2.0,2.0]}},"elements":[{"from":[-0.5,0.0,0.0],"to":[4.5,5.0,17.0],"rotation":{"origin":[0.0,0.0,-2.0],"x":0.0,"y":0.0,"z":0.0},"faces":{"north":{"uv":[6.25,10.5,7.5,11.75],"texture":"#1"},"east":{"uv":[6.75,2.5,11.0,3.75],"texture":"#1"},"south":{"uv":[0.0,11.0,1.25,12.25],"texture":"#1"},"west":{"uv":[6.75,3.75,11.0,5.0],"texture":"#1"},"up":{"uv":[1.25,11.0,0.0,6.75],"texture":"#1"},"down":{"uv":[2.5,6.75,1.25,11.0],"texture":"#1"}}},{"from":[5.5,0.0,-3.0],"to":[10.5,5.0,14.0],"rotation":{"origin":[0.0,0.0,-2.0],"x":0.0,"y":0.0,"z":0.0},"faces":{"north":{"uv":[1.25,11.0,2.5,12.25],"texture":"#1"},"east":{"uv":[7.5,5.0,11.75,6.25],"texture":"#1"},"south":{"uv":[11.0,2.5,12.25,3.75],"texture":"#1"},"west":{"uv":[7.5,6.25,11.75,7.5],"texture":"#1"},"up":{"uv":[8.75,11.75,7.5,7.5],"texture":"#1"},"down":{"uv":[10.0,7.5,8.75,11.75],"texture":"#1"}}},{"from":[15.5,0.0,-1.0],"to":[20.5,5.0,16.0],"rotation":{"origin":[4.0,0.0,-2.0],"x":0.0,"y":-22.5,"z":0.0},"faces":{"north":{"uv":[11.0,3.75,12.25,5.0],"texture":"#1"},"east":{"uv":[8.5,0.0,12.75,1.25],"texture":"#1"},"south":{"uv":[11.25,7.5,12.5,8.75],"texture":"#1"},"west":{"uv":[8.5,1.25,12.75,2.5],"texture":"#1"},"up":{"uv":[3.75,13.5,2.5,9.25],"texture":"#1"},"down":{"uv":[5.0,9.25,3.75,13.5],"texture":"#1"}}},{"from":[5.0,5.0,-1.0],"to":[10.0,10.0,16.0],"rotation":{"origin":[7.74546,7.5,6.63347],"x":0.0,"y":22.5,"z":0.0},"faces":{"north":{"uv":[5.0,9.25,6.25,10.5],"texture":"#1"},"east":{"uv":[0.0,0.0,4.25,1.25],"texture":"#1"},"south":{"uv":[6.25,9.25,7.5,10.5],"texture":"#1"},"west":{"uv":[0.0,1.25,4.25,2.5],"texture":"#1"},"up":{"uv":[1.25,6.75,0.0,2.5],"texture":"#1"},"down":{"uv":[2.5,2.5,1.25,6.75],"texture":"#1"}}},{"from":[-2.5,1.0,9.5],"to":[0.5,4.0,12.5],"rotation":{"origin":[-1.5,2.5,11.0],"x":0.0,"y":-22.5,"z":0.0},"faces":{"north":{"uv":[11.25,8.75,12.0,9.5],"texture":"#1"},"east":{"uv":[11.25,9.5,12.0,10.25],"texture":"#1"},"south":{"uv":[10.0,11.25,10.75,12.0],"texture":"#1"},"west":{"uv":[11.25,10.25,12.0,11.0],"texture":"#1"},"up":{"uv":[11.5,12.0,10.75,11.25],"texture":"#1"},"down":{"uv":[12.25,11.0,11.5,11.75],"texture":"#1"}}},{"from":[5.49417,6.0,0.3031],"to":[8.49417,9.0,3.3031],"rotation":{"origin":[7.74546,7.5,6.63347],"x":0.0,"y":45.0,"z":0.0},"faces":{"north":{"uv":[5.0,11.75,5.75,12.5],"texture":"#1"},"east":{"uv":[11.75,5.0,12.5,5.75],"texture":"#1"},"south":{"uv":[5.75,11.75,6.5,12.5],"texture":"#1"},"west":{"uv":[11.75,5.75,12.5,6.5],"texture":"#1"},"up":{"uv":[7.25,12.5,6.5,11.75],"texture":"#1"},"down":{"uv":[12.5,6.5,11.75,7.25],"texture":"#1"}}},{"from":[10.19229,6.0,8.01783],"to":[13.19229,9.0,11.01783],"rotation":{"origin":[7.74546,7.5,6.63347],"x":0.0,"y":0.0,"z":0.0},"faces":{"north":{"uv":[7.25,11.75,8.0,12.5],"texture":"#1"},"east":{"uv":[8.0,11.75,8.75,12.5],"texture":"#1"},"south":{"uv":[8.75,11.75,9.5,12.5],"texture":"#1"},"west":{"uv":[11.5,11.75,12.25,12.5],"texture":"#1"},"up":{"uv":[12.75,9.5,12.0,8.75],"texture":"#1"},"down":{"uv":[10.25,12.0,9.5,12.75],"texture":"#1"}}},{"from":[15.5,1.0,7.25],"to":[18.5,4.0,10.25],"rotation":{"origin":[17.5,2.5,8.75],"x":0.0,"y":22.5,"z":0.0},"faces":{"north":{"uv":[12.0,9.5,12.75,10.25],"texture":"#1"},"east":{"uv":[10.25,12.0,11.0,12.75],"texture":"#1"},"south":{"uv":[12.0,10.25,12.75,11.0],"texture":"#1"},"west":{"uv":[0.0,12.25,0.75,13.0],"texture":"#1"},"up":{"uv":[1.5,13.0,0.75,12.25],"texture":"#1"},"down":{"uv":[2.25,12.25,1.5,13.0],"texture":"#1"}}}],"textures":{"1":"workshop_six:68151847-37d1-4f33-bece-fdd55e6381d0","particle":"workshop_six:68151847-37d1-4f33-bece-fdd55e6381d0"},"gui_light":"front"}