{"display":{"thirdperson_righthand":{"rotation":[49.0,0.0,0.0],"translation":[-1.75,1.0,0.25],"scale":[0.16,0.16,0.16]},"thirdperson_lefthand":{"rotation":[49.0,0.0,0.0],"translation":[-0.25,1.0,0.25],"scale":[0.16,0.16,0.16]},"firstperson_righthand":{"rotation":[0.0,-84.25,0.0],"translation":[-0.75,4.75,3.0],"scale":[0.19,0.19,0.19]},"firstperson_lefthand":{"rotation":[0.0,-84.25,0.0],"translation":[-0.75,4.75,3.0],"scale":[0.19,0.19,0.19]},"ground":{"translation":[-1.75,0.25,0.0],"scale":[0.26,0.26,0.26]},"gui":{"rotation":[11.75,0.0,0.0],"translation":[0.0,-1.0,0.0],"scale":[0.31,0.31,0.31]},"head":{"scale":[0.0,0.0,0.0]},"fixed":{"rotation":[-90.0,0.0,0.0],"translation":[0.0,0.0,-16.0],"scale":[2.0,2.0,2.0]}},"elements":[{"from":[-1.1875,19.0,-1.0],"to":[0.8125,22.0,17.0],"rotation":{"origin":[8.0,10.75,8.0],"x":0.0,"y":0.0,"z":0.0},"faces":{"north":{"uv":[10.875,1.5,11.125,1.875],"texture":"#4"},"east":{"uv":[0.0,7.875,2.25,8.25],"texture":"#4"},"south":{"uv":[10.875,1.875,11.125,2.25],"texture":"#4"},"west":{"uv":[2.25,7.875,4.5,8.25],"texture":"#4"},"up":{"uv":[7.5,10.375,7.25,8.125],"texture":"#4"},"down":{"uv":[7.75,8.125,7.5,10.375],"texture":"#4"}}},{"from":[27.0625,15.0,-2.25],"to":[31.0625,19.0,-1.25],"rotation":{"origin":[8.0,10.75,8.0],"x":0.0,"y":0.0,"z":0.0},"faces":{"north":{"uv":[3.25,5.25,3.75,5.75],"texture":"#4"},"east":{"uv":[5.75,11.0,5.875,11.5],"texture":"#4"},"south":{"uv":[8.875,2.5,9.375,3.0],"texture":"#4"},"west":{"uv":[5.875,11.0,6.0,11.5],"texture":"#4"},"up":{"uv":[6.75,6.25,6.25,6.125],"texture":"#4"},"down":{"uv":[0.5,6.75,0.0,6.875],"texture":"#4"}}},{"from":[-0.4375,15.0,-1.25],"to":[0.5625,19.0,1.75],"rotation":{"origin":[8.0,10.75,8.0],"x":0.0,"y":0.0,"z":0.0},"faces":{"north":{"uv":[6.25,11.0,6.375,11.5],"texture":"#4"},"east":{"uv":[1.0,10.75,1.375,11.25],"texture":"#4"},"south":{"uv":[6.375,11.0,6.5,11.5],"texture":"#4"},"west":{"uv":[1.375,10.75,1.75,11.25],"texture":"#4"},"up":{"uv":[11.375,10.0,11.25,9.625],"texture":"#4"},"down":{"uv":[10.25,11.25,10.125,11.625],"texture":"#4"}}},{"from":[13.8125,15.0,-2.25],"to":[17.8125,19.0,-1.25],"rotation":{"origin":[8.0,10.75,8.0],"x":0.0,"y":0.0,"z":0.0},"faces":{"north":{"uv":[9.5,9.25,10.0,9.75],"texture":"#4"},"east":{"uv":[6.5,11.0,6.625,11.5],"texture":"#4"},"south":{"uv":[9.625,0.0,10.125,0.5],"texture":"#4"},"west":{"uv":[11.0,6.5,11.125,7.0],"texture":"#4"},"up":{"uv":[1.0,6.875,0.5,6.75],"texture":"#4"},"down":{"uv":[1.5,6.75,1.0,6.875],"texture":"#4"}}},{"from":[-0.1875,9.0,-1.0],"to":[31.8125,11.0,17.0],"rotation":{"origin":[8.0,10.75,8.0],"x":0.0,"y":0.0,"z":0.0},"faces":{"north":{"uv":[0.0,7.625,4.0,7.875],"texture":"#4"},"east":{"uv":[8.0,4.5,10.25,4.75],"texture":"#4"},"south":{"uv":[4.0,7.625,8.0,7.875],"texture":"#4"},"west":{"uv":[8.0,7.625,10.25,7.875],"texture":"#4"},"up":{"uv":[4.0,2.25,0.0,0.0],"texture":"#4"},"down":{"uv":[4.0,2.25,0.0,4.5],"texture":"#4"}}},{"from":[-0.4375,15.0,-2.25],"to":[3.5625,19.0,-1.25],"rotation":{"origin":[8.0,10.75,8.0],"x":0.0,"y":0.0,"z":0.0},"faces":{"north":{"uv":[9.625,0.5,10.125,1.0],"texture":"#4"},"east":{"uv":[6.625,11.0,6.75,11.5],"texture":"#4"},"south":{"uv":[9.625,1.0,10.125,1.5],"texture":"#4"},"west":{"uv":[6.75,11.0,6.875,11.5],"texture":"#4"},"up":{"uv":[2.0,6.875,1.5,6.75],"texture":"#4"},"down":{"uv":[2.5,6.75,2.0,6.875],"texture":"#4"}}},{"from":[-1.1875,19.0,-3.0],"to":[31.8125,22.0,-1.0],"rotation":{"origin":[8.0,10.75,8.0],"x":0.0,"y":0.0,"z":0.0},"faces":{"north":{"uv":[4.0,6.25,8.125,6.625],"texture":"#4"},"east":{"uv":[7.25,10.875,7.5,11.25],"texture":"#4"},"south":{"uv":[6.25,4.75,10.375,5.125],"texture":"#4"},"west":{"uv":[7.5,10.875,7.75,11.25],"texture":"#4"},"up":{"uv":[10.375,6.125,6.25,5.875],"texture":"#4"},"down":{"uv":[8.125,6.625,4.0,6.875],"texture":"#4"}}},{"from":[-1.1875,8.0,-3.0],"to":[31.8125,16.0,-1.0],"rotation":{"origin":[8.0,10.75,8.0],"x":0.0,"y":0.0,"z":0.0},"faces":{"north":{"uv":[4.0,0.0,8.125,1.0],"texture":"#4"},"east":{"uv":[6.0,9.5,6.25,10.5],"texture":"#4"},"south":{"uv":[4.0,1.0,8.125,2.0],"texture":"#4"},"west":{"uv":[9.625,1.5,9.875,2.5],"texture":"#4"},"up":{"uv":[4.125,7.125,0.0,6.875],"texture":"#4"},"down":{"uv":[8.25,6.875,4.125,7.125],"texture":"#4"}}},{"from":[-0.4375,15.0,14.25],"to":[0.5625,19.0,17.25],"rotation":{"origin":[8.0,10.75,8.0],"x":0.0,"y":0.0,"z":0.0},"faces":{"north":{"uv":[6.875,11.0,7.0,11.5],"texture":"#4"},"east":{"uv":[1.75,10.75,2.125,11.25],"texture":"#4"},"south":{"uv":[7.0,11.0,7.125,11.5],"texture":"#4"},"west":{"uv":[2.125,10.75,2.5,11.25],"texture":"#4"},"up":{"uv":[10.375,11.625,10.25,11.25],"texture":"#4"},"down":{"uv":[11.375,10.25,11.25,10.625],"texture":"#4"}}},{"from":[23.8125,4.0,-6.0],"to":[27.8125,8.0,-4.0],"rotation":{"origin":[8.0,10.75,8.0],"x":0.0,"y":0.0,"z":0.0},"faces":{"north":{"uv":[9.625,2.5,10.125,3.0],"texture":"#4"},"east":{"uv":[3.75,5.25,4.0,5.75],"texture":"#4"},"south":{"uv":[9.75,8.125,10.25,8.625],"texture":"#4"},"west":{"uv":[4.0,10.75,4.25,11.25],"texture":"#4"},"up":{"uv":[11.0,10.5,10.5,10.25],"texture":"#4"},"down":{"uv":[6.75,10.75,6.25,11.0],"texture":"#4"}}},{"from":[-0.1875,3.0,6.0],"to":[31.8125,9.0,10.0],"rotation":{"origin":[8.0,10.75,8.0],"x":0.0,"y":0.0,"z":0.0},"faces":{"north":{"uv":[4.0,4.0,8.0,4.75],"texture":"#4"},"east":{"uv":[5.25,8.75,5.75,9.5],"texture":"#4"},"south":{"uv":[0.0,4.5,4.0,5.25],"texture":"#4"},"west":{"uv":[5.75,8.75,6.25,9.5],"texture":"#4"},"up":{"uv":[6.25,6.25,2.25,5.75],"texture":"#4"},"down":{"uv":[4.0,6.25,0.0,6.75],"texture":"#4"}}},{"from":[-1.1875,8.0,-1.0],"to":[0.8125,16.0,17.0],"rotation":{"origin":[8.0,10.75,8.0],"x":0.0,"y":0.0,"z":0.0},"faces":{"north":{"uv":[9.5,9.75,9.75,10.75],"texture":"#4"},"east":{"uv":[4.0,4.75,6.25,5.75],"texture":"#4"},"south":{"uv":[9.75,9.75,10.0,10.75],"texture":"#4"},"west":{"uv":[0.0,5.25,2.25,6.25],"texture":"#4"},"up":{"uv":[8.0,10.375,7.75,8.125],"texture":"#4"},"down":{"uv":[8.25,8.125,8.0,10.375],"texture":"#4"}}},{"from":[-16.0,9.0,14.75],"to":[-0.25,12.0,16.75],"rotation":{"origin":[8.0,10.75,8.0],"x":0.0,"y":0.0,"z":0.0},"faces":{"north":{"uv":[8.125,3.25,10.125,3.625],"texture":"#4"},"east":{"uv":[7.75,10.875,8.0,11.25],"texture":"#4"},"south":{"uv":[8.125,3.625,10.125,4.0],"texture":"#4"},"west":{"uv":[8.0,10.875,8.25,11.25],"texture":"#4"},"up":{"uv":[10.125,6.75,8.125,6.5],"texture":"#4"},"down":{"uv":[2.0,8.25,0.0,8.5],"texture":"#4"}}},{"from":[-12.1875,8.75,14.5],"to":[-4.4375,12.25,17.0],"rotation":{"origin":[8.0,10.75,8.0],"x":0.0,"y":0.0,"z":0.0},"faces":{"north":{"uv":[2.25,5.25,3.25,5.75],"texture":"#4"},"east":{"uv":[2.5,10.75,2.875,11.25],"texture":"#4"},"south":{"uv":[2.0,8.25,3.0,8.75],"texture":"#4"},"west":{"uv":[2.875,10.75,3.25,11.25],"texture":"#4"},"up":{"uv":[9.75,8.5,8.75,8.125],"texture":"#4"},"down":{"uv":[9.75,8.5,8.75,8.875],"texture":"#4"}}},{"from":[24.8125,5.0,-5.0],"to":[26.8125,7.0,21.0],"rotation":{"origin":[8.0,10.75,8.0],"x":0.0,"y":0.0,"z":0.0},"faces":{"north":{"uv":[10.875,2.25,11.125,2.5],"texture":"#4"},"east":{"uv":[4.5,7.875,7.75,8.125],"texture":"#4"},"south":{"uv":[11.0,7.875,11.25,8.125],"texture":"#4"},"west":{"uv":[7.75,7.875,11.0,8.125],"texture":"#4"},"up":{"uv":[8.375,3.25,8.125,0.0],"texture":"#4"},"down":{"uv":[4.75,8.125,4.5,11.375],"texture":"#4"}}},{"from":[24.8125,8.0,-5.5],"to":[26.8125,10.0,-4.5],"rotation":{"origin":[8.0,10.75,8.0],"x":0.0,"y":0.0,"z":0.0},"faces":{"north":{"uv":[11.0,8.125,11.25,8.375],"texture":"#4"},"east":{"uv":[7.125,11.0,7.25,11.25],"texture":"#4"},"south":{"uv":[11.0,8.375,11.25,8.625],"texture":"#4"},"west":{"uv":[10.375,11.25,10.5,11.5],"texture":"#4"},"up":{"uv":[8.0,6.25,7.75,6.125],"texture":"#4"},"down":{"uv":[9.0,7.5,8.75,7.625],"texture":"#4"}}},{"from":[24.8125,2.0,-5.5],"to":[26.8125,4.0,-4.5],"rotation":{"origin":[8.0,10.75,8.0],"x":0.0,"y":0.0,"z":0.0},"faces":{"north":{"uv":[11.0,9.125,11.25,9.375],"texture":"#4"},"east":{"uv":[10.5,11.25,10.625,11.5],"texture":"#4"},"south":{"uv":[11.0,9.375,11.25,9.625],"texture":"#4"},"west":{"uv":[10.625,11.25,10.75,11.5],"texture":"#4"},"up":{"uv":[9.25,7.625,9.0,7.5],"texture":"#4"},"down":{"uv":[9.5,7.125,9.25,7.25],"texture":"#4"}}},{"from":[19.8125,0.0,-6.5],"to":[21.8125,12.0,-4.5],"rotation":{"origin":[8.0,10.75,8.0],"x":0.0,"y":0.0,"z":0.0},"faces":{"north":{"uv":[6.25,8.75,6.5,10.25],"texture":"#4"},"east":{"uv":[6.5,8.75,6.75,10.25],"texture":"#4"},"south":{"uv":[6.75,8.75,7.0,10.25],"texture":"#4"},"west":{"uv":[8.875,1.0,9.125,2.5],"texture":"#4"},"up":{"uv":[11.25,9.875,11.0,9.625],"texture":"#4"},"down":{"uv":[10.5,11.0,10.25,11.25],"texture":"#4"}}},{"from":[27.8125,5.0,-5.5],"to":[29.8125,7.0,-4.5],"rotation":{"origin":[8.0,10.75,8.0],"x":0.0,"y":0.0,"z":0.0},"faces":{"north":{"uv":[11.0,10.25,11.25,10.5],"texture":"#4"},"east":{"uv":[11.25,10.625,11.375,10.875],"texture":"#4"},"south":{"uv":[10.5,11.0,10.75,11.25],"texture":"#4"},"west":{"uv":[10.75,11.25,10.875,11.5],"texture":"#4"},"up":{"uv":[9.5,7.625,9.25,7.5],"texture":"#4"},"down":{"uv":[9.75,7.125,9.5,7.25],"texture":"#4"}}},{"from":[21.8125,5.0,-5.5],"to":[23.8125,7.0,-4.5],"rotation":{"origin":[8.0,10.75,8.0],"x":0.0,"y":0.0,"z":0.0},"faces":{"north":{"uv":[11.0,10.5,11.25,10.75],"texture":"#4"},"east":{"uv":[10.875,11.25,11.0,11.5],"texture":"#4"},"south":{"uv":[10.75,11.0,11.0,11.25],"texture":"#4"},"west":{"uv":[11.25,10.875,11.375,11.125],"texture":"#4"},"up":{"uv":[9.75,7.625,9.5,7.5],"texture":"#4"},"down":{"uv":[10.0,7.125,9.75,7.25],"texture":"#4"}}},{"from":[29.8125,0.0,-6.5],"to":[31.8125,12.0,-4.5],"rotation":{"origin":[8.0,10.75,8.0],"x":0.0,"y":0.0,"z":0.0},"faces":{"north":{"uv":[8.75,8.875,9.0,10.375],"texture":"#4"},"east":{"uv":[0.0,9.0,0.25,10.5],"texture":"#4"},"south":{"uv":[0.25,9.0,0.5,10.5],"texture":"#4"},"west":{"uv":[0.5,9.0,0.75,10.5],"texture":"#4"},"up":{"uv":[11.25,11.25,11.0,11.0],"texture":"#4"},"down":{"uv":[11.375,0.0,11.125,0.25],"texture":"#4"}}},{"from":[21.8125,10.0,-6.5],"to":[29.8125,12.0,-4.5],"rotation":{"origin":[8.0,10.75,8.0],"x":0.0,"y":0.0,"z":0.0},"faces":{"north":{"uv":[9.75,8.625,10.75,8.875],"texture":"#4"},"east":{"uv":[11.125,0.25,11.375,0.5],"texture":"#4"},"south":{"uv":[9.875,1.5,10.875,1.75],"texture":"#4"},"west":{"uv":[11.125,0.5,11.375,0.75],"texture":"#4"},"up":{"uv":[10.875,2.0,9.875,1.75],"texture":"#4"},"down":{"uv":[10.875,2.0,9.875,2.25],"texture":"#4"}}},{"from":[21.8125,0.0,-6.5],"to":[29.8125,2.0,-4.5],"rotation":{"origin":[8.0,10.75,8.0],"x":0.0,"y":0.0,"z":0.0},"faces":{"north":{"uv":[9.875,2.25,10.875,2.5],"texture":"#4"},"east":{"uv":[11.125,0.75,11.375,1.0],"texture":"#4"},"south":{"uv":[10.0,9.25,11.0,9.5],"texture":"#4"},"west":{"uv":[11.125,1.0,11.375,1.25],"texture":"#4"},"up":{"uv":[11.0,9.75,10.0,9.5],"texture":"#4"},"down":{"uv":[11.0,9.75,10.0,10.0],"texture":"#4"}}},{"from":[23.8125,4.0,4.0],"to":[27.8125,8.0,12.0],"rotation":{"origin":[8.0,10.75,8.0],"x":0.0,"y":0.0,"z":0.0},"faces":{"north":{"uv":[10.0,10.0,10.5,10.5],"texture":"#4"},"east":{"uv":[3.0,8.25,4.0,8.75],"texture":"#4"},"south":{"uv":[10.125,0.0,10.625,0.5],"texture":"#4"},"west":{"uv":[8.25,6.75,9.25,7.25],"texture":"#4"},"up":{"uv":[4.5,9.25,4.0,8.25],"texture":"#4"},"down":{"uv":[8.75,8.125,8.25,9.125],"texture":"#4"}}},{"from":[-15.6875,9.5,1.0],"to":[-13.9375,11.5,15.0],"rotation":{"origin":[8.0,10.75,8.0],"x":0.0,"y":0.0,"z":0.0},"faces":{"north":{"uv":[11.125,1.25,11.375,1.5],"texture":"#4"},"east":{"uv":[5.25,8.5,7.0,8.75],"texture":"#4"},"south":{"uv":[11.125,1.5,11.375,1.75],"texture":"#4"},"west":{"uv":[2.0,8.75,3.75,9.0],"texture":"#4"},"up":{"uv":[7.25,10.25,7.0,8.5],"texture":"#4"},"down":{"uv":[4.0,8.75,3.75,10.5],"texture":"#4"}}},{"from":[8.8125,0.0,-6.5],"to":[10.8125,12.0,-4.5],"rotation":{"origin":[8.0,10.75,8.0],"x":0.0,"y":0.0,"z":0.0},"faces":{"north":{"uv":[0.75,9.0,1.0,10.5],"texture":"#4"},"east":{"uv":[1.0,9.0,1.25,10.5],"texture":"#4"},"south":{"uv":[1.25,9.0,1.5,10.5],"texture":"#4"},"west":{"uv":[1.5,9.0,1.75,10.5],"texture":"#4"},"up":{"uv":[11.375,2.0,11.125,1.75],"texture":"#4"},"down":{"uv":[11.375,2.0,11.125,2.25],"texture":"#4"}}},{"from":[0.8125,0.0,-6.5],"to":[8.8125,2.0,-4.5],"rotation":{"origin":[8.0,10.75,8.0],"x":0.0,"y":0.0,"z":0.0},"faces":{"north":{"uv":[10.125,0.5,11.125,0.75],"texture":"#4"},"east":{"uv":[11.125,2.25,11.375,2.5],"texture":"#4"},"south":{"uv":[10.125,0.75,11.125,1.0],"texture":"#4"},"west":{"uv":[11.125,2.5,11.375,2.75],"texture":"#4"},"up":{"uv":[11.125,1.25,10.125,1.0],"texture":"#4"},"down":{"uv":[11.125,1.25,10.125,1.5],"texture":"#4"}}},{"from":[3.8125,2.0,-5.5],"to":[5.8125,4.0,-4.5],"rotation":{"origin":[8.0,10.75,8.0],"x":0.0,"y":0.0,"z":0.0},"faces":{"north":{"uv":[11.125,2.75,11.375,3.0],"texture":"#4"},"east":{"uv":[11.0,11.25,11.125,11.5],"texture":"#4"},"south":{"uv":[11.125,3.25,11.375,3.5],"texture":"#4"},"west":{"uv":[11.125,11.25,11.25,11.5],"texture":"#4"},"up":{"uv":[10.0,7.625,9.75,7.5],"texture":"#4"},"down":{"uv":[10.25,7.125,10.0,7.25],"texture":"#4"}}},{"from":[6.8125,5.0,-5.5],"to":[8.8125,7.0,-4.5],"rotation":{"origin":[8.0,10.75,8.0],"x":0.0,"y":0.0,"z":0.0},"faces":{"north":{"uv":[11.125,3.5,11.375,3.75],"texture":"#4"},"east":{"uv":[11.25,11.125,11.375,11.375],"texture":"#4"},"south":{"uv":[11.125,3.75,11.375,4.0],"texture":"#4"},"west":{"uv":[11.375,0.0,11.5,0.25],"texture":"#4"},"up":{"uv":[10.25,7.625,10.0,7.5],"texture":"#4"},"down":{"uv":[10.625,6.0,10.375,6.125],"texture":"#4"}}},{"from":[0.8125,10.0,-6.5],"to":[8.8125,12.0,-4.5],"rotation":{"origin":[8.0,10.75,8.0],"x":0.0,"y":0.0,"z":0.0},"faces":{"north":{"uv":[10.125,2.5,11.125,2.75],"texture":"#4"},"east":{"uv":[11.125,6.0,11.375,6.25],"texture":"#4"},"south":{"uv":[10.125,2.75,11.125,3.0],"texture":"#4"},"west":{"uv":[11.125,6.25,11.375,6.5],"texture":"#4"},"up":{"uv":[11.125,3.5,10.125,3.25],"texture":"#4"},"down":{"uv":[11.125,3.5,10.125,3.75],"texture":"#4"}}},{"from":[2.8125,4.0,-6.0],"to":[6.8125,8.0,-4.0],"rotation":{"origin":[8.0,10.75,8.0],"x":0.0,"y":0.0,"z":0.0},"faces":{"north":{"uv":[10.125,6.125,10.625,6.625],"texture":"#4"},"east":{"uv":[4.25,10.75,4.5,11.25],"texture":"#4"},"south":{"uv":[6.25,10.25,6.75,10.75],"texture":"#4"},"west":{"uv":[10.75,6.5,11.0,7.0],"texture":"#4"},"up":{"uv":[7.25,11.0,6.75,10.75],"texture":"#4"},"down":{"uv":[11.25,7.0,10.75,7.25],"texture":"#4"}}},{"from":[3.8125,8.0,-5.5],"to":[5.8125,10.0,-4.5],"rotation":{"origin":[8.0,10.75,8.0],"x":0.0,"y":0.0,"z":0.0},"faces":{"north":{"uv":[11.125,6.5,11.375,6.75],"texture":"#4"},"east":{"uv":[11.375,0.25,11.5,0.5],"texture":"#4"},"south":{"uv":[11.125,6.75,11.375,7.0],"texture":"#4"},"west":{"uv":[11.375,0.5,11.5,0.75],"texture":"#4"},"up":{"uv":[10.75,9.25,10.5,9.125],"texture":"#4"},"down":{"uv":[11.0,7.5,10.75,7.625],"texture":"#4"}}},{"from":[0.8125,5.0,-5.5],"to":[2.8125,7.0,-4.5],"rotation":{"origin":[8.0,10.75,8.0],"x":0.0,"y":0.0,"z":0.0},"faces":{"north":{"uv":[8.25,11.125,8.5,11.375],"texture":"#4"},"east":{"uv":[11.375,0.75,11.5,1.0],"texture":"#4"},"south":{"uv":[8.5,11.125,8.75,11.375],"texture":"#4"},"west":{"uv":[11.375,1.0,11.5,1.25],"texture":"#4"},"up":{"uv":[11.0,9.25,10.75,9.125],"texture":"#4"},"down":{"uv":[11.25,7.5,11.0,7.625],"texture":"#4"}}},{"from":[-1.1875,0.0,-6.5],"to":[0.8125,12.0,-4.5],"rotation":{"origin":[8.0,10.75,8.0],"x":0.0,"y":0.0,"z":0.0},"faces":{"north":{"uv":[1.75,9.0,2.0,10.5],"texture":"#4"},"east":{"uv":[2.0,9.0,2.25,10.5],"texture":"#4"},"south":{"uv":[2.25,9.0,2.5,10.5],"texture":"#4"},"west":{"uv":[2.5,9.0,2.75,10.5],"texture":"#4"},"up":{"uv":[0.25,11.5,0.0,11.25],"texture":"#4"},"down":{"uv":[0.5,11.25,0.25,11.5],"texture":"#4"}}},{"from":[2.8125,4.0,4.0],"to":[6.8125,8.0,12.0],"rotation":{"origin":[8.0,10.75,8.0],"x":0.0,"y":0.0,"z":0.0},"faces":{"north":{"uv":[10.25,6.625,10.75,7.125],"texture":"#4"},"east":{"uv":[8.375,0.0,9.375,0.5],"texture":"#4"},"south":{"uv":[6.75,10.25,7.25,10.75],"texture":"#4"},"west":{"uv":[8.375,0.5,9.375,1.0],"texture":"#4"},"up":{"uv":[8.875,2.0,8.375,1.0],"texture":"#4"},"down":{"uv":[8.875,2.0,8.375,3.0],"texture":"#4"}}},{"from":[3.8125,5.0,-5.0],"to":[5.8125,7.0,21.0],"rotation":{"origin":[8.0,10.75,8.0],"x":0.0,"y":0.0,"z":0.0},"faces":{"north":{"uv":[0.5,11.25,0.75,11.5],"texture":"#4"},"east":{"uv":[8.0,4.0,11.25,4.25],"texture":"#4"},"south":{"uv":[0.75,11.25,1.0,11.5],"texture":"#4"},"west":{"uv":[8.0,4.25,11.25,4.5],"texture":"#4"},"up":{"uv":[5.0,11.375,4.75,8.125],"texture":"#4"},"down":{"uv":[5.25,8.125,5.0,11.375],"texture":"#4"}}},{"from":[19.8125,0.0,20.5],"to":[21.8125,12.0,22.5],"rotation":{"origin":[8.0,10.75,8.0],"x":0.0,"y":0.0,"z":0.0},"faces":{"north":{"uv":[2.75,9.0,3.0,10.5],"texture":"#4"},"east":{"uv":[3.0,9.0,3.25,10.5],"texture":"#4"},"south":{"uv":[3.25,9.0,3.5,10.5],"texture":"#4"},"west":{"uv":[3.5,9.0,3.75,10.5],"texture":"#4"},"up":{"uv":[1.25,11.5,1.0,11.25],"texture":"#4"},"down":{"uv":[1.5,11.25,1.25,11.5],"texture":"#4"}}},{"from":[21.8125,5.0,20.5],"to":[23.8125,7.0,21.5],"rotation":{"origin":[8.0,10.75,8.0],"x":0.0,"y":0.0,"z":0.0},"faces":{"north":{"uv":[1.5,11.25,1.75,11.5],"texture":"#4"},"east":{"uv":[11.375,1.25,11.5,1.5],"texture":"#4"},"south":{"uv":[1.75,11.25,2.0,11.5],"texture":"#4"},"west":{"uv":[11.375,1.5,11.5,1.75],"texture":"#4"},"up":{"uv":[11.25,10.0,11.0,9.875],"texture":"#4"},"down":{"uv":[11.5,8.75,11.25,8.875],"texture":"#4"}}},{"from":[24.8125,8.0,20.5],"to":[26.8125,10.0,21.5],"rotation":{"origin":[8.0,10.75,8.0],"x":0.0,"y":0.0,"z":0.0},"faces":{"north":{"uv":[2.0,11.25,2.25,11.5],"texture":"#4"},"east":{"uv":[11.375,1.75,11.5,2.0],"texture":"#4"},"south":{"uv":[2.25,11.25,2.5,11.5],"texture":"#4"},"west":{"uv":[11.375,2.0,11.5,2.25],"texture":"#4"},"up":{"uv":[11.625,2.375,11.375,2.25],"texture":"#4"},"down":{"uv":[11.625,2.375,11.375,2.5],"texture":"#4"}}},{"from":[23.8125,4.0,20.0],"to":[27.8125,8.0,22.0],"rotation":{"origin":[8.0,10.75,8.0],"x":0.0,"y":0.0,"z":0.0},"faces":{"north":{"uv":[10.25,7.125,10.75,7.625],"texture":"#4"},"east":{"uv":[10.75,8.125,11.0,8.625],"texture":"#4"},"south":{"uv":[10.25,8.125,10.75,8.625],"texture":"#4"},"west":{"uv":[9.5,10.75,9.75,11.25],"texture":"#4"},"up":{"uv":[11.25,7.5,10.75,7.25],"texture":"#4"},"down":{"uv":[11.25,8.625,10.75,8.875],"texture":"#4"}}},{"from":[21.8125,10.0,20.5],"to":[29.8125,12.0,22.5],"rotation":{"origin":[8.0,10.75,8.0],"x":0.0,"y":0.0,"z":0.0},"faces":{"north":{"uv":[10.125,3.75,11.125,4.0],"texture":"#4"},"east":{"uv":[2.5,11.25,2.75,11.5],"texture":"#4"},"south":{"uv":[10.25,4.5,11.25,4.75],"texture":"#4"},"west":{"uv":[2.75,11.25,3.0,11.5],"texture":"#4"},"up":{"uv":[11.25,7.875,10.25,7.625],"texture":"#4"},"down":{"uv":[11.375,3.0,10.375,3.25],"texture":"#4"}}},{"from":[27.8125,5.0,20.5],"to":[29.8125,7.0,21.5],"rotation":{"origin":[8.0,10.75,8.0],"x":0.0,"y":0.0,"z":0.0},"faces":{"north":{"uv":[3.0,11.25,3.25,11.5],"texture":"#4"},"east":{"uv":[11.375,2.5,11.5,2.75],"texture":"#4"},"south":{"uv":[3.25,11.25,3.5,11.5],"texture":"#4"},"west":{"uv":[11.375,2.75,11.5,3.0],"texture":"#4"},"up":{"uv":[11.625,3.125,11.375,3.0],"texture":"#4"},"down":{"uv":[11.625,3.125,11.375,3.25],"texture":"#4"}}},{"from":[24.8125,2.0,20.5],"to":[26.8125,4.0,21.5],"rotation":{"origin":[8.0,10.75,8.0],"x":0.0,"y":0.0,"z":0.0},"faces":{"north":{"uv":[3.5,11.25,3.75,11.5],"texture":"#4"},"east":{"uv":[11.375,3.25,11.5,3.5],"texture":"#4"},"south":{"uv":[3.75,11.25,4.0,11.5],"texture":"#4"},"west":{"uv":[11.375,3.5,11.5,3.75],"texture":"#4"},"up":{"uv":[11.625,3.875,11.375,3.75],"texture":"#4"},"down":{"uv":[11.625,3.875,11.375,4.0],"texture":"#4"}}},{"from":[21.8125,0.0,20.5],"to":[29.8125,2.0,22.5],"rotation":{"origin":[8.0,10.75,8.0],"x":0.0,"y":0.0,"z":0.0},"faces":{"north":{"uv":[10.375,4.75,11.375,5.0],"texture":"#4"},"east":{"uv":[4.0,11.25,4.25,11.5],"texture":"#4"},"south":{"uv":[10.375,5.0,11.375,5.25],"texture":"#4"},"west":{"uv":[11.25,4.0,11.5,4.25],"texture":"#4"},"up":{"uv":[11.375,5.5,10.375,5.25],"texture":"#4"},"down":{"uv":[11.375,5.5,10.375,5.75],"texture":"#4"}}},{"from":[29.8125,0.0,20.5],"to":[31.8125,12.0,22.5],"rotation":{"origin":[8.0,10.75,8.0],"x":0.0,"y":0.0,"z":0.0},"faces":{"north":{"uv":[9.0,8.875,9.25,10.375],"texture":"#4"},"east":{"uv":[9.125,1.0,9.375,2.5],"texture":"#4"},"south":{"uv":[8.25,9.125,8.5,10.625],"texture":"#4"},"west":{"uv":[8.5,9.125,8.75,10.625],"texture":"#4"},"up":{"uv":[4.5,11.5,4.25,11.25],"texture":"#4"},"down":{"uv":[11.5,4.25,11.25,4.5],"texture":"#4"}}},{"from":[-1.1875,0.0,20.5],"to":[0.8125,12.0,22.5],"rotation":{"origin":[8.0,10.75,8.0],"x":0.0,"y":0.0,"z":0.0},"faces":{"north":{"uv":[4.0,9.25,4.25,10.75],"texture":"#4"},"east":{"uv":[4.25,9.25,4.5,10.75],"texture":"#4"},"south":{"uv":[9.25,8.875,9.5,10.375],"texture":"#4"},"west":{"uv":[9.375,0.0,9.625,1.5],"texture":"#4"},"up":{"uv":[11.5,4.75,11.25,4.5],"texture":"#4"},"down":{"uv":[11.5,7.0,11.25,7.25],"texture":"#4"}}},{"from":[0.8125,5.0,20.5],"to":[2.8125,7.0,21.5],"rotation":{"origin":[8.0,10.75,8.0],"x":0.0,"y":0.0,"z":0.0},"faces":{"north":{"uv":[7.125,11.25,7.375,11.5],"texture":"#4"},"east":{"uv":[4.5,11.375,4.625,11.625],"texture":"#4"},"south":{"uv":[11.25,7.25,11.5,7.5],"texture":"#4"},"west":{"uv":[4.625,11.375,4.75,11.625],"texture":"#4"},"up":{"uv":[5.0,11.5,4.75,11.375],"texture":"#4"},"down":{"uv":[11.625,4.75,11.375,4.875],"texture":"#4"}}},{"from":[3.8125,8.0,20.5],"to":[5.8125,10.0,21.5],"rotation":{"origin":[8.0,10.75,8.0],"x":0.0,"y":0.0,"z":0.0},"faces":{"north":{"uv":[7.375,11.25,7.625,11.5],"texture":"#4"},"east":{"uv":[11.375,4.875,11.5,5.125],"texture":"#4"},"south":{"uv":[11.25,7.5,11.5,7.75],"texture":"#4"},"west":{"uv":[5.0,11.375,5.125,11.625],"texture":"#4"},"up":{"uv":[5.375,11.5,5.125,11.375],"texture":"#4"},"down":{"uv":[11.625,5.125,11.375,5.25],"texture":"#4"}}},{"from":[2.8125,4.0,20.0],"to":[6.8125,8.0,22.0],"rotation":{"origin":[8.0,10.75,8.0],"x":0.0,"y":0.0,"z":0.0},"faces":{"north":{"uv":[7.25,10.375,7.75,10.875],"texture":"#4"},"east":{"uv":[9.75,10.75,10.0,11.25],"texture":"#4"},"south":{"uv":[7.75,10.375,8.25,10.875],"texture":"#4"},"west":{"uv":[10.0,10.75,10.25,11.25],"texture":"#4"},"up":{"uv":[10.75,11.0,10.25,10.75],"texture":"#4"},"down":{"uv":[11.25,10.75,10.75,11.0],"texture":"#4"}}},{"from":[0.8125,10.0,20.5],"to":[8.8125,12.0,22.5],"rotation":{"origin":[8.0,10.75,8.0],"x":0.0,"y":0.0,"z":0.0},"faces":{"north":{"uv":[10.375,5.75,11.375,6.0],"texture":"#4"},"east":{"uv":[7.625,11.25,7.875,11.5],"texture":"#4"},"south":{"uv":[0.0,10.5,1.0,10.75],"texture":"#4"},"west":{"uv":[11.25,7.75,11.5,8.0],"texture":"#4"},"up":{"uv":[2.0,10.75,1.0,10.5],"texture":"#4"},"down":{"uv":[3.0,10.5,2.0,10.75],"texture":"#4"}}},{"from":[6.8125,5.0,20.5],"to":[8.8125,7.0,21.5],"rotation":{"origin":[8.0,10.75,8.0],"x":0.0,"y":0.0,"z":0.0},"faces":{"north":{"uv":[7.875,11.25,8.125,11.5],"texture":"#4"},"east":{"uv":[11.375,5.25,11.5,5.5],"texture":"#4"},"south":{"uv":[11.25,8.0,11.5,8.25],"texture":"#4"},"west":{"uv":[5.375,11.375,5.5,11.625],"texture":"#4"},"up":{"uv":[5.75,11.5,5.5,11.375],"texture":"#4"},"down":{"uv":[11.625,5.5,11.375,5.625],"texture":"#4"}}},{"from":[3.8125,2.0,20.5],"to":[5.8125,4.0,21.5],"rotation":{"origin":[8.0,10.75,8.0],"x":0.0,"y":0.0,"z":0.0},"faces":{"north":{"uv":[11.25,8.25,11.5,8.5],"texture":"#4"},"east":{"uv":[11.375,5.625,11.5,5.875],"texture":"#4"},"south":{"uv":[11.25,8.5,11.5,8.75],"texture":"#4"},"west":{"uv":[11.375,5.875,11.5,6.125],"texture":"#4"},"up":{"uv":[11.625,6.25,11.375,6.125],"texture":"#4"},"down":{"uv":[11.625,6.25,11.375,6.375],"texture":"#4"}}},{"from":[0.8125,0.0,20.5],"to":[8.8125,2.0,22.5],"rotation":{"origin":[8.0,10.75,8.0],"x":0.0,"y":0.0,"z":0.0},"faces":{"north":{"uv":[3.0,10.5,4.0,10.75],"texture":"#4"},"east":{"uv":[8.75,11.25,9.0,11.5],"texture":"#4"},"south":{"uv":[10.5,8.875,11.5,9.125],"texture":"#4"},"west":{"uv":[9.0,11.25,9.25,11.5],"texture":"#4"},"up":{"uv":[11.0,10.75,10.0,10.5],"texture":"#4"},"down":{"uv":[11.5,10.0,10.5,10.25],"texture":"#4"}}},{"from":[8.8125,0.0,20.5],"to":[10.8125,12.0,22.5],"rotation":{"origin":[8.0,10.75,8.0],"x":0.0,"y":0.0,"z":0.0},"faces":{"north":{"uv":[9.375,1.5,9.625,3.0],"texture":"#4"},"east":{"uv":[5.25,9.5,5.5,11.0],"texture":"#4"},"south":{"uv":[5.5,9.5,5.75,11.0],"texture":"#4"},"west":{"uv":[5.75,9.5,6.0,11.0],"texture":"#4"},"up":{"uv":[11.5,9.375,11.25,9.125],"texture":"#4"},"down":{"uv":[11.5,9.375,11.25,9.625],"texture":"#4"}}},{"from":[-1.1875,19.0,17.0],"to":[31.8125,22.0,19.0],"rotation":{"origin":[8.0,10.75,8.0],"x":0.0,"y":0.0,"z":0.0},"faces":{"north":{"uv":[6.25,5.125,10.375,5.5],"texture":"#4"},"east":{"uv":[8.75,10.875,9.0,11.25],"texture":"#4"},"south":{"uv":[6.25,5.5,10.375,5.875],"texture":"#4"},"west":{"uv":[9.0,10.875,9.25,11.25],"texture":"#4"},"up":{"uv":[4.125,7.375,0.0,7.125],"texture":"#4"},"down":{"uv":[8.25,7.125,4.125,7.375],"texture":"#4"}}},{"from":[-0.4375,15.0,17.25],"to":[3.5625,19.0,18.25],"rotation":{"origin":[8.0,10.75,8.0],"x":0.0,"y":0.0,"z":0.0},"faces":{"north":{"uv":[8.75,10.375,9.25,10.875],"texture":"#4"},"east":{"uv":[8.125,11.25,8.25,11.75],"texture":"#4"},"south":{"uv":[10.625,0.0,11.125,0.5],"texture":"#4"},"west":{"uv":[9.5,11.25,9.625,11.75],"texture":"#4"},"up":{"uv":[3.0,6.875,2.5,6.75],"texture":"#4"},"down":{"uv":[3.5,6.75,3.0,6.875],"texture":"#4"}}},{"from":[-1.1875,8.0,17.0],"to":[31.8125,16.0,19.0],"rotation":{"origin":[8.0,10.75,8.0],"x":0.0,"y":0.0,"z":0.0},"faces":{"north":{"uv":[4.0,2.0,8.125,3.0],"texture":"#4"},"east":{"uv":[9.25,10.375,9.5,11.375],"texture":"#4"},"south":{"uv":[4.0,3.0,8.125,4.0],"texture":"#4"},"west":{"uv":[6.0,10.5,6.25,11.5],"texture":"#4"},"up":{"uv":[4.125,7.625,0.0,7.375],"texture":"#4"},"down":{"uv":[8.25,7.375,4.125,7.625],"texture":"#4"}}},{"from":[13.8125,15.0,17.25],"to":[17.8125,19.0,18.25],"rotation":{"origin":[8.0,10.75,8.0],"x":0.0,"y":0.0,"z":0.0},"faces":{"north":{"uv":[10.625,6.0,11.125,6.5],"texture":"#4"},"east":{"uv":[9.625,11.25,9.75,11.75],"texture":"#4"},"south":{"uv":[8.25,10.625,8.75,11.125],"texture":"#4"},"west":{"uv":[9.75,11.25,9.875,11.75],"texture":"#4"},"up":{"uv":[4.0,6.875,3.5,6.75],"texture":"#4"},"down":{"uv":[7.25,6.125,6.75,6.25],"texture":"#4"}}},{"from":[27.0625,15.0,17.25],"to":[31.0625,19.0,18.25],"rotation":{"origin":[8.0,10.75,8.0],"x":0.0,"y":0.0,"z":0.0},"faces":{"north":{"uv":[0.0,10.75,0.5,11.25],"texture":"#4"},"east":{"uv":[9.875,11.25,10.0,11.75],"texture":"#4"},"south":{"uv":[0.5,10.75,1.0,11.25],"texture":"#4"},"west":{"uv":[10.0,11.25,10.125,11.75],"texture":"#4"},"up":{"uv":[7.75,6.25,7.25,6.125],"texture":"#4"},"down":{"uv":[8.75,7.5,8.25,7.625],"texture":"#4"}}},{"from":[-16.0,9.0,-0.75],"to":[-0.25,12.0,1.25],"rotation":{"origin":[8.0,10.75,8.0],"x":0.0,"y":0.0,"z":0.0},"faces":{"north":{"uv":[5.25,8.125,7.25,8.5],"texture":"#4"},"east":{"uv":[5.25,11.0,5.5,11.375],"texture":"#4"},"south":{"uv":[8.125,6.125,10.125,6.5],"texture":"#4"},"west":{"uv":[5.5,11.0,5.75,11.375],"texture":"#4"},"up":{"uv":[10.25,7.5,8.25,7.25],"texture":"#4"},"down":{"uv":[10.375,3.0,8.375,3.25],"texture":"#4"}}},{"from":[-12.1875,8.75,-1.0],"to":[-4.4375,12.25,1.5],"rotation":{"origin":[8.0,10.75,8.0],"x":0.0,"y":0.0,"z":0.0},"faces":{"north":{"uv":[0.0,8.5,1.0,9.0],"texture":"#4"},"east":{"uv":[3.25,10.75,3.625,11.25],"texture":"#4"},"south":{"uv":[1.0,8.5,2.0,9.0],"texture":"#4"},"west":{"uv":[3.625,10.75,4.0,11.25],"texture":"#4"},"up":{"uv":[10.25,7.125,9.25,6.75],"texture":"#4"},"down":{"uv":[10.5,8.875,9.5,9.25],"texture":"#4"}}}],"textures":{"4":"workshop_six:9db08543-bf52-4caa-afd2-f6c7b02558c2","particle":"workshop_six:9db08543-bf52-4caa-afd2-f6c7b02558c2"},"gui_light":"front"}