{"display":{"thirdperson_righthand":{"rotation":[49.0,0.0,0.0],"translation":[-0.5,2.0,-1.75],"scale":[0.37,0.37,0.37]},"thirdperson_lefthand":{"rotation":[49.0,0.0,0.0],"translation":[-0.5,2.0,-1.75],"scale":[0.37,0.37,0.37]},"firstperson_righthand":{"translation":[0.0,4.75,1.5],"scale":[0.39,0.39,0.39]},"firstperson_lefthand":{"translation":[0.0,4.75,1.5],"scale":[0.39,0.39,0.39]},"ground":{"translation":[0.0,2.25,0.0],"scale":[0.4,0.4,0.4]},"gui":{"rotation":[31.0,180.0,0.0],"translation":[0.25,-1.5,0.0]},"fixed":{"rotation":[-90.0,0.0,0.0],"translation":[0.0,0.0,-16.0],"scale":[2.0,2.0,2.0]}},"elements":[{"from":[2.0,6.0,11.0],"to":[11.0,8.0,16.0],"faces":{"north":{"uv":[5.0,5.0,9.5,6.0],"texture":"#0"},"east":{"uv":[5.0,7.0,7.5,8.0],"texture":"#0"},"south":{"uv":[5.0,6.0,9.5,7.0],"texture":"#0"},"west":{"uv":[0.0,7.5,2.5,8.5],"texture":"#0"},"up":{"uv":[4.5,2.5,0.0,0.0],"texture":"#0"},"down":{"uv":[4.5,2.5,0.0,5.0],"texture":"#0"}}},{"from":[7.0,3.0,11.0],"to":[14.0,4.0,16.0],"faces":{"north":{"uv":[7.5,7.0,11.0,7.5],"texture":"#0"},"east":{"uv":[2.5,7.5,5.0,8.0],"texture":"#0"},"south":{"uv":[7.5,7.5,11.0,8.0],"texture":"#0"},"west":{"uv":[8.0,0.0,10.5,0.5],"texture":"#0"},"up":{"uv":[8.0,2.5,4.5,0.0],"texture":"#0"},"down":{"uv":[8.0,2.5,4.5,5.0],"texture":"#0"}}},{"from":[8.0,10.0,11.0],"to":[13.0,11.0,16.0],"faces":{"north":{"uv":[8.0,0.5,10.5,1.0],"texture":"#0"},"east":{"uv":[8.0,1.0,10.5,1.5],"texture":"#0"},"south":{"uv":[8.0,1.5,10.5,2.0],"texture":"#0"},"west":{"uv":[8.0,2.0,10.5,2.5],"texture":"#0"},"up":{"uv":[2.5,7.5,0.0,5.0],"texture":"#0"},"down":{"uv":[5.0,5.0,2.5,7.5],"texture":"#0"}}}],"textures":{"0":"workshop_six:e9189da7-bf01-4ee8-8aac-c68e58717af3","particle":"workshop_six:e9189da7-bf01-4ee8-8aac-c68e58717af3"},"gui_light":"front"}