{"display":{"thirdperson_righthand":{"rotation":[49.0,0.0,0.0],"translation":[-1.0,0.0,-0.5],"scale":[0.27,0.27,0.27]},"thirdperson_lefthand":{"rotation":[49.0,0.0,0.0],"translation":[-1.0,0.0,-0.5],"scale":[0.27,0.27,0.27]},"firstperson_righthand":{"translation":[0.0,4.75,1.5],"scale":[0.39,0.39,0.39]},"firstperson_lefthand":{"translation":[0.0,4.75,1.5],"scale":[0.39,0.39,0.39]},"ground":{"translation":[0.0,2.25,0.0],"scale":[0.4,0.4,0.4]},"gui":{"rotation":[11.75,0.0,0.0],"translation":[0.0,1.5,0.0],"scale":[0.96,0.96,0.96]},"head":{"scale":[0.0,0.0,0.0]},"fixed":{"rotation":[-90.0,0.0,0.0],"translation":[0.0,0.0,-16.0],"scale":[2.0,2.0,2.0]}},"elements":[{"from":[3.0,0.0,3.0],"to":[13.0,11.0,13.0],"rotation":{"origin":[1.0,0.0,3.0],"x":0.0,"y":0.0,"z":0.0},"faces":{"north":{"uv":[0.0,0.0,5.0,5.5],"texture":"#0"},"east":{"uv":[0.0,0.0,5.0,5.5],"texture":"#0"},"south":{"uv":[0.0,0.0,5.0,5.5],"texture":"#0"},"west":{"uv":[0.0,0.0,5.0,5.5],"texture":"#0"},"up":{"uv":[15.0,5.0,10.0,0.0],"texture":"#0"},"down":{"uv":[15.0,5.0,10.0,10.0],"texture":"#0"}}},{"from":[5.5,11.0,6.0],"to":[10.5,12.0,10.0],"rotation":{"origin":[1.0,0.0,3.0],"x":0.0,"y":0.0,"z":0.0},"faces":{"north":{"uv":[3.0,13.0,5.5,13.5],"texture":"#0"},"east":{"uv":[8.0,11.0,10.0,11.5],"texture":"#0"},"south":{"uv":[5.5,13.0,8.0,13.5],"texture":"#0"},"west":{"uv":[8.0,11.5,10.0,12.0],"texture":"#0"},"up":{"uv":[5.5,13.0,3.0,11.0],"texture":"#0"},"down":{"uv":[8.0,11.0,5.5,13.0],"texture":"#0"}}},{"from":[5.0,12.0,5.5],"to":[11.0,13.0,10.5],"rotation":{"origin":[1.0,0.0,3.0],"x":0.0,"y":0.0,"z":0.0},"faces":{"north":{"uv":[8.0,12.5,11.0,13.0],"texture":"#0"},"east":{"uv":[8.0,13.0,10.5,13.5],"texture":"#0"},"south":{"uv":[11.0,12.5,14.0,13.0],"texture":"#0"},"west":{"uv":[13.0,10.0,15.5,10.5],"texture":"#0"},"up":{"uv":[13.0,12.5,10.0,10.0],"texture":"#0"},"down":{"uv":[3.0,11.0,0.0,13.5],"texture":"#0"}}}],"textures":{"0":"workshop_six:dac9f620-96be-40f4-8a39-6ea9a7ea3e9f","particle":"workshop_six:dac9f620-96be-40f4-8a39-6ea9a7ea3e9f"},"gui_light":"front"}