{"display":{"thirdperson_righthand":{"rotation":[49.0,0.0,0.0],"translation":[-1.0,3.25,3.5],"scale":[0.68,0.68,0.68]},"thirdperson_lefthand":{"rotation":[49.0,0.0,0.0],"translation":[-1.0,3.25,3.5],"scale":[0.68,0.68,0.68]},"firstperson_righthand":{"translation":[0.0,4.75,1.5],"scale":[0.39,0.39,0.39]},"firstperson_lefthand":{"translation":[0.0,4.75,1.5],"scale":[0.39,0.39,0.39]},"ground":{"translation":[0.0,2.25,0.0],"scale":[0.4,0.4,0.4]},"gui":{"rotation":[31.0,0.0,0.0],"translation":[-0.75,8.25,0.0],"scale":[1.26,1.26,1.26]},"fixed":{"rotation":[-90.0,0.0,0.0],"translation":[0.0,0.0,-16.0],"scale":[2.0,2.0,2.0]}},"elements":[{"from":[5.5,0.0,2.5],"to":[9.5,1.0,6.5],"rotation":{"origin":[8.0,0.5,8.0],"x":0.0,"y":0.0,"z":0.0},"faces":{"north":{"uv":[9.0,6.0,13.0,7.0],"texture":"#2"},"east":{"uv":[9.0,7.0,13.0,8.0],"texture":"#2"},"south":{"uv":[4.0,10.0,8.0,11.0],"texture":"#2"},"west":{"uv":[8.0,10.0,12.0,11.0],"texture":"#2"},"up":{"uv":[9.0,4.0,5.0,0.0],"texture":"#2"},"down":{"uv":[9.0,4.0,5.0,8.0],"texture":"#2"}}},{"from":[11.5,0.0,5.5],"to":[13.5,1.0,9.5],"rotation":{"origin":[8.0,0.5,8.0],"x":0.0,"y":0.0,"z":0.0},"faces":{"north":{"uv":[4.0,11.0,6.0,12.0],"texture":"#2"},"east":{"uv":[10.0,8.0,14.0,9.0],"texture":"#2"},"south":{"uv":[6.0,11.0,8.0,12.0],"texture":"#2"},"west":{"uv":[10.0,9.0,14.0,10.0],"texture":"#2"},"up":{"uv":[2.0,14.0,0.0,10.0],"texture":"#2"},"down":{"uv":[4.0,10.0,2.0,14.0],"texture":"#2"}}},{"from":[4.5,0.0,8.5],"to":[9.5,2.0,13.5],"rotation":{"origin":[7.0,1.0,11.0],"x":0.0,"y":0.0,"z":0.0},"faces":{"north":{"uv":[9.0,4.0,14.0,6.0],"texture":"#2"},"east":{"uv":[5.0,8.0,10.0,10.0],"texture":"#2"},"south":{"uv":[9.0,0.0,14.0,2.0],"texture":"#2"},"west":{"uv":[9.0,2.0,14.0,4.0],"texture":"#2"},"up":{"uv":[5.0,5.0,0.0,0.0],"texture":"#2","rotation":90},"down":{"uv":[5.0,5.0,0.0,10.0],"texture":"#2","rotation":270}}}],"textures":{"2":"workshop_six:0a639ca8-4e23-476e-b739-f223d51c784e","particle":"workshop_six:0a639ca8-4e23-476e-b739-f223d51c784e"},"gui_light":"front"}