{"display":{"thirdperson_righthand":{"rotation":[49.0,0.0,0.0],"translation":[-1.0,0.0,-0.5],"scale":[0.27,0.27,0.27]},"thirdperson_lefthand":{"rotation":[49.0,0.0,0.0],"translation":[-1.0,0.0,-0.5],"scale":[0.27,0.27,0.27]},"firstperson_righthand":{"translation":[0.0,4.75,1.5],"scale":[0.39,0.39,0.39]},"firstperson_lefthand":{"translation":[0.0,4.75,1.5],"scale":[0.39,0.39,0.39]},"ground":{"translation":[0.0,2.25,0.0],"scale":[0.4,0.4,0.4]},"gui":{"rotation":[11.75,180.0,0.0],"translation":[0.0,1.5,0.0],"scale":[0.64,0.64,0.64]},"head":{"scale":[0.0,0.0,0.0]},"fixed":{"rotation":[-90.0,0.0,0.0],"translation":[0.0,0.0,-16.0],"scale":[2.0,2.0,2.0]}},"elements":[{"from":[-2.0,0.0,2.0],"to":[18.0,9.0,14.0],"rotation":{"origin":[0.0,0.0,2.0],"x":0.0,"y":0.0,"z":0.0},"faces":{"north":{"uv":[0.0,6.0,5.0,8.25],"texture":"#0"},"east":{"uv":[6.0,8.25,3.0,10.5],"texture":"#0"},"south":{"uv":[5.0,6.0,0.0,8.25],"texture":"#0"},"west":{"uv":[3.0,8.25,6.0,10.5],"texture":"#0"},"up":{"uv":[10.0,3.0,5.0,0.0],"texture":"#0"},"down":{"uv":[10.0,3.0,5.0,6.0],"texture":"#0"}}},{"from":[7.0,6.0,1.5],"to":[9.0,10.0,2.5],"rotation":{"origin":[0.0,2.0,1.5],"x":0.0,"y":0.0,"z":0.0},"faces":{"north":{"uv":[10.0,0.0,10.5,1.0],"texture":"#0"},"east":{"uv":[10.0,2.0,10.25,3.0],"texture":"#0"},"south":{"uv":[10.0,1.0,10.5,2.0],"texture":"#0"},"west":{"uv":[10.0,3.0,10.25,4.0],"texture":"#0"},"up":{"uv":[10.5,4.25,10.0,4.0],"texture":"#0"},"down":{"uv":[10.5,4.25,10.0,4.5],"texture":"#0"}}},{"from":[-2.0,9.0,2.0],"to":[18.0,12.0,14.0],"rotation":{"origin":[8.0,9.0,14.0],"x":0.0,"y":0.0,"z":0.0},"faces":{"north":{"uv":[6.0,8.25,11.0,9.0],"texture":"#0"},"east":{"uv":[12.0,9.75,9.0,10.5],"texture":"#0"},"south":{"uv":[11.0,8.25,6.0,9.0],"texture":"#0"},"west":{"uv":[9.0,9.75,12.0,10.5],"texture":"#0"},"up":{"uv":[5.0,3.0,0.0,0.0],"texture":"#0"},"down":{"uv":[5.0,3.0,0.0,6.0],"texture":"#0"}}}],"textures":{"0":"workshop_six:9363b4d4-b399-4be9-8852-7c5fb6ee7bcb","particle":"workshop_six:9363b4d4-b399-4be9-8852-7c5fb6ee7bcb"},"gui_light":"front"}