{"display":{"thirdperson_righthand":{"rotation":[49.0,0.0,0.0],"translation":[-1.0,0.0,-0.5],"scale":[0.27,0.27,0.27]},"thirdperson_lefthand":{"rotation":[49.0,0.0,0.0],"translation":[-1.0,0.0,-0.5],"scale":[0.27,0.27,0.27]},"firstperson_righthand":{"translation":[0.0,4.75,1.5],"scale":[0.39,0.39,0.39]},"firstperson_lefthand":{"translation":[0.0,4.75,1.5],"scale":[0.39,0.39,0.39]},"ground":{"translation":[0.0,2.25,0.0],"scale":[0.4,0.4,0.4]},"gui":{"rotation":[11.75,180.0,0.0],"translation":[-0.25,-1.25,0.0],"scale":[0.52,0.52,0.52]},"head":{"scale":[0.0,0.0,0.0]},"fixed":{"rotation":[-90.0,0.0,0.0],"translation":[0.0,0.0,-16.0],"scale":[2.0,2.0,2.0]}},"elements":[{"from":[-2.0,0.0,2.0],"to":[18.0,9.0,14.0],"rotation":{"origin":[0.0,0.0,2.0],"x":0.0,"y":0.0,"z":0.0},"faces":{"north":{"uv":[0.0,6.0,5.0,8.25],"texture":"#2"},"east":{"uv":[0.0,8.25,3.0,10.5],"texture":"#2"},"south":{"uv":[5.0,6.0,10.0,8.25],"texture":"#2"},"west":{"uv":[3.0,8.25,6.0,10.5],"texture":"#2"},"up":{"uv":[5.0,3.0,0.0,0.0],"texture":"#2"},"down":{"uv":[5.0,3.0,0.0,6.0],"texture":"#2"}}},{"from":[7.0,6.0,1.5],"to":[9.0,10.0,2.5],"rotation":{"origin":[0.0,2.0,1.5],"x":0.0,"y":0.0,"z":0.0},"faces":{"north":{"uv":[11.5,3.0,12.0,4.0],"texture":"#2"},"east":{"uv":[11.5,4.0,11.75,5.0],"texture":"#2"},"south":{"uv":[3.75,11.5,4.25,12.5],"texture":"#2"},"west":{"uv":[4.25,11.5,4.5,12.5],"texture":"#2"},"up":{"uv":[12.5,10.5,12.0,10.25],"texture":"#2"},"down":{"uv":[11.0,12.0,10.5,12.25],"texture":"#2"}}},{"from":[-2.0,9.0,14.0],"to":[18.0,21.0,17.0],"rotation":{"origin":[8.0,9.0,14.0],"x":0.0,"y":0.0,"z":0.0},"faces":{"north":{"uv":[5.0,0.0,10.0,3.0],"texture":"#2"},"east":{"uv":[6.0,9.75,6.75,12.75],"texture":"#2"},"south":{"uv":[5.0,3.0,10.0,6.0],"texture":"#2"},"west":{"uv":[6.75,9.75,7.5,12.75],"texture":"#2"},"up":{"uv":[11.0,9.0,6.0,8.25],"texture":"#2"},"down":{"uv":[11.0,9.0,6.0,9.75],"texture":"#2"}}},{"from":[0.05253,9.0,5.15224],"to":[3.05253,10.0,8.15224],"rotation":{"origin":[0.78716,10.0,8.5],"x":0.0,"y":0.0,"z":0.0},"faces":{"north":{"uv":[4.5,11.5,5.25,11.75],"texture":"#2"},"east":{"uv":[11.5,5.0,12.25,5.25],"texture":"#2"},"south":{"uv":[11.5,5.25,12.25,5.5],"texture":"#2"},"west":{"uv":[11.5,5.5,12.25,5.75],"texture":"#2"},"up":{"uv":[10.75,8.25,10.0,7.5],"texture":"#2"},"down":{"uv":[6.0,10.5,5.25,11.25],"texture":"#2"}}},{"from":[-0.71284,9.0,9.0],"to":[2.28716,10.0,12.0],"rotation":{"origin":[0.78716,10.0,8.5],"x":0.0,"y":-22.5,"z":0.0},"faces":{"north":{"uv":[11.5,5.75,12.25,6.0],"texture":"#2"},"east":{"uv":[11.5,6.0,12.25,6.25],"texture":"#2"},"south":{"uv":[11.5,6.25,12.25,6.5],"texture":"#2"},"west":{"uv":[11.5,6.5,12.25,6.75],"texture":"#2"},"up":{"uv":[11.25,10.5,10.5,9.75],"texture":"#2"},"down":{"uv":[11.25,10.5,10.5,11.25],"texture":"#2"}}},{"from":[-0.71284,10.0,7.0],"to":[2.28716,11.0,10.0],"rotation":{"origin":[0.78716,10.0,8.5],"x":0.0,"y":22.5,"z":0.0},"faces":{"north":{"uv":[11.5,6.75,12.25,7.0],"texture":"#2"},"east":{"uv":[11.5,7.0,12.25,7.25],"texture":"#2"},"south":{"uv":[11.5,7.25,12.25,7.5],"texture":"#2"},"west":{"uv":[11.5,7.5,12.25,7.75],"texture":"#2"},"up":{"uv":[11.5,0.75,10.75,0.0],"texture":"#2"},"down":{"uv":[11.5,0.75,10.75,1.5],"texture":"#2"}}},{"from":[7.7512,9.0,4.30552],"to":[10.7512,15.0,7.30552],"rotation":{"origin":[8.7512,9.0,4.30552],"x":0.0,"y":22.5,"z":0.0},"faces":{"north":{"uv":[10.0,0.0,10.75,1.5],"texture":"#2"},"east":{"uv":[10.0,1.5,10.75,3.0],"texture":"#2"},"south":{"uv":[10.0,3.0,10.75,4.5],"texture":"#2"},"west":{"uv":[10.0,4.5,10.75,6.0],"texture":"#2"},"up":{"uv":[11.5,2.25,10.75,1.5],"texture":"#2"},"down":{"uv":[11.5,2.25,10.75,3.0],"texture":"#2"}}},{"from":[4.5012,9.0,5.30552],"to":[7.5012,13.0,8.30552],"rotation":{"origin":[5.5012,9.0,5.30552],"x":0.0,"y":0.0,"z":0.0},"faces":{"north":{"uv":[2.25,10.5,3.0,11.5],"texture":"#2"},"east":{"uv":[3.0,10.5,3.75,11.5],"texture":"#2"},"south":{"uv":[3.75,10.5,4.5,11.5],"texture":"#2"},"west":{"uv":[4.5,10.5,5.25,11.5],"texture":"#2"},"up":{"uv":[11.5,3.75,10.75,3.0],"texture":"#2"},"down":{"uv":[11.5,3.75,10.75,4.5],"texture":"#2"}}},{"from":[6.2512,9.0,8.55552],"to":[9.2512,15.0,11.55552],"rotation":{"origin":[7.2512,9.0,8.55552],"x":0.0,"y":0.0,"z":0.0},"faces":{"north":{"uv":[10.0,6.0,10.75,7.5],"texture":"#2"},"east":{"uv":[0.0,10.5,0.75,12.0],"texture":"#2"},"south":{"uv":[0.75,10.5,1.5,12.0],"texture":"#2"},"west":{"uv":[1.5,10.5,2.25,12.0],"texture":"#2"},"up":{"uv":[11.5,5.25,10.75,4.5],"texture":"#2"},"down":{"uv":[11.5,5.25,10.75,6.0],"texture":"#2"}}},{"from":[13.18941,8.25,8.23463],"to":[16.18941,9.25,11.23463],"rotation":{"origin":[16.53716,9.25,10.5],"x":0.0,"y":0.0,"z":-45.0},"faces":{"north":{"uv":[11.5,7.75,12.25,8.0],"texture":"#2"},"east":{"uv":[11.5,8.0,12.25,8.25],"texture":"#2"},"south":{"uv":[11.75,4.0,12.5,4.25],"texture":"#2"},"west":{"uv":[11.75,4.25,12.5,4.5],"texture":"#2"},"up":{"uv":[11.5,6.75,10.75,6.0],"texture":"#2"},"down":{"uv":[11.5,6.75,10.75,7.5],"texture":"#2"}}},{"from":[13.37705,8.95301,3.23463],"to":[16.37705,9.95301,6.23463],"rotation":{"origin":[14.87705,9.45301,4.73463],"x":0.0,"y":45.0,"z":0.0},"faces":{"north":{"uv":[4.5,11.75,5.25,12.0],"texture":"#2"},"east":{"uv":[11.75,4.5,12.5,4.75],"texture":"#2"},"south":{"uv":[11.75,4.75,12.5,5.0],"texture":"#2"},"west":{"uv":[11.75,8.25,12.5,8.5],"texture":"#2"},"up":{"uv":[11.5,8.25,10.75,7.5],"texture":"#2"},"down":{"uv":[11.75,8.25,11.0,9.0],"texture":"#2"}}},{"from":[10.5012,9.0,7.55552],"to":[13.5012,18.0,10.55552],"rotation":{"origin":[11.5012,9.0,7.55552],"x":0.0,"y":0.0,"z":0.0},"faces":{"north":{"uv":[7.5,9.75,8.25,12.0],"texture":"#2"},"east":{"uv":[8.25,9.75,9.0,12.0],"texture":"#2"},"south":{"uv":[9.0,9.75,9.75,12.0],"texture":"#2"},"west":{"uv":[9.75,9.75,10.5,12.0],"texture":"#2"},"up":{"uv":[11.75,9.75,11.0,9.0],"texture":"#2"},"down":{"uv":[6.0,11.25,5.25,12.0],"texture":"#2"}}},{"from":[19.13492,0.0,-1.73463],"to":[22.13492,1.0,1.26537],"rotation":{"origin":[18.78716,1.0,-1.0],"x":0.0,"y":-22.5,"z":0.0},"faces":{"north":{"uv":[11.75,8.5,12.5,8.75],"texture":"#2"},"east":{"uv":[11.75,8.75,12.5,9.0],"texture":"#2"},"south":{"uv":[11.75,9.0,12.5,9.25],"texture":"#2"},"west":{"uv":[11.75,9.25,12.5,9.5],"texture":"#2"},"up":{"uv":[12.0,10.5,11.25,9.75],"texture":"#2"},"down":{"uv":[11.25,11.25,10.5,12.0],"texture":"#2"}}},{"from":[17.28716,1.0,-2.5],"to":[20.28716,2.0,0.5],"rotation":{"origin":[18.78716,1.0,-1.0],"x":0.0,"y":0.0,"z":0.0},"faces":{"north":{"uv":[11.75,9.5,12.5,9.75],"texture":"#2"},"east":{"uv":[0.0,12.0,0.75,12.25],"texture":"#2"},"south":{"uv":[0.75,12.0,1.5,12.25],"texture":"#2"},"west":{"uv":[1.5,12.0,2.25,12.25],"texture":"#2"},"up":{"uv":[12.0,11.25,11.25,10.5],"texture":"#2"},"down":{"uv":[12.0,11.25,11.25,12.0],"texture":"#2"}}},{"from":[17.28716,0.0,-4.5],"to":[20.28716,1.0,-1.5],"rotation":{"origin":[18.78716,1.0,-1.0],"x":0.0,"y":45.0,"z":0.0},"faces":{"north":{"uv":[12.0,3.0,12.75,3.25],"texture":"#2"},"east":{"uv":[12.0,3.25,12.75,3.5],"texture":"#2"},"south":{"uv":[12.0,3.5,12.75,3.75],"texture":"#2"},"west":{"uv":[12.0,3.75,12.75,4.0],"texture":"#2"},"up":{"uv":[12.25,0.75,11.5,0.0],"texture":"#2"},"down":{"uv":[12.25,0.75,11.5,1.5],"texture":"#2"}}},{"from":[11.28716,0.0,-3.25],"to":[14.28716,1.0,-0.25],"rotation":{"origin":[14.78716,1.0,-1.75],"x":0.0,"y":22.5,"z":0.0},"faces":{"north":{"uv":[4.5,12.0,5.25,12.25],"texture":"#2"},"east":{"uv":[5.25,12.0,6.0,12.25],"texture":"#2"},"south":{"uv":[7.5,12.0,8.25,12.25],"texture":"#2"},"west":{"uv":[8.25,12.0,9.0,12.25],"texture":"#2"},"up":{"uv":[12.25,2.25,11.5,1.5],"texture":"#2"},"down":{"uv":[3.0,11.5,2.25,12.25],"texture":"#2"}}},{"from":[-6.71284,0.0,2.0],"to":[-3.71284,1.0,5.0],"rotation":{"origin":[-5.21284,0.0,3.5],"x":0.0,"y":22.5,"z":0.0},"faces":{"north":{"uv":[9.0,12.0,9.75,12.25],"texture":"#2"},"east":{"uv":[9.75,12.0,10.5,12.25],"texture":"#2"},"south":{"uv":[12.0,9.75,12.75,10.0],"texture":"#2"},"west":{"uv":[12.0,10.0,12.75,10.25],"texture":"#2"},"up":{"uv":[12.25,3.0,11.5,2.25],"texture":"#2"},"down":{"uv":[3.75,11.5,3.0,12.25],"texture":"#2"}}}],"textures":{"2":"workshop_six:2a38977c-dfbd-409d-9b72-5ceb704eb9c4","particle":"workshop_six:2a38977c-dfbd-409d-9b72-5ceb704eb9c4"},"gui_light":"front"}