{"display":{"thirdperson_righthand":{"rotation":[49.0,0.0,0.0],"translation":[1.75,1.75,-0.5],"scale":[0.27,0.27,0.27]},"thirdperson_lefthand":{"rotation":[49.0,0.0,0.0],"translation":[-1.25,2.75,0.25],"scale":[0.27,0.27,0.27]},"firstperson_righthand":{"rotation":[0.0,-97.0,0.0],"translation":[-1.0,4.75,5.5],"scale":[0.15,0.15,0.15]},"firstperson_lefthand":{"rotation":[0.0,-97.0,0.0],"translation":[-1.0,4.75,5.5],"scale":[0.15,0.15,0.15]},"ground":{"translation":[3.0,2.25,-3.75],"scale":[0.4,0.4,0.4]},"gui":{"rotation":[11.75,180.0,0.0],"translation":[-3.0,-0.25,0.0],"scale":[0.43,0.43,0.43]},"head":{"scale":[0.0,0.0,0.0]},"fixed":{"rotation":[-90.0,0.0,0.0],"translation":[0.0,0.0,-16.0],"scale":[2.0,2.0,2.0]}},"elements":[{"from":[-16.0,0.0,30.0],"to":[-14.0,15.0,32.0],"rotation":{"origin":[0.5,5.51903,15.0],"x":0.0,"y":0.0,"z":0.0},"faces":{"north":{"uv":[8.5,9.875,8.75,11.75],"texture":"#2"},"east":{"uv":[8.75,9.875,9.0,11.75],"texture":"#2"},"south":{"uv":[9.0,9.875,9.25,11.75],"texture":"#2"},"west":{"uv":[9.25,9.875,9.5,11.75],"texture":"#2"},"up":{"uv":[7.5,3.75,7.25,3.5],"texture":"#2"},"down":{"uv":[7.375,8.0,7.125,8.25],"texture":"#2"}}},{"from":[-14.5,2.0,1.0],"to":[16.5,8.0,30.0],"rotation":{"origin":[1.0,5.51903,15.0],"x":0.0,"y":0.0,"z":0.0},"faces":{"north":{"uv":[7.25,2.75,11.125,3.5],"texture":"#2"},"east":{"uv":[7.5,5.0,11.125,5.75],"texture":"#2"},"south":{"uv":[7.25,2.0,11.125,2.75],"texture":"#2"},"west":{"uv":[7.5,5.75,11.125,6.5],"texture":"#2"},"up":{"uv":[3.625,3.875,0.0,0.0],"texture":"#2","rotation":90},"down":{"uv":[7.25,0.0,3.625,3.875],"texture":"#2","rotation":270}}},{"from":[-15.5,1.0,0.0],"to":[-14.5,14.0,30.0],"rotation":{"origin":[1.0,5.51903,15.0],"x":0.0,"y":0.0,"z":0.0},"faces":{"north":{"uv":[2.625,10.125,2.75,11.75],"texture":"#2"},"east":{"uv":[0.0,6.375,3.75,8.0],"texture":"#2"},"south":{"uv":[6.5,10.0,6.625,11.625],"texture":"#2"},"west":{"uv":[3.75,6.375,7.5,8.0],"texture":"#2"},"up":{"uv":[3.75,8.75,0.0,8.625],"texture":"#2","rotation":90},"down":{"uv":[3.75,8.75,0.0,8.875],"texture":"#2","rotation":270}}},{"from":[16.5,1.0,0.5],"to":[17.5,9.0,30.5],"rotation":{"origin":[1.0,5.51903,15.0],"x":0.0,"y":0.0,"z":0.0},"faces":{"north":{"uv":[2.875,10.125,3.0,11.125],"texture":"#2"},"east":{"uv":[7.25,0.0,11.0,1.0],"texture":"#2"},"south":{"uv":[2.75,10.125,2.875,11.125],"texture":"#2"},"west":{"uv":[7.25,1.0,11.0,2.0],"texture":"#2"},"up":{"uv":[13.25,10.0,9.5,9.875],"texture":"#2","rotation":90},"down":{"uv":[3.75,10.0,0.0,10.125],"texture":"#2","rotation":270}}},{"from":[-14.5,1.0,0.0],"to":[16.5,5.0,1.0],"rotation":{"origin":[1.0,5.51903,15.0],"x":0.0,"y":0.0,"z":0.0},"faces":{"north":{"uv":[7.625,8.375,11.5,8.875],"texture":"#2"},"east":{"uv":[3.0,10.125,3.125,10.625],"texture":"#2"},"south":{"uv":[3.75,8.375,7.625,8.875],"texture":"#2"},"west":{"uv":[3.125,10.125,3.25,10.625],"texture":"#2"},"up":{"uv":[8.125,13.75,8.0,9.875],"texture":"#2","rotation":90},"down":{"uv":[8.25,9.875,8.125,13.75],"texture":"#2","rotation":270}}},{"from":[-3.5,3.5,0.75],"to":[16.5,8.5,30.25],"rotation":{"origin":[1.0,5.51903,15.0],"x":0.0,"y":0.0,"z":0.0},"faces":{"north":{"uv":[0.0,9.375,2.5,10.0],"texture":"#2","tintindex":0},"east":{"uv":[7.5,6.5,11.25,7.125],"texture":"#2","tintindex":0},"south":{"uv":[7.75,8.875,10.25,9.5],"texture":"#2","tintindex":0},"west":{"uv":[7.5,7.125,11.25,7.75],"texture":"#2","tintindex":0},"up":{"uv":[3.75,6.375,0.0,3.875],"texture":"#2","rotation":90,"tintindex":0},"down":{"uv":[7.5,3.875,3.75,6.375],"texture":"#2","rotation":270,"tintindex":0}}},{"from":[-8.5,3.0,0.5],"to":[-3.5,9.0,30.5],"rotation":{"origin":[1.0,5.51903,15.0],"x":0.0,"y":0.0,"z":0.0},"faces":{"north":{"uv":[4.375,10.0,5.0,10.75],"texture":"#2","tintindex":0},"east":{"uv":[7.5,3.5,11.25,4.25],"texture":"#2","tintindex":0},"south":{"uv":[3.75,10.0,4.375,10.75],"texture":"#2","tintindex":0},"west":{"uv":[7.5,4.25,11.25,5.0],"texture":"#2","tintindex":0},"up":{"uv":[11.25,8.375,7.5,7.75],"texture":"#2","rotation":90,"tintindex":0},"down":{"uv":[3.75,8.0,0.0,8.625],"texture":"#2","rotation":270,"tintindex":0}}},{"from":[-14.18926,1.48954,16.0],"to":[-9.18926,4.48954,27.0],"rotation":{"origin":[1.0,5.51903,15.0],"x":0.0,"y":0.0,"z":-22.5},"faces":{"north":{"uv":[0.75,10.125,1.375,10.5],"texture":"#2"},"east":{"uv":[3.75,8.0,5.125,8.375],"texture":"#2"},"south":{"uv":[6.5,8.0,7.125,8.375],"texture":"#2"},"west":{"uv":[5.125,8.0,6.5,8.375],"texture":"#2"},"up":{"uv":[3.875,10.0,2.5,9.375],"texture":"#2","rotation":90},"down":{"uv":[5.25,9.375,3.875,10.0],"texture":"#2","rotation":270}}},{"from":[-16.0,0.0,-1.0],"to":[-14.0,15.0,1.0],"rotation":{"origin":[0.5,5.51903,15.0],"x":0.0,"y":0.0,"z":0.0},"faces":{"north":{"uv":[5.0,10.0,5.25,11.875],"texture":"#2"},"east":{"uv":[5.25,10.0,5.5,11.875],"texture":"#2"},"south":{"uv":[5.5,10.0,5.75,11.875],"texture":"#2"},"west":{"uv":[5.75,10.0,6.0,11.875],"texture":"#2"},"up":{"uv":[3.5,10.375,3.25,10.125],"texture":"#2"},"down":{"uv":[3.75,10.125,3.5,10.375],"texture":"#2"}}},{"from":[16.0,0.0,-1.5],"to":[18.0,10.0,0.5],"rotation":{"origin":[1.0,5.51903,15.0],"x":0.0,"y":0.0,"z":0.0},"faces":{"north":{"uv":[9.75,10.0,10.0,11.25],"texture":"#2"},"east":{"uv":[6.0,10.0,6.25,11.25],"texture":"#2"},"south":{"uv":[6.25,10.0,6.5,11.25],"texture":"#2"},"west":{"uv":[9.5,10.0,9.75,11.25],"texture":"#2"},"up":{"uv":[6.875,10.375,6.625,10.125],"texture":"#2","rotation":90},"down":{"uv":[7.125,10.125,6.875,10.375],"texture":"#2","rotation":270}}},{"from":[-14.5,1.0,30.0],"to":[16.5,5.0,31.0],"rotation":{"origin":[1.0,5.51903,15.0],"x":0.0,"y":0.0,"z":0.0},"faces":{"north":{"uv":[3.875,8.875,7.75,9.375],"texture":"#2"},"east":{"uv":[7.125,10.125,7.25,10.625],"texture":"#2"},"south":{"uv":[0.0,8.875,3.875,9.375],"texture":"#2"},"west":{"uv":[7.25,10.125,7.375,10.625],"texture":"#2"},"up":{"uv":[8.375,13.75,8.25,9.875],"texture":"#2","rotation":90},"down":{"uv":[8.5,9.875,8.375,13.75],"texture":"#2","rotation":270}}},{"from":[16.0,0.0,29.5],"to":[18.0,10.0,31.5],"rotation":{"origin":[1.0,5.51903,15.0],"x":0.0,"y":0.0,"z":0.0},"faces":{"north":{"uv":[0.5,10.125,0.75,11.375],"texture":"#2"},"east":{"uv":[10.0,10.0,10.25,11.25],"texture":"#2"},"south":{"uv":[0.0,10.125,0.25,11.375],"texture":"#2"},"west":{"uv":[0.25,10.125,0.5,11.375],"texture":"#2"},"up":{"uv":[7.625,10.375,7.375,10.125],"texture":"#2","rotation":90},"down":{"uv":[7.875,10.125,7.625,10.375],"texture":"#2","rotation":270}}},{"from":[-14.18926,1.48954,4.0],"to":[-9.18926,4.48954,15.0],"rotation":{"origin":[1.0,5.51903,15.0],"x":0.0,"y":0.0,"z":-22.5},"faces":{"north":{"uv":[2.0,10.125,2.625,10.5],"texture":"#2"},"east":{"uv":[8.0,9.5,9.375,9.875],"texture":"#2"},"south":{"uv":[1.375,10.125,2.0,10.5],"texture":"#2"},"west":{"uv":[9.375,9.5,10.75,9.875],"texture":"#2"},"up":{"uv":[6.625,10.0,5.25,9.375],"texture":"#2","rotation":90},"down":{"uv":[8.0,9.5,6.625,10.125],"texture":"#2","rotation":270}}}],"textures":{"2":"workshop_six:34ebf457-e89d-4a68-bc56-014cbf542071","particle":"workshop_six:34ebf457-e89d-4a68-bc56-014cbf542071"},"gui_light":"front"}