{"display":{"thirdperson_righthand":{"rotation":[49.0,0.0,0.0],"translation":[-1.0,0.0,-0.5],"scale":[0.27,0.27,0.27]},"thirdperson_lefthand":{"rotation":[49.0,0.0,0.0],"translation":[-1.0,0.0,-0.5],"scale":[0.27,0.27,0.27]},"firstperson_righthand":{"translation":[0.0,3.75,3.75],"scale":[0.2,0.2,0.2]},"firstperson_lefthand":{"translation":[0.0,3.75,3.75],"scale":[0.2,0.2,0.2]},"ground":{"translation":[0.0,2.25,0.0],"scale":[0.4,0.4,0.4]},"gui":{"rotation":[11.75,30.0,0.0],"translation":[0.0,-2.5,0.0],"scale":[0.4,0.4,0.4]},"head":{"scale":[0.0,0.0,0.0]},"fixed":{"rotation":[-90.0,0.0,0.0],"translation":[0.0,0.0,-16.0],"scale":[2.0,2.0,2.0]}},"elements":[{"from":[-1.0,0.0,10.0],"to":[17.0,14.0,28.0],"rotation":{"origin":[15.0,0.0,11.0],"x":0.0,"y":0.0,"z":0.0},"faces":{"north":{"uv":[0.0,6.75,2.25,8.5],"texture":"#0"},"east":{"uv":[0.0,6.75,2.25,8.5],"texture":"#0"},"south":{"uv":[0.0,6.75,2.25,8.5],"texture":"#0"},"west":{"uv":[0.0,6.75,2.25,8.5],"texture":"#0"},"up":{"uv":[7.125,4.625,4.875,2.375],"texture":"#0"},"down":{"uv":[7.125,4.625,4.875,6.875],"texture":"#0"}}},{"from":[-2.0,13.0,9.0],"to":[18.0,15.0,29.0],"rotation":{"origin":[16.0,13.0,10.0],"x":0.0,"y":0.0,"z":0.0},"faces":{"north":{"uv":[7.125,5.375,9.625,5.625],"texture":"#0"},"east":{"uv":[7.125,5.625,9.625,5.875],"texture":"#0"},"south":{"uv":[7.125,5.375,9.625,5.625],"texture":"#0"},"west":{"uv":[7.125,5.625,9.625,5.875],"texture":"#0"},"up":{"uv":[2.5,2.5,0.0,0.0],"texture":"#0"},"down":{"uv":[2.5,2.5,0.0,5.0],"texture":"#0"}}},{"from":[-1.5,9.0,9.5],"to":[17.5,11.0,28.5],"rotation":{"origin":[15.5,9.0,10.5],"x":0.0,"y":0.0,"z":0.0},"faces":{"north":{"uv":[7.125,6.625,9.5,6.875],"texture":"#0"},"east":{"uv":[7.125,6.625,9.5,6.875],"texture":"#0"},"south":{"uv":[7.125,6.625,9.5,6.875],"texture":"#0"},"west":{"uv":[7.125,6.625,9.5,6.875],"texture":"#0"},"up":{"uv":[4.875,2.375,2.5,0.0],"texture":"#0"},"down":{"uv":[4.875,2.375,2.5,4.75],"texture":"#0"}}},{"from":[-2.5,12.5,23.0],"to":[18.5,15.5,25.0],"rotation":{"origin":[15.5,12.5,16.0],"x":0.0,"y":0.0,"z":0.0},"faces":{"north":{"uv":[7.125,3.125,9.75,3.5],"texture":"#0"},"east":{"uv":[2.25,5.75,2.5,6.125],"texture":"#0"},"south":{"uv":[7.125,3.5,9.75,3.875],"texture":"#0"},"west":{"uv":[2.25,6.125,2.5,6.5],"texture":"#0"},"up":{"uv":[9.75,4.625,7.125,4.375],"texture":"#0"},"down":{"uv":[9.75,4.625,7.125,4.875],"texture":"#0"}}},{"from":[-1.5,3.0,9.5],"to":[17.5,5.0,28.5],"rotation":{"origin":[15.5,3.0,10.5],"x":0.0,"y":0.0,"z":0.0},"faces":{"north":{"uv":[7.125,6.625,9.5,6.875],"texture":"#0"},"east":{"uv":[7.125,6.625,9.5,6.875],"texture":"#0"},"south":{"uv":[7.125,6.625,9.5,6.875],"texture":"#0"},"west":{"uv":[7.125,6.625,9.5,6.875],"texture":"#0"},"up":{"uv":[4.875,2.375,2.5,0.0],"texture":"#0"},"down":{"uv":[4.875,2.375,2.5,4.75],"texture":"#0"}}},{"from":[-2.5,12.5,13.0],"to":[18.5,15.5,15.0],"rotation":{"origin":[0.5,12.5,22.0],"x":0.0,"y":0.0,"z":0.0},"faces":{"north":{"uv":[7.125,3.5,9.75,3.875],"texture":"#0"},"east":{"uv":[2.25,6.125,2.5,6.5],"texture":"#0"},"south":{"uv":[7.125,3.125,9.75,3.5],"texture":"#0"},"west":{"uv":[2.25,5.75,2.5,6.125],"texture":"#0"},"up":{"uv":[7.125,4.375,9.75,4.625],"texture":"#0"},"down":{"uv":[7.125,4.875,9.75,4.625],"texture":"#0"}}},{"from":[-1.0,0.0,-11.0],"to":[17.0,14.0,7.0],"rotation":{"origin":[15.0,0.0,-10.0],"x":0.0,"y":0.0,"z":0.0},"faces":{"north":{"uv":[0.0,6.75,2.25,8.5],"texture":"#0"},"east":{"uv":[0.0,6.75,2.25,8.5],"texture":"#0"},"south":{"uv":[0.0,6.75,2.25,8.5],"texture":"#0"},"west":{"uv":[0.0,6.75,2.25,8.5],"texture":"#0"},"up":{"uv":[7.125,4.625,4.875,2.375],"texture":"#0"},"down":{"uv":[7.125,4.625,4.875,6.875],"texture":"#0"}}},{"from":[-2.0,13.0,-12.0],"to":[18.0,15.0,8.0],"rotation":{"origin":[16.0,13.0,-11.0],"x":0.0,"y":0.0,"z":0.0},"faces":{"north":{"uv":[7.125,5.375,9.625,5.625],"texture":"#0"},"east":{"uv":[7.125,5.625,9.625,5.875],"texture":"#0"},"south":{"uv":[7.125,5.375,9.625,5.625],"texture":"#0"},"west":{"uv":[7.125,5.625,9.625,5.875],"texture":"#0"},"up":{"uv":[2.5,2.5,0.0,0.0],"texture":"#0"},"down":{"uv":[2.5,2.5,0.0,5.0],"texture":"#0"}}},{"from":[-2.5,12.5,2.0],"to":[18.5,15.5,4.0],"rotation":{"origin":[15.5,12.5,-5.0],"x":0.0,"y":0.0,"z":0.0},"faces":{"north":{"uv":[7.125,3.125,9.75,3.5],"texture":"#0"},"east":{"uv":[2.25,5.75,2.5,6.125],"texture":"#0"},"south":{"uv":[7.125,3.5,9.75,3.875],"texture":"#0"},"west":{"uv":[2.25,6.125,2.5,6.5],"texture":"#0"},"up":{"uv":[9.75,4.625,7.125,4.375],"texture":"#0"},"down":{"uv":[9.75,4.625,7.125,4.875],"texture":"#0"}}},{"from":[-2.5,12.5,-8.0],"to":[18.5,15.5,-6.0],"rotation":{"origin":[0.5,12.5,1.0],"x":0.0,"y":0.0,"z":0.0},"faces":{"north":{"uv":[7.125,3.5,9.75,3.875],"texture":"#0"},"east":{"uv":[2.25,6.125,2.5,6.5],"texture":"#0"},"south":{"uv":[7.125,3.125,9.75,3.5],"texture":"#0"},"west":{"uv":[2.25,5.75,2.5,6.125],"texture":"#0"},"up":{"uv":[7.125,4.375,9.75,4.625],"texture":"#0"},"down":{"uv":[7.125,4.875,9.75,4.625],"texture":"#0"}}},{"from":[-1.5,9.0,-11.5],"to":[17.5,11.0,7.5],"rotation":{"origin":[15.5,9.0,-10.5],"x":0.0,"y":0.0,"z":0.0},"faces":{"north":{"uv":[7.125,6.625,9.5,6.875],"texture":"#0"},"east":{"uv":[7.125,6.625,9.5,6.875],"texture":"#0"},"south":{"uv":[7.125,6.625,9.5,6.875],"texture":"#0"},"west":{"uv":[7.125,6.625,9.5,6.875],"texture":"#0"},"up":{"uv":[4.875,2.375,2.5,0.0],"texture":"#0"},"down":{"uv":[4.875,2.375,2.5,4.75],"texture":"#0"}}},{"from":[-1.5,3.0,-11.5],"to":[17.5,5.0,7.5],"rotation":{"origin":[15.5,3.0,-10.5],"x":0.0,"y":0.0,"z":0.0},"faces":{"north":{"uv":[7.125,6.625,9.5,6.875],"texture":"#0"},"east":{"uv":[7.125,6.625,9.5,6.875],"texture":"#0"},"south":{"uv":[7.125,6.625,9.5,6.875],"texture":"#0"},"west":{"uv":[7.125,6.625,9.5,6.875],"texture":"#0"},"up":{"uv":[4.875,2.375,2.5,0.0],"texture":"#0"},"down":{"uv":[4.875,2.375,2.5,4.75],"texture":"#0"}}},{"from":[-1.0,15.5,-1.0],"to":[17.0,29.5,17.0],"rotation":{"origin":[8.0,24.5,8.0],"x":0.0,"y":22.5,"z":0.0},"faces":{"north":{"uv":[0.0,6.75,2.25,8.5],"texture":"#0"},"east":{"uv":[0.0,6.75,2.25,8.5],"texture":"#0"},"south":{"uv":[0.0,6.75,2.25,8.5],"texture":"#0"},"west":{"uv":[0.0,6.75,2.25,8.5],"texture":"#0"},"up":{"uv":[7.125,4.625,4.875,2.375],"texture":"#0","rotation":270},"down":{"uv":[7.125,4.625,4.875,6.875],"texture":"#0","rotation":90}}},{"from":[-2.0,28.5,-2.0],"to":[18.0,30.5,18.0],"rotation":{"origin":[8.0,24.5,8.0],"x":0.0,"y":22.5,"z":0.0},"faces":{"north":{"uv":[7.125,5.625,9.625,5.875],"texture":"#0"},"east":{"uv":[7.125,5.375,9.625,5.625],"texture":"#0"},"south":{"uv":[7.125,5.625,9.625,5.875],"texture":"#0"},"west":{"uv":[7.125,5.375,9.625,5.625],"texture":"#0"},"up":{"uv":[2.5,2.5,0.0,0.0],"texture":"#0","rotation":270},"down":{"uv":[2.5,2.5,0.0,5.0],"texture":"#0","rotation":90}}},{"from":[12.0,28.0,-2.5],"to":[14.0,31.0,18.5],"rotation":{"origin":[8.0,24.5,8.0],"x":0.0,"y":22.5,"z":0.0},"faces":{"north":{"uv":[2.25,5.75,2.5,6.125],"texture":"#0"},"east":{"uv":[7.125,3.5,9.75,3.875],"texture":"#0"},"south":{"uv":[2.25,6.125,2.5,6.5],"texture":"#0"},"west":{"uv":[7.125,3.125,9.75,3.5],"texture":"#0"},"up":{"uv":[9.75,4.625,7.125,4.375],"texture":"#0","rotation":270},"down":{"uv":[9.75,4.625,7.125,4.875],"texture":"#0","rotation":90}}},{"from":[2.0,28.0,-2.5],"to":[4.0,31.0,18.5],"rotation":{"origin":[8.0,24.5,8.0],"x":0.0,"y":22.5,"z":0.0},"faces":{"north":{"uv":[2.25,6.125,2.5,6.5],"texture":"#0"},"east":{"uv":[7.125,3.125,9.75,3.5],"texture":"#0"},"south":{"uv":[2.25,5.75,2.5,6.125],"texture":"#0"},"west":{"uv":[7.125,3.5,9.75,3.875],"texture":"#0"},"up":{"uv":[7.125,4.375,9.75,4.625],"texture":"#0","rotation":270},"down":{"uv":[7.125,4.875,9.75,4.625],"texture":"#0","rotation":90}}},{"from":[-1.5,24.5,-1.5],"to":[17.5,26.5,17.5],"rotation":{"origin":[8.0,24.5,8.0],"x":0.0,"y":22.5,"z":0.0},"faces":{"north":{"uv":[7.125,6.625,9.5,6.875],"texture":"#0"},"east":{"uv":[7.125,6.625,9.5,6.875],"texture":"#0"},"south":{"uv":[7.125,6.625,9.5,6.875],"texture":"#0"},"west":{"uv":[7.125,6.625,9.5,6.875],"texture":"#0"},"up":{"uv":[4.875,2.375,2.5,0.0],"texture":"#0","rotation":270},"down":{"uv":[4.875,2.375,2.5,4.75],"texture":"#0","rotation":90}}},{"from":[-1.5,18.5,-1.5],"to":[17.5,20.5,17.5],"rotation":{"origin":[8.0,24.5,8.0],"x":0.0,"y":22.5,"z":0.0},"faces":{"north":{"uv":[7.125,6.625,9.5,6.875],"texture":"#0"},"east":{"uv":[7.125,6.625,9.5,6.875],"texture":"#0"},"south":{"uv":[7.125,6.625,9.5,6.875],"texture":"#0"},"west":{"uv":[7.125,6.625,9.5,6.875],"texture":"#0"},"up":{"uv":[4.875,2.375,2.5,0.0],"texture":"#0","rotation":270},"down":{"uv":[4.875,2.375,2.5,4.75],"texture":"#0","rotation":90}}}],"textures":{"0":"workshop_six:edd021e7-d480-43b0-84a1-3d2a2ccbe42b","particle":"workshop_six:edd021e7-d480-43b0-84a1-3d2a2ccbe42b"},"gui_light":"front"}