{"display":{"thirdperson_righthand":{"rotation":[49.0,0.0,0.0],"translation":[-0.5,2.0,-1.75],"scale":[0.37,0.37,0.37]},"thirdperson_lefthand":{"rotation":[49.0,0.0,0.0],"translation":[-0.5,2.0,-1.75],"scale":[0.37,0.37,0.37]},"firstperson_righthand":{"rotation":[0.0,83.75,0.0],"translation":[-3.75,4.75,3.0],"scale":[0.39,0.39,0.39]},"firstperson_lefthand":{"rotation":[0.0,83.75,0.0],"translation":[-3.75,4.75,3.0],"scale":[0.39,0.39,0.39]},"ground":{"translation":[0.0,2.25,-2.5],"scale":[0.4,0.4,0.4]},"gui":{"rotation":[31.0,180.0,0.0],"translation":[0.0,-6.25,0.0]},"head":{"scale":[0.0,0.0,0.0]},"fixed":{"translation":[0.0,-6.25,-16.75],"scale":[2.0,2.0,2.0]}},"elements":[{"from":[9.5,7.0,15.625],"to":[14.5,14.0,15.625],"rotation":{"origin":[14.5,12.0,15.625],"x":0.0,"y":0.0,"z":0.0},"faces":{"north":{"uv":[1.5,8.5,2.75,10.25],"texture":"#1"},"east":{"uv":[0.0,0.0,0.0,1.75],"texture":"#1"},"south":{"uv":[2.75,8.5,4.0,10.25],"texture":"#1"},"west":{"uv":[0.0,0.0,0.0,1.75],"texture":"#1"},"up":{"uv":[1.25,0.0,0.0,0.0],"texture":"#1"},"down":{"uv":[1.25,0.0,0.0,0.0],"texture":"#1"}}},{"from":[6.5,5.0,15.625],"to":[8.5,9.0,15.625],"rotation":{"origin":[8.5,8.0,15.625],"x":0.0,"y":0.0,"z":0.0},"faces":{"north":{"uv":[1.5,10.25,2.0,11.25],"texture":"#1"},"east":{"uv":[0.0,0.0,0.0,1.0],"texture":"#1"},"south":{"uv":[2.0,10.25,2.5,11.25],"texture":"#1"},"west":{"uv":[0.0,0.0,0.0,1.0],"texture":"#1"},"up":{"uv":[0.5,0.0,0.0,0.0],"texture":"#1"},"down":{"uv":[0.5,0.0,0.0,0.0],"texture":"#1"}}},{"from":[5.5,10.0,15.875],"to":[10.5,17.0,15.875],"rotation":{"origin":[10.5,15.0,15.875],"x":0.0,"y":0.0,"z":0.0},"faces":{"north":{"uv":[8.5,3.5,9.75,5.25],"texture":"#1"},"east":{"uv":[0.0,0.0,0.0,1.75],"texture":"#1"},"south":{"uv":[4.0,8.5,5.25,10.25],"texture":"#1"},"west":{"uv":[0.0,0.0,0.0,1.75],"texture":"#1"},"up":{"uv":[1.25,0.0,0.0,0.0],"texture":"#1"},"down":{"uv":[1.25,0.0,0.0,0.0],"texture":"#1"}}},{"from":[1.5,5.0,15.625],"to":[4.5,9.0,15.625],"rotation":{"origin":[2.5,7.0,15.625],"x":0.0,"y":0.0,"z":0.0},"faces":{"north":{"uv":[8.5,9.75,9.25,10.75],"texture":"#1"},"east":{"uv":[0.0,0.0,0.0,1.0],"texture":"#1"},"south":{"uv":[9.25,9.75,10.0,10.75],"texture":"#1"},"west":{"uv":[0.0,0.0,0.0,1.0],"texture":"#1"},"up":{"uv":[0.75,0.0,0.0,0.0],"texture":"#1"},"down":{"uv":[0.75,0.0,0.0,0.0],"texture":"#1"}}},{"from":[2.0,11.0,15.625],"to":[4.0,17.0,15.625],"rotation":{"origin":[2.0,15.0,15.625],"x":0.0,"y":0.0,"z":0.0},"faces":{"north":{"uv":[5.25,10.0,5.75,11.5],"texture":"#1"},"east":{"uv":[0.0,0.0,0.0,1.5],"texture":"#1"},"south":{"uv":[10.0,9.75,10.5,11.25],"texture":"#1"},"west":{"uv":[0.0,0.0,0.0,1.5],"texture":"#1"},"up":{"uv":[0.5,0.0,0.0,0.0],"texture":"#1"},"down":{"uv":[0.5,0.0,0.0,0.0],"texture":"#1"}}}],"textures":{"1":"workshop_six:3994c7fc-5fad-4886-ab22-afa98d592992","particle":"workshop_six:3994c7fc-5fad-4886-ab22-afa98d592992"},"gui_light":"front"}