{"display":{"thirdperson_righthand":{"rotation":[49.0,0.0,0.0],"translation":[-1.0,1.0,-0.5],"scale":[0.27,0.27,0.27]},"thirdperson_lefthand":{"rotation":[49.0,0.0,0.0],"translation":[-1.0,1.0,-0.5],"scale":[0.27,0.27,0.27]},"firstperson_righthand":{"translation":[0.0,4.75,1.5],"scale":[0.39,0.39,0.39]},"firstperson_lefthand":{"translation":[0.0,4.75,1.5],"scale":[0.39,0.39,0.39]},"ground":{"translation":[0.0,2.25,0.0],"scale":[0.4,0.4,0.4]},"gui":{"rotation":[11.75,180.0,0.0],"scale":[0.64,0.64,0.64]},"head":{"scale":[0.0,0.0,0.0]},"fixed":{"rotation":[-90.0,0.0,0.0],"translation":[0.0,0.0,-16.0],"scale":[2.0,2.0,2.0]}},"elements":[{"from":[15.5,0.0,0.0],"to":[17.5,10.0,2.0],"rotation":{"origin":[15.5,0.0,0.0],"x":0.0,"y":0.0,"z":0.0},"faces":{"north":{"uv":[2.5,5.75,2.75,7.0],"texture":"#3"},"east":{"uv":[2.75,5.75,3.0,7.0],"texture":"#3"},"south":{"uv":[3.0,5.75,3.25,7.0],"texture":"#3"},"west":{"uv":[3.25,5.75,3.5,7.0],"texture":"#3"},"up":{"uv":[7.0,5.75,6.75,5.5],"texture":"#3"},"down":{"uv":[7.0,5.75,6.75,6.0],"texture":"#3"}}},{"from":[15.5,0.0,14.0],"to":[17.5,10.0,16.0],"rotation":{"origin":[15.5,0.0,14.0],"x":0.0,"y":0.0,"z":0.0},"faces":{"north":{"uv":[4.0,6.0,4.25,7.25],"texture":"#3"},"east":{"uv":[4.25,6.0,4.5,7.25],"texture":"#3"},"south":{"uv":[4.5,6.0,4.75,7.25],"texture":"#3"},"west":{"uv":[4.75,6.0,5.0,7.25],"texture":"#3"},"up":{"uv":[7.125,7.0,6.875,6.75],"texture":"#3"},"down":{"uv":[2.25,7.0,2.0,7.25],"texture":"#3"}}},{"from":[16.0,2.0,2.0],"to":[17.0,10.0,14.0],"rotation":{"origin":[15.0,0.0,12.0],"x":0.0,"y":0.0,"z":0.0},"faces":{"north":{"uv":[2.0,3.75,2.125,4.75],"texture":"#3"},"east":{"uv":[4.125,2.0,5.625,3.0],"texture":"#3"},"south":{"uv":[6.5,5.0,6.625,6.0],"texture":"#3"},"west":{"uv":[4.125,3.0,5.625,4.0],"texture":"#3"},"up":{"uv":[6.125,8.0,6.0,6.5],"texture":"#3"},"down":{"uv":[6.25,6.5,6.125,8.0],"texture":"#3"}}},{"from":[0.5,4.0,0.425],"to":[15.5,8.0,14.425],"rotation":{"origin":[-1.5,0.0,11.425],"x":0.0,"y":0.0,"z":0.0},"faces":{"north":{"uv":[4.0,5.0,6.0,5.5],"texture":"#3","tintindex":0},"east":{"uv":[5.625,3.0,7.375,3.5],"texture":"#3","tintindex":0},"south":{"uv":[4.0,5.5,6.0,6.0],"texture":"#3","tintindex":0},"west":{"uv":[5.625,3.5,7.375,4.0],"texture":"#3","tintindex":0},"up":{"uv":[4.125,1.75,2.125,0.0],"texture":"#3","tintindex":0},"down":{"uv":[4.125,1.75,2.125,3.5],"texture":"#3","tintindex":0}}},{"from":[0.5,8.0,9.75],"to":[15.5,18.0,13.75],"rotation":{"origin":[-1.5,8.0,10.75],"x":22.5,"y":0.0,"z":0.0},"faces":{"north":{"uv":[2.125,3.5,4.125,4.75],"texture":"#3","tintindex":0},"east":{"uv":[1.5,5.0,2.0,6.25],"texture":"#3","tintindex":0},"south":{"uv":[0.0,3.75,2.0,5.0],"texture":"#3","tintindex":0},"west":{"uv":[2.0,5.75,2.5,7.0],"texture":"#3","tintindex":0},"up":{"uv":[7.625,2.5,5.625,2.0],"texture":"#3","tintindex":0},"down":{"uv":[7.625,2.5,5.625,3.0],"texture":"#3","tintindex":0}}},{"from":[0.5,2.0,14.5],"to":[15.5,10.0,15.5],"rotation":{"origin":[-1.5,0.0,15.0],"x":0.0,"y":0.0,"z":0.0},"faces":{"north":{"uv":[4.125,0.0,6.0,1.0],"texture":"#3"},"east":{"uv":[6.5,6.5,6.625,7.5],"texture":"#3"},"south":{"uv":[4.125,1.0,6.0,2.0],"texture":"#3"},"west":{"uv":[6.625,5.0,6.75,6.0],"texture":"#3"},"up":{"uv":[7.875,6.375,6.0,6.25],"texture":"#3"},"down":{"uv":[7.875,6.375,6.0,6.5],"texture":"#3"}}},{"from":[1.5,10.0,15.0],"to":[14.5,12.0,17.0],"rotation":{"origin":[-1.5,0.0,15.0],"x":0.0,"y":0.0,"z":0.0},"faces":{"north":{"uv":[6.0,1.0,7.625,1.25],"texture":"#3"},"east":{"uv":[2.25,7.0,2.5,7.25],"texture":"#3"},"south":{"uv":[6.0,1.25,7.625,1.5],"texture":"#3"},"west":{"uv":[2.5,7.0,2.75,7.25],"texture":"#3"},"up":{"uv":[7.625,1.75,6.0,1.5],"texture":"#3"},"down":{"uv":[7.625,1.75,6.0,2.0],"texture":"#3"}}},{"from":[-0.5,2.0,0.175],"to":[16.5,4.0,15.175],"rotation":{"origin":[-1.5,2.0,14.175],"x":0.0,"y":0.0,"z":0.0},"faces":{"north":{"uv":[6.0,0.0,8.125,0.25],"texture":"#3"},"east":{"uv":[6.0,0.5,7.875,0.75],"texture":"#3"},"south":{"uv":[6.0,0.25,8.125,0.5],"texture":"#3"},"west":{"uv":[6.0,0.75,7.875,1.0],"texture":"#3"},"up":{"uv":[2.125,1.875,0.0,0.0],"texture":"#3"},"down":{"uv":[2.125,1.875,0.0,3.75],"texture":"#3"}}},{"from":[14.5,10.0,-0.975],"to":[18.5,12.0,17.025],"rotation":{"origin":[15.5,10.0,14.025],"x":0.0,"y":0.0,"z":0.0},"faces":{"north":{"uv":[6.5,6.0,7.0,6.25],"texture":"#3"},"east":{"uv":[5.625,4.0,7.875,4.25],"texture":"#3"},"south":{"uv":[6.625,6.5,7.125,6.75],"texture":"#3"},"west":{"uv":[5.625,4.25,7.875,4.5],"texture":"#3"},"up":{"uv":[4.0,7.0,3.5,4.75],"texture":"#3"},"down":{"uv":[0.5,5.0,0.0,7.25],"texture":"#3"}}},{"from":[-2.5,10.0,-0.975],"to":[1.5,12.0,17.025],"rotation":{"origin":[-26.5,10.0,14.025],"x":0.0,"y":0.0,"z":0.0},"faces":{"north":{"uv":[6.75,5.0,7.25,5.25],"texture":"#3"},"east":{"uv":[5.625,4.5,7.875,4.75],"texture":"#3"},"south":{"uv":[6.75,5.25,7.25,5.5],"texture":"#3"},"west":{"uv":[5.625,4.75,7.875,5.0],"texture":"#3"},"up":{"uv":[1.0,7.25,0.5,5.0],"texture":"#3"},"down":{"uv":[1.5,5.0,1.0,7.25],"texture":"#3"}}},{"from":[-1.5,0.0,14.0],"to":[0.5,10.0,16.0],"rotation":{"origin":[-26.5,0.0,14.0],"x":0.0,"y":0.0,"z":0.0},"faces":{"north":{"uv":[5.0,6.0,5.25,7.25],"texture":"#3"},"east":{"uv":[6.0,5.0,6.25,6.25],"texture":"#3"},"south":{"uv":[5.25,6.0,5.5,7.25],"texture":"#3"},"west":{"uv":[5.5,6.0,5.75,7.25],"texture":"#3"},"up":{"uv":[3.0,7.25,2.75,7.0],"texture":"#3"},"down":{"uv":[3.25,7.0,3.0,7.25],"texture":"#3"}}},{"from":[-1.0,2.0,2.0],"to":[0.0,10.0,14.0],"rotation":{"origin":[-26.0,0.0,12.0],"x":0.0,"y":0.0,"z":0.0},"faces":{"north":{"uv":[6.625,6.75,6.75,7.75],"texture":"#3"},"east":{"uv":[4.125,4.0,5.625,5.0],"texture":"#3"},"south":{"uv":[6.75,6.75,6.875,7.75],"texture":"#3"},"west":{"uv":[2.0,4.75,3.5,5.75],"texture":"#3"},"up":{"uv":[6.375,8.0,6.25,6.5],"texture":"#3"},"down":{"uv":[6.5,6.5,6.375,8.0],"texture":"#3"}}},{"from":[-1.5,0.0,0.0],"to":[0.5,10.0,2.0],"rotation":{"origin":[-26.5,0.0,0.0],"x":0.0,"y":0.0,"z":0.0},"faces":{"north":{"uv":[5.75,6.0,6.0,7.25],"texture":"#3"},"east":{"uv":[1.5,6.25,1.75,7.5],"texture":"#3"},"south":{"uv":[1.75,6.25,2.0,7.5],"texture":"#3"},"west":{"uv":[6.25,5.0,6.5,6.25],"texture":"#3"},"up":{"uv":[3.5,7.25,3.25,7.0],"texture":"#3"},"down":{"uv":[3.75,7.0,3.5,7.25],"texture":"#3"}}}],"textures":{"3":"workshop_six:e6ee2f85-29a4-4eb0-9383-3649481eaf78","particle":"workshop_six:e6ee2f85-29a4-4eb0-9383-3649481eaf78"},"gui_light":"front"}