{"display":{"thirdperson_righthand":{"rotation":[49.0,0.0,0.0],"translation":[-1.0,0.0,-0.5],"scale":[0.27,0.27,0.27]},"thirdperson_lefthand":{"rotation":[49.0,0.0,0.0],"translation":[-1.0,0.0,-0.5],"scale":[0.27,0.27,0.27]},"firstperson_righthand":{"rotation":[-180.0,71.25,180.0],"translation":[0.0,4.5,2.0],"scale":[0.32,0.32,0.32]},"firstperson_lefthand":{"rotation":[-180.0,71.25,180.0],"translation":[0.0,4.5,2.0],"scale":[0.32,0.32,0.32]},"ground":{"translation":[0.0,2.25,0.0],"scale":[0.4,0.4,0.4]},"gui":{"rotation":[11.75,180.0,0.0],"translation":[0.0,-1.5,0.0],"scale":[0.46,0.46,0.46]},"head":{"scale":[0.0,0.0,0.0]},"fixed":{"rotation":[-90.0,0.0,0.0],"translation":[0.0,0.0,-26.0],"scale":[2.0,2.0,2.0]}},"elements":[{"from":[0.0,-5.0,6.5],"to":[2.0,28.0,9.5],"rotation":{"origin":[16.0,0.0,0.0],"x":0.0,"y":0.0,"z":0.0},"faces":{"north":{"uv":[3.0,4.0,3.5,12.25],"texture":"#2"},"east":{"uv":[0.0,4.0,0.75,12.25],"texture":"#2"},"south":{"uv":[3.5,4.0,4.0,12.25],"texture":"#2"},"west":{"uv":[0.75,4.0,1.5,12.25],"texture":"#2"},"up":{"uv":[8.5,9.0,8.0,8.25],"texture":"#2"},"down":{"uv":[9.0,8.25,8.5,9.0],"texture":"#2"}}},{"from":[2.0,25.0,7.0],"to":[14.0,27.0,9.0],"rotation":{"origin":[16.0,0.0,0.0],"x":0.0,"y":0.0,"z":0.0},"faces":{"north":{"uv":[6.0,0.0,9.0,0.5],"texture":"#2"},"east":{"uv":[7.5,8.75,8.0,9.25],"texture":"#2"},"south":{"uv":[6.0,0.5,9.0,1.0],"texture":"#2"},"west":{"uv":[9.0,0.0,9.5,0.5],"texture":"#2"},"up":{"uv":[9.0,1.5,6.0,1.0],"texture":"#2"},"down":{"uv":[9.0,1.5,6.0,2.0],"texture":"#2"}}},{"from":[2.0,3.0,7.75],"to":[14.0,5.0,8.75],"rotation":{"origin":[16.0,0.0,0.0],"x":0.0,"y":0.0,"z":0.0},"faces":{"north":{"uv":[6.25,4.0,9.25,4.5],"texture":"#2"},"east":{"uv":[9.0,1.5,9.25,2.0],"texture":"#2"},"south":{"uv":[6.25,4.5,9.25,5.0],"texture":"#2"},"west":{"uv":[9.0,2.0,9.25,2.5],"texture":"#2"},"up":{"uv":[11.0,6.75,8.0,6.5],"texture":"#2"},"down":{"uv":[11.0,6.75,8.0,7.0],"texture":"#2"}}},{"from":[2.0,9.0,7.5],"to":[14.0,25.0,8.5],"rotation":{"origin":[16.0,0.0,0.0],"x":0.0,"y":0.0,"z":0.0},"faces":{"north":{"uv":[0.0,0.0,3.0,4.0],"texture":"#2"},"east":{"uv":[6.0,7.75,6.25,11.75],"texture":"#2"},"south":{"uv":[3.0,0.0,6.0,4.0],"texture":"#2"},"west":{"uv":[6.25,7.75,6.5,11.75],"texture":"#2"},"up":{"uv":[9.5,8.0,6.5,7.75],"texture":"#2"},"down":{"uv":[9.5,8.0,6.5,8.25],"texture":"#2"}}},{"from":[3.0,2.75,7.5],"to":[9.0,5.25,9.0],"rotation":{"origin":[6.0,0.0,0.0],"x":0.0,"y":0.0,"z":0.0},"faces":{"north":{"uv":[7.25,5.0,8.75,5.75],"texture":"#2"},"east":{"uv":[6.5,8.75,7.0,9.5],"texture":"#2"},"south":{"uv":[7.25,5.75,8.75,6.5],"texture":"#2"},"west":{"uv":[7.0,8.75,7.5,9.5],"texture":"#2"},"up":{"uv":[9.5,7.5,8.0,7.0],"texture":"#2"},"down":{"uv":[8.0,8.25,6.5,8.75],"texture":"#2"}}},{"from":[3.75,16.75,7.0],"to":[7.75,21.75,7.0],"rotation":{"origin":[5.75,19.75,7.0],"x":0.0,"y":0.0,"z":0.0},"faces":{"north":{"uv":[6.0,6.5,7.0,7.75],"texture":"#2"},"east":{"uv":[0.0,0.0,0.0,1.25],"texture":"#2"},"south":{"uv":[7.0,6.5,8.0,7.75],"texture":"#2"},"west":{"uv":[0.0,0.0,0.0,1.25],"texture":"#2"},"up":{"uv":[1.0,0.0,0.0,0.0],"texture":"#2"},"down":{"uv":[1.0,0.0,0.0,0.0],"texture":"#2"}}},{"from":[9.5,11.5,6.75],"to":[11.5,16.5,6.75],"rotation":{"origin":[9.5,15.5,6.75],"x":0.0,"y":0.0,"z":0.0},"faces":{"north":{"uv":[5.0,8.0,5.5,9.25],"texture":"#2"},"east":{"uv":[0.0,0.0,0.0,1.25],"texture":"#2"},"south":{"uv":[5.5,8.0,6.0,9.25],"texture":"#2"},"west":{"uv":[0.0,0.0,0.0,1.25],"texture":"#2"},"up":{"uv":[0.5,0.0,0.0,0.0],"texture":"#2"},"down":{"uv":[0.5,0.0,0.0,0.0],"texture":"#2"}}},{"from":[3.75,10.75,7.0],"to":[8.75,15.75,7.0],"rotation":{"origin":[6.75,13.25,7.0],"x":0.0,"y":0.0,"z":0.0},"faces":{"north":{"uv":[5.0,4.0,6.25,5.25],"texture":"#2"},"east":{"uv":[0.0,0.0,0.0,1.25],"texture":"#2"},"south":{"uv":[5.0,5.25,6.25,6.5],"texture":"#2"},"west":{"uv":[0.0,0.0,0.0,1.25],"texture":"#2"},"up":{"uv":[1.25,0.0,0.0,0.0],"texture":"#2"},"down":{"uv":[1.25,0.0,0.0,0.0],"texture":"#2"}}},{"from":[8.5,17.25,7.0],"to":[12.5,23.25,7.0],"rotation":{"origin":[9.5,21.25,7.0],"x":0.0,"y":0.0,"z":0.0},"faces":{"north":{"uv":[6.25,5.0,7.25,6.5],"texture":"#2"},"east":{"uv":[0.0,0.0,0.0,1.5],"texture":"#2"},"south":{"uv":[5.0,6.5,6.0,8.0],"texture":"#2"},"west":{"uv":[0.0,0.0,0.0,1.5],"texture":"#2"},"up":{"uv":[1.0,0.0,0.0,0.0],"texture":"#2"},"down":{"uv":[1.0,0.0,0.0,0.0],"texture":"#2"}}},{"from":[2.0,7.0,7.0],"to":[14.0,9.0,9.0],"rotation":{"origin":[16.0,34.0,0.0],"x":0.0,"y":0.0,"z":0.0},"faces":{"north":{"uv":[6.0,2.0,9.0,2.5],"texture":"#2"},"east":{"uv":[9.0,0.5,9.5,1.0],"texture":"#2"},"south":{"uv":[6.0,2.5,9.0,3.0],"texture":"#2"},"west":{"uv":[9.0,1.0,9.5,1.5],"texture":"#2"},"up":{"uv":[9.0,3.5,6.0,3.0],"texture":"#2"},"down":{"uv":[9.0,3.5,6.0,4.0],"texture":"#2"}}},{"from":[14.0,-5.0,6.5],"to":[16.0,28.0,9.5],"faces":{"north":{"uv":[4.0,4.0,4.5,12.25],"texture":"#2"},"east":{"uv":[1.5,4.0,2.25,12.25],"texture":"#2"},"south":{"uv":[4.5,4.0,5.0,12.25],"texture":"#2"},"west":{"uv":[2.25,4.0,3.0,12.25],"texture":"#2"},"up":{"uv":[9.25,5.75,8.75,5.0],"texture":"#2"},"down":{"uv":[9.25,5.75,8.75,6.5],"texture":"#2"}}}],"textures":{"2":"workshop_six:10cf040e-6a5b-432b-9bca-b814725fb269","particle":"workshop_six:10cf040e-6a5b-432b-9bca-b814725fb269"},"gui_light":"front"}