{"display":{"thirdperson_righthand":{"rotation":[49.0,0.0,0.0],"translation":[-1.0,2.0,1.25],"scale":[0.37,0.37,0.37]},"thirdperson_lefthand":{"rotation":[49.0,0.0,0.0],"translation":[-1.0,2.0,1.25],"scale":[0.37,0.37,0.37]},"firstperson_righthand":{"translation":[0.0,4.75,1.5],"scale":[0.39,0.39,0.39]},"firstperson_lefthand":{"translation":[0.0,4.75,1.5],"scale":[0.39,0.39,0.39]},"ground":{"translation":[0.0,2.25,0.0],"scale":[0.4,0.4,0.4]},"gui":{"rotation":[31.0,0.0,0.0],"translation":[1.0,5.75,0.0],"scale":[0.95,0.95,0.95]},"fixed":{"rotation":[-90.0,0.0,0.0],"translation":[0.0,0.0,-16.0],"scale":[2.0,2.0,2.0]}},"elements":[{"from":[2.0,0.0,4.0],"to":[14.0,3.0,12.0],"rotation":{"origin":[1.0,0.0,4.0],"x":0.0,"y":0.0,"z":0.0},"faces":{"north":{"uv":[0.0,8.0,6.0,9.5],"texture":"#0"},"east":{"uv":[0.0,9.5,4.0,11.0],"texture":"#0"},"south":{"uv":[6.0,8.0,12.0,9.5],"texture":"#0"},"west":{"uv":[4.0,9.5,8.0,11.0],"texture":"#0"},"up":{"uv":[6.0,4.0,0.0,0.0],"texture":"#0"},"down":{"uv":[6.0,4.0,0.0,8.0],"texture":"#0"}}},{"from":[0.0,0.0,2.0],"to":[8.0,2.0,10.0],"rotation":{"origin":[8.25,0.75,7.0],"x":0.0,"y":0.0,"z":0.0},"faces":{"north":{"uv":[10.0,1.5,14.0,2.5],"texture":"#0"},"east":{"uv":[10.0,2.5,14.0,3.5],"texture":"#0"},"south":{"uv":[10.0,3.5,14.0,4.5],"texture":"#0"},"west":{"uv":[10.0,4.5,14.0,5.5],"texture":"#0"},"up":{"uv":[10.0,4.0,6.0,0.0],"texture":"#0"},"down":{"uv":[10.0,4.0,6.0,8.0],"texture":"#0"}}},{"from":[5.0,0.0,12.0],"to":[13.0,1.0,15.0],"rotation":{"origin":[4.0,0.0,7.0],"x":0.0,"y":0.0,"z":0.0},"faces":{"north":{"uv":[10.0,5.5,14.0,6.0],"texture":"#0"},"east":{"uv":[10.0,6.5,11.5,7.0],"texture":"#0"},"south":{"uv":[10.0,6.0,14.0,6.5],"texture":"#0"},"west":{"uv":[10.0,7.0,11.5,7.5],"texture":"#0"},"up":{"uv":[12.0,11.0,8.0,9.5],"texture":"#0"},"down":{"uv":[14.0,0.0,10.0,1.5],"texture":"#0"}}}],"textures":{"0":"workshop_six:84895435-35ae-4bb3-b1ac-edea8e043da6","particle":"workshop_six:84895435-35ae-4bb3-b1ac-edea8e043da6"},"gui_light":"front"}