{"display":{"thirdperson_righthand":{"rotation":[49.0,0.0,0.0],"translation":[-1.0,2.0,1.25],"scale":[0.37,0.37,0.37]},"thirdperson_lefthand":{"rotation":[49.0,0.0,0.0],"translation":[-1.0,2.0,1.25],"scale":[0.37,0.37,0.37]},"firstperson_righthand":{"translation":[0.0,4.75,1.5],"scale":[0.39,0.39,0.39]},"firstperson_lefthand":{"translation":[0.0,4.75,1.5],"scale":[0.39,0.39,0.39]},"ground":{"translation":[0.0,2.25,0.0],"scale":[0.4,0.4,0.4]},"gui":{"rotation":[31.0,0.0,0.0],"translation":[0.0,5.75,0.0],"scale":[0.95,0.95,0.95]},"fixed":{"rotation":[-90.0,0.0,0.0],"translation":[0.0,0.0,-16.0],"scale":[2.0,2.0,2.0]}},"elements":[{"from":[2.0,0.0,8.0],"to":[12.0,3.0,16.0],"rotation":{"origin":[0.0,0.0,8.0],"x":0.0,"y":22.5,"z":0.0},"faces":{"north":{"uv":[8.0,8.0,13.0,9.5],"texture":"#1"},"east":{"uv":[9.0,5.0,13.0,6.5],"texture":"#1"},"south":{"uv":[9.0,0.0,14.0,1.5],"texture":"#1"},"west":{"uv":[9.0,6.5,13.0,8.0],"texture":"#1"},"up":{"uv":[5.0,4.0,0.0,0.0],"texture":"#1"},"down":{"uv":[5.0,4.0,0.0,8.0],"texture":"#1"}}},{"from":[12.25,0.0,-1.25],"to":[16.25,1.0,5.75],"rotation":{"origin":[17.25,0.75,7.0],"x":0.0,"y":45.0,"z":0.0},"faces":{"north":{"uv":[11.0,4.5,13.0,5.0],"texture":"#1"},"east":{"uv":[11.0,2.5,14.5,3.0],"texture":"#1"},"south":{"uv":[0.0,11.5,2.0,12.0],"texture":"#1"},"west":{"uv":[11.0,3.0,14.5,3.5],"texture":"#1"},"up":{"uv":[11.0,5.0,9.0,1.5],"texture":"#1"},"down":{"uv":[10.0,9.5,8.0,13.0],"texture":"#1"}}},{"from":[5.75,0.0,10.0],"to":[13.75,1.0,15.0],"rotation":{"origin":[4.75,0.0,7.0],"x":0.0,"y":0.0,"z":0.0},"faces":{"north":{"uv":[11.0,1.5,15.0,2.0],"texture":"#1"},"east":{"uv":[11.0,3.5,13.5,4.0],"texture":"#1"},"south":{"uv":[11.0,2.0,15.0,2.5],"texture":"#1"},"west":{"uv":[11.0,4.0,13.5,4.5],"texture":"#1"},"up":{"uv":[4.0,10.5,0.0,8.0],"texture":"#1"},"down":{"uv":[8.0,8.0,4.0,10.5],"texture":"#1"}}},{"from":[1.0,0.0,2.0],"to":[9.0,2.0,10.0],"rotation":{"origin":[9.25,0.75,7.0],"x":0.0,"y":0.0,"z":0.0},"faces":{"north":{"uv":[10.0,9.5,14.0,10.5],"texture":"#1"},"east":{"uv":[0.0,10.5,4.0,11.5],"texture":"#1"},"south":{"uv":[4.0,10.5,8.0,11.5],"texture":"#1"},"west":{"uv":[10.0,10.5,14.0,11.5],"texture":"#1"},"up":{"uv":[9.0,4.0,5.0,0.0],"texture":"#1"},"down":{"uv":[9.0,4.0,5.0,8.0],"texture":"#1"}}}],"textures":{"1":"workshop_six:dff2e64b-aa99-49e8-bce9-727ed81e1a70","particle":"workshop_six:dff2e64b-aa99-49e8-bce9-727ed81e1a70"},"gui_light":"front"}