{"display":{"thirdperson_righthand":{"rotation":[49.0,0.0,0.0],"translation":[-1.0,2.75,0.25],"scale":[0.27,0.27,0.27]},"thirdperson_lefthand":{"rotation":[49.0,0.0,0.0],"translation":[-0.5,2.75,0.25],"scale":[0.27,0.27,0.27]},"firstperson_righthand":{"translation":[0.0,4.75,1.5],"scale":[0.39,0.39,0.39]},"firstperson_lefthand":{"translation":[0.0,4.75,1.5],"scale":[0.39,0.39,0.39]},"ground":{"translation":[0.0,2.25,0.0],"scale":[0.4,0.4,0.4]},"gui":{"rotation":[11.75,0.0,0.0],"translation":[0.0,3.25,0.0],"scale":[0.64,0.64,0.64]},"head":{"scale":[0.0,0.0,0.0]},"fixed":{"rotation":[-90.0,0.0,0.0],"translation":[0.0,0.0,-16.0],"scale":[2.0,2.0,2.0]}},"elements":[{"from":[-1.0,0.575,1.5],"to":[17.0,0.575,14.5],"rotation":{"origin":[-1.0,0.575,0.5],"x":0.0,"y":0.0,"z":0.0},"faces":{"north":{"uv":[0.0,0.0,4.5,0.0],"texture":"#0"},"east":{"uv":[0.0,0.0,3.25,0.0],"texture":"#0"},"south":{"uv":[0.0,0.0,4.5,0.0],"texture":"#0"},"west":{"uv":[0.0,0.0,3.25,0.0],"texture":"#0"},"up":{"uv":[4.5,3.25,0.0,0.0],"texture":"#0"},"down":{"uv":[4.5,3.25,0.0,6.5],"texture":"#0"}}},{"from":[16.75,0.25,1.5],"to":[19.25,2.75,14.5],"rotation":{"origin":[17.0,0.5,0.5],"x":0.0,"y":0.0,"z":0.0},"faces":{"north":{"uv":[1.5,7.0,2.25,7.75],"texture":"#0"},"east":{"uv":[5.25,1.5,8.5,2.25],"texture":"#0"},"south":{"uv":[2.25,7.0,3.0,7.75],"texture":"#0"},"west":{"uv":[5.25,2.25,8.5,3.0],"texture":"#0"},"up":{"uv":[6.0,6.25,5.25,3.0],"texture":"#0"},"down":{"uv":[6.75,3.0,6.0,6.25],"texture":"#0"}}},{"from":[16.5,0.0,0.0],"to":[19.5,3.0,1.0],"rotation":{"origin":[17.5,0.0,-1.0],"x":0.0,"y":0.0,"z":0.0},"faces":{"north":{"uv":[7.5,4.75,8.25,5.5],"texture":"#0"},"east":{"uv":[7.75,6.75,8.0,7.5],"texture":"#0"},"south":{"uv":[7.5,5.5,8.25,6.25],"texture":"#0"},"west":{"uv":[7.75,7.5,8.0,8.25],"texture":"#0"},"up":{"uv":[0.75,8.25,0.0,8.0],"texture":"#0"},"down":{"uv":[8.75,0.25,8.0,0.5],"texture":"#0"}}},{"from":[17.0,0.5,1.0],"to":[19.0,2.5,15.0],"rotation":{"origin":[17.0,0.5,0.0],"x":0.0,"y":0.0,"z":0.0},"faces":{"north":{"uv":[6.25,7.5,6.75,8.0],"texture":"#0"},"east":{"uv":[6.75,3.0,10.25,3.5],"texture":"#0"},"south":{"uv":[6.75,7.5,7.25,8.0],"texture":"#0"},"west":{"uv":[6.75,3.5,10.25,4.0],"texture":"#0"},"up":{"uv":[5.75,10.25,5.25,6.75],"texture":"#0"},"down":{"uv":[6.25,6.75,5.75,10.25],"texture":"#0"}}},{"from":[16.5,0.0,15.0],"to":[19.5,3.0,16.0],"rotation":{"origin":[17.5,0.0,17.0],"x":0.0,"y":0.0,"z":0.0},"faces":{"north":{"uv":[8.25,5.5,7.5,6.25],"texture":"#0"},"east":{"uv":[8.0,6.75,7.75,7.5],"texture":"#0"},"south":{"uv":[8.25,4.75,7.5,5.5],"texture":"#0"},"west":{"uv":[8.0,7.5,7.75,8.25],"texture":"#0"},"up":{"uv":[0.75,8.0,0.0,8.25],"texture":"#0"},"down":{"uv":[8.75,0.5,8.0,0.25],"texture":"#0"}}},{"from":[-3.5,0.0,15.0],"to":[-0.5,3.0,16.0],"rotation":{"origin":[-1.5,0.0,17.0],"x":0.0,"y":0.0,"z":0.0},"faces":{"north":{"uv":[7.5,5.5,8.25,6.25],"texture":"#0"},"east":{"uv":[7.75,7.5,8.0,8.25],"texture":"#0"},"south":{"uv":[7.5,4.75,8.25,5.5],"texture":"#0"},"west":{"uv":[7.75,6.75,8.0,7.5],"texture":"#0"},"up":{"uv":[0.0,8.0,0.75,8.25],"texture":"#0"},"down":{"uv":[8.0,0.5,8.75,0.25],"texture":"#0"}}},{"from":[-3.0,0.5,1.0],"to":[-1.0,2.5,15.0],"rotation":{"origin":[-1.0,0.5,0.0],"x":0.0,"y":0.0,"z":0.0},"faces":{"north":{"uv":[6.75,7.5,6.25,8.0],"texture":"#0"},"east":{"uv":[10.25,3.5,6.75,4.0],"texture":"#0"},"south":{"uv":[7.25,7.5,6.75,8.0],"texture":"#0"},"west":{"uv":[10.25,3.0,6.75,3.5],"texture":"#0"},"up":{"uv":[5.25,10.25,5.75,6.75],"texture":"#0"},"down":{"uv":[5.75,6.75,6.25,10.25],"texture":"#0"}}},{"from":[-3.5,0.0,0.0],"to":[-0.5,3.0,1.0],"rotation":{"origin":[-1.5,0.0,-1.0],"x":0.0,"y":0.0,"z":0.0},"faces":{"north":{"uv":[8.25,4.75,7.5,5.5],"texture":"#0"},"east":{"uv":[8.0,7.5,7.75,8.25],"texture":"#0"},"south":{"uv":[8.25,5.5,7.5,6.25],"texture":"#0"},"west":{"uv":[8.0,6.75,7.75,7.5],"texture":"#0"},"up":{"uv":[0.0,8.25,0.75,8.0],"texture":"#0"},"down":{"uv":[8.0,0.25,8.75,0.5],"texture":"#0"}}},{"from":[-3.25,0.25,1.5],"to":[-0.75,2.75,14.5],"rotation":{"origin":[-1.0,0.5,0.5],"x":0.0,"y":0.0,"z":0.0},"faces":{"north":{"uv":[2.25,7.0,1.5,7.75],"texture":"#0"},"east":{"uv":[8.5,2.25,5.25,3.0],"texture":"#0"},"south":{"uv":[3.0,7.0,2.25,7.75],"texture":"#0"},"west":{"uv":[8.5,1.5,5.25,2.25],"texture":"#0"},"up":{"uv":[5.25,6.25,6.0,3.0],"texture":"#0"},"down":{"uv":[6.0,3.0,6.75,6.25],"texture":"#0"}}}],"textures":{"0":"workshop_six:bf23b334-d3f4-40db-b77b-a1a0ec26ea11","particle":"workshop_six:bf23b334-d3f4-40db-b77b-a1a0ec26ea11"},"gui_light":"front"}