{"display":{"thirdperson_righthand":{"rotation":[49.0,0.0,0.0],"translation":[-0.5,2.0,-0.5],"scale":[0.14,0.14,0.14]},"thirdperson_lefthand":{"rotation":[49.0,0.0,0.0],"translation":[0.0,2.0,-0.5],"scale":[0.14,0.14,0.14]},"firstperson_righthand":{"rotation":[0.0,104.0,0.0],"translation":[0.0,4.75,2.25],"scale":[0.21,0.21,0.21]},"firstperson_lefthand":{"rotation":[0.0,104.0,0.0],"translation":[0.0,4.75,2.25],"scale":[0.21,0.21,0.21]},"ground":{"translation":[0.0,2.25,0.0],"scale":[0.32,0.32,0.32]},"gui":{"rotation":[11.75,180.0,0.0],"translation":[0.0,-2.25,0.0],"scale":[0.32,0.32,0.32]},"head":{"scale":[0.0,0.0,0.0]},"fixed":{"rotation":[-90.0,0.0,0.0],"translation":[0.0,0.0,-16.0],"scale":[2.0,2.0,2.0]}},"elements":[{"from":[-16.0,28.0,3.0],"to":[32.0,32.0,16.0],"faces":{"north":{"uv":[4.75,2.8125,7.75,3.0625],"texture":"#3"},"east":{"uv":[5.75,3.875,6.5625,4.125],"texture":"#3"},"south":{"uv":[4.75,4.75,7.75,5.0],"texture":"#3"},"west":{"uv":[5.8125,5.0,6.625,5.25],"texture":"#3"},"up":{"uv":[3.0,3.0625,0.0,2.25],"texture":"#3"},"down":{"uv":[6.0,0.0,3.0,0.8125],"texture":"#3"}}},{"from":[-14.0,3.0,6.0],"to":[-6.0,28.0,16.0],"faces":{"north":{"uv":[4.75,0.8125,5.25,2.375],"texture":"#3"},"east":{"uv":[3.5,4.3125,4.125,5.875],"texture":"#3"},"south":{"uv":[1.25,4.75,1.75,6.3125],"texture":"#3"},"west":{"uv":[4.125,4.3125,4.75,5.875],"texture":"#3"},"up":{"uv":[5.75,2.1875,5.25,1.5625],"texture":"#3"},"down":{"uv":[5.75,3.0625,5.25,3.6875],"texture":"#3"}}},{"from":[-16.0,0.0,-2.0],"to":[32.0,3.0,16.0],"faces":{"north":{"uv":[5.25,0.8125,8.25,1.0],"texture":"#3"},"east":{"uv":[5.75,3.5,6.875,3.6875],"texture":"#3"},"south":{"uv":[5.25,1.0,8.25,1.1875],"texture":"#3"},"west":{"uv":[5.75,3.6875,6.875,3.875],"texture":"#3"},"up":{"uv":[3.0,1.125,0.0,0.0],"texture":"#3"},"down":{"uv":[3.0,1.125,0.0,2.25],"texture":"#3"}}},{"from":[22.0,3.0,6.0],"to":[30.0,28.0,16.0],"faces":{"north":{"uv":[1.75,4.75,2.25,6.3125],"texture":"#3"},"east":{"uv":[0.0,4.75,0.625,6.3125],"texture":"#3"},"south":{"uv":[2.25,4.75,2.75,6.3125],"texture":"#3"},"west":{"uv":[0.625,4.75,1.25,6.3125],"texture":"#3"},"up":{"uv":[5.75,4.3125,5.25,3.6875],"texture":"#3"},"down":{"uv":[5.8125,5.0,5.3125,5.625],"texture":"#3"}}},{"from":[-6.0,21.0,6.0],"to":[22.0,28.0,16.0],"faces":{"north":{"uv":[4.75,2.375,6.5,2.8125],"texture":"#3"},"east":{"uv":[5.75,1.5625,6.375,2.0],"texture":"#3"},"south":{"uv":[4.75,4.3125,6.5,4.75],"texture":"#3"},"west":{"uv":[5.75,3.0625,6.375,3.5],"texture":"#3"},"up":{"uv":[5.25,3.6875,3.5,3.0625],"texture":"#3"},"down":{"uv":[5.25,3.6875,3.5,4.3125],"texture":"#3"}}},{"from":[7.0,3.0,3.0],"to":[11.0,7.0,13.0],"rotation":{"origin":[2.0,0.0,0.0],"x":0.0,"y":0.0,"z":0.0},"faces":{"north":{"uv":[0.25,6.3125,0.5,6.5625],"texture":"#3"},"east":{"uv":[5.875,5.75,6.5,6.0],"texture":"#3"},"south":{"uv":[0.5,6.3125,0.75,6.5625],"texture":"#3"},"west":{"uv":[6.0,0.0,6.625,0.25],"texture":"#3"},"up":{"uv":[6.125,6.625,5.875,6.0],"texture":"#3"},"down":{"uv":[3.75,6.125,3.5,6.75],"texture":"#3"}}},{"from":[4.0,3.0,3.0],"to":[8.0,7.0,13.0],"rotation":{"origin":[2.0,0.0,0.0],"x":0.0,"y":-22.5,"z":0.0},"faces":{"north":{"uv":[0.25,6.3125,0.5,6.5625],"texture":"#3"},"east":{"uv":[5.875,5.75,6.5,6.0],"texture":"#3"},"south":{"uv":[0.5,6.3125,0.75,6.5625],"texture":"#3"},"west":{"uv":[6.0,0.0,6.625,0.25],"texture":"#3"},"up":{"uv":[6.125,6.625,5.875,6.0],"texture":"#3"},"down":{"uv":[3.75,6.125,3.5,6.75],"texture":"#3"}}},{"from":[0.13405,7.0,6.92177],"to":[10.13405,10.0,9.92177],"rotation":{"origin":[5.13405,9.0,8.92177],"x":0.0,"y":45.0,"z":0.0},"faces":{"north":{"uv":[5.75,4.125,6.375,4.3125],"texture":"#3"},"east":{"uv":[1.25,6.3125,1.4375,6.5],"texture":"#3"},"south":{"uv":[4.25,6.125,4.875,6.3125],"texture":"#3"},"west":{"uv":[1.4375,6.3125,1.625,6.5],"texture":"#3"},"up":{"uv":[6.75,6.1875,6.125,6.0],"texture":"#3"},"down":{"uv":[6.75,6.1875,6.125,6.375],"texture":"#3"}}},{"from":[-6.0,3.0,15.0],"to":[22.0,21.0,16.0],"rotation":{"origin":[0.0,-18.0,0.0],"x":0.0,"y":0.0,"z":0.0},"faces":{"north":{"uv":[0.0,3.0625,1.75,4.1875],"texture":"#3"},"east":{"uv":[3.25,5.875,3.3125,7.0],"texture":"#3"},"south":{"uv":[1.75,3.0625,3.5,4.1875],"texture":"#3"},"west":{"uv":[4.875,6.125,4.9375,7.25],"texture":"#3"},"up":{"uv":[7.0,2.375,5.25,2.3125],"texture":"#3"},"down":{"uv":[7.5,2.125,5.75,2.1875],"texture":"#3"}}},{"from":[22.0,3.0,4.0],"to":[25.0,28.0,6.0],"rotation":{"origin":[-5.0,0.0,-2.0],"x":0.0,"y":0.0,"z":0.0},"faces":{"north":{"uv":[3.3125,4.75,3.5,6.3125],"texture":"#3"},"east":{"uv":[2.75,5.875,2.875,7.4375],"texture":"#3"},"south":{"uv":[5.3125,5.625,5.5,7.1875],"texture":"#3"},"west":{"uv":[2.875,5.875,3.0,7.4375],"texture":"#3"},"up":{"uv":[1.9375,6.4375,1.75,6.3125],"texture":"#3"},"down":{"uv":[2.125,6.3125,1.9375,6.4375],"texture":"#3"}}},{"from":[-9.0,3.0,4.0],"to":[-6.0,28.0,6.0],"rotation":{"origin":[0.0,0.0,-2.0],"x":0.0,"y":0.0,"z":0.0},"faces":{"north":{"uv":[5.5,5.625,5.6875,7.1875],"texture":"#3"},"east":{"uv":[3.0,5.875,3.125,7.4375],"texture":"#3"},"south":{"uv":[5.6875,5.625,5.875,7.1875],"texture":"#3"},"west":{"uv":[3.125,5.875,3.25,7.4375],"texture":"#3"},"up":{"uv":[2.3125,6.4375,2.125,6.3125],"texture":"#3"},"down":{"uv":[2.5,6.3125,2.3125,6.4375],"texture":"#3"}}},{"from":[-6.0,21.0,4.0],"to":[22.0,24.0,6.0],"rotation":{"origin":[0.0,0.0,-2.0],"x":0.0,"y":0.0,"z":0.0},"faces":{"north":{"uv":[5.25,1.1875,7.0,1.375],"texture":"#3"},"east":{"uv":[5.1875,6.125,5.3125,6.3125],"texture":"#3"},"south":{"uv":[5.25,1.375,7.0,1.5625],"texture":"#3"},"west":{"uv":[1.625,6.3125,1.75,6.5],"texture":"#3"},"up":{"uv":[7.0,2.3125,5.25,2.1875],"texture":"#3"},"down":{"uv":[7.5,2.0,5.75,2.125],"texture":"#3"}}},{"from":[6.5,13.0,8.0],"to":[16.5,17.0,12.0],"rotation":{"origin":[3.5,10.0,17.0],"x":0.0,"y":0.0,"z":-45.0},"faces":{"north":{"uv":[5.875,5.75,6.5,6.0],"texture":"#3"},"east":{"uv":[0.5,6.3125,0.75,6.5625],"texture":"#3"},"south":{"uv":[6.0,0.0,6.625,0.25],"texture":"#3"},"west":{"uv":[0.25,6.3125,0.5,6.5625],"texture":"#3"},"up":{"uv":[6.125,6.625,5.875,6.0],"texture":"#3","rotation":270},"down":{"uv":[3.75,6.125,3.5,6.75],"texture":"#3","rotation":90}}},{"from":[22.0,21.0,15.0],"to":[-6.0,3.0,6.0],"rotation":{"origin":[0.0,0.0,-1.0],"x":0.0,"y":0.0,"z":0.0},"faces":{"north":{"uv":[0.0,0.0,7.0,4.5],"texture":"#4"},"east":{"uv":[7.0,4.5,9.25,9.0],"texture":"#4"},"south":{"uv":[0.0,4.5,7.0,9.0],"texture":"#4"},"west":{"uv":[0.0,9.0,2.25,13.5],"texture":"#4"},"up":{"uv":[14.0,2.25,7.0,0.0],"texture":"#4"},"down":{"uv":[14.0,2.25,7.0,4.5],"texture":"#4"}}},{"from":[-0.5,3.0,11.0],"to":[7.5,16.0,11.0],"rotation":{"origin":[-0.5,3.0,9.0],"x":0.0,"y":0.0,"z":0.0},"faces":{"north":{"uv":[2.25,9.0,4.25,12.25],"texture":"#4"},"east":{"uv":[0.0,0.0,0.0,3.25],"texture":"#4"},"south":{"uv":[4.25,9.0,2.25,12.25],"texture":"#4"},"west":{"uv":[0.0,0.0,0.0,3.25],"texture":"#4"},"up":{"uv":[2.0,0.0,0.0,0.0],"texture":"#4"},"down":{"uv":[2.0,0.0,0.0,0.0],"texture":"#4"}}},{"from":[3.5,3.0,7.0],"to":[3.5,16.0,15.0],"rotation":{"origin":[3.5,9.5,11.0],"x":0.0,"y":0.0,"z":0.0},"faces":{"north":{"uv":[0.0,0.0,0.0,3.25],"texture":"#4"},"east":{"uv":[4.25,9.0,2.25,12.25],"texture":"#4"},"south":{"uv":[0.0,0.0,0.0,3.25],"texture":"#4"},"west":{"uv":[2.25,9.0,4.25,12.25],"texture":"#4"},"up":{"uv":[2.0,0.0,0.0,0.0],"texture":"#4","rotation":270},"down":{"uv":[2.0,0.0,0.0,0.0],"texture":"#4","rotation":90}}},{"from":[8.0,1.0,7.7],"to":[16.0,14.0,7.7],"rotation":{"origin":[8.0,1.0,5.7],"x":0.0,"y":0.0,"z":0.0},"faces":{"north":{"uv":[2.25,9.0,4.25,12.25],"texture":"#4"},"east":{"uv":[0.0,0.0,0.0,3.25],"texture":"#4"},"south":{"uv":[4.25,9.0,2.25,12.25],"texture":"#4"},"west":{"uv":[0.0,0.0,0.0,3.25],"texture":"#4"},"up":{"uv":[2.0,0.0,0.0,0.0],"texture":"#4"},"down":{"uv":[2.0,0.0,0.0,0.0],"texture":"#4"}}},{"from":[12.0,1.0,3.7],"to":[12.0,14.0,11.7],"rotation":{"origin":[12.0,7.5,7.7],"x":0.0,"y":0.0,"z":0.0},"faces":{"north":{"uv":[0.0,0.0,0.0,3.25],"texture":"#4"},"east":{"uv":[4.25,9.0,2.25,12.25],"texture":"#4"},"south":{"uv":[0.0,0.0,0.0,3.25],"texture":"#4"},"west":{"uv":[2.25,9.0,4.25,12.25],"texture":"#4"},"up":{"uv":[2.0,0.0,0.0,0.0],"texture":"#4","rotation":270},"down":{"uv":[2.0,0.0,0.0,0.0],"texture":"#4","rotation":90}}}],"textures":{"3":"workshop_six:6afc053f-dabe-4ecd-9776-909b8f7b322b","4":"workshop_six:65e6926a-3111-4a95-85e1-f806aca05319","particle":"workshop_six:6afc053f-dabe-4ecd-9776-909b8f7b322b"},"gui_light":"front"}