{"display":{"thirdperson_righthand":{"rotation":[49.0,0.0,0.0],"translation":[-1.0,0.0,-0.5],"scale":[0.27,0.27,0.27]},"thirdperson_lefthand":{"rotation":[49.0,0.0,0.0],"translation":[-1.0,0.0,-0.5],"scale":[0.27,0.27,0.27]},"firstperson_righthand":{"translation":[0.0,4.75,1.5],"scale":[0.39,0.39,0.39]},"firstperson_lefthand":{"translation":[0.0,4.75,1.5],"scale":[0.39,0.39,0.39]},"ground":{"translation":[0.0,2.25,0.0],"scale":[0.4,0.4,0.4]},"gui":{"rotation":[11.75,0.0,0.0],"translation":[0.0,0.5,0.0],"scale":[0.64,0.64,0.64]},"head":{"scale":[0.0,0.0,0.0]},"fixed":{"rotation":[-90.0,0.0,0.0],"translation":[0.0,0.0,-16.0],"scale":[2.0,2.0,2.0]}},"elements":[{"from":[0.0,0.0,0.0],"to":[1.0,2.0,16.0],"rotation":{"origin":[8.0,2.25,8.0],"x":0.0,"y":-22.5,"z":0.0},"faces":{"north":{"uv":[7.25,3.75,7.375,4.0],"texture":"#1"},"east":{"uv":[0.0,4.0,2.0,4.25],"texture":"#1"},"south":{"uv":[7.375,2.75,7.5,3.0],"texture":"#1"},"west":{"uv":[2.0,4.0,4.0,4.25],"texture":"#1"},"up":{"uv":[6.125,7.25,6.0,5.25],"texture":"#1"},"down":{"uv":[6.25,5.25,6.125,7.25],"texture":"#1"}}},{"from":[1.0,1.0,0.0],"to":[2.0,5.0,1.0],"rotation":{"origin":[8.0,2.25,8.0],"x":0.0,"y":-22.5,"z":0.0},"faces":{"north":{"uv":[2.75,6.875,2.875,7.375],"texture":"#1"},"east":{"uv":[2.875,6.875,3.0,7.375],"texture":"#1"},"south":{"uv":[3.0,6.875,3.125,7.375],"texture":"#1"},"west":{"uv":[3.125,6.875,3.25,7.375],"texture":"#1"},"up":{"uv":[3.625,7.75,3.5,7.625],"texture":"#1"},"down":{"uv":[7.75,3.5,7.625,3.625],"texture":"#1"}}},{"from":[1.0,0.0,0.0],"to":[15.0,1.0,16.0],"rotation":{"origin":[8.0,2.25,8.0],"x":0.0,"y":-22.5,"z":0.0},"faces":{"north":{"uv":[7.25,0.0,9.0,0.125],"texture":"#1"},"east":{"uv":[0.0,6.25,2.0,6.375],"texture":"#1"},"south":{"uv":[7.25,0.125,9.0,0.25],"texture":"#1"},"west":{"uv":[2.0,6.25,4.0,6.375],"texture":"#1"},"up":{"uv":[1.75,2.0,0.0,0.0],"texture":"#1"},"down":{"uv":[3.5,0.0,1.75,2.0],"texture":"#1"}}},{"from":[0.0,3.0,0.0],"to":[1.0,5.0,16.0],"rotation":{"origin":[8.0,2.25,8.0],"x":0.0,"y":-22.5,"z":0.0},"faces":{"north":{"uv":[2.875,7.375,3.0,7.625],"texture":"#1"},"east":{"uv":[4.0,4.0,6.0,4.25],"texture":"#1"},"south":{"uv":[3.0,7.375,3.125,7.625],"texture":"#1"},"west":{"uv":[0.0,4.25,2.0,4.5],"texture":"#1"},"up":{"uv":[4.125,8.25,4.0,6.25],"texture":"#1"},"down":{"uv":[4.25,6.25,4.125,8.25],"texture":"#1"}}},{"from":[1.0,1.0,15.0],"to":[2.0,5.0,16.0],"rotation":{"origin":[8.0,2.25,8.0],"x":0.0,"y":-22.5,"z":0.0},"faces":{"north":{"uv":[3.25,6.875,3.375,7.375],"texture":"#1"},"east":{"uv":[3.375,6.875,3.5,7.375],"texture":"#1"},"south":{"uv":[3.5,6.875,3.625,7.375],"texture":"#1"},"west":{"uv":[3.625,6.875,3.75,7.375],"texture":"#1"},"up":{"uv":[3.75,7.75,3.625,7.625],"texture":"#1"},"down":{"uv":[7.75,3.625,7.625,3.75],"texture":"#1"}}},{"from":[0.0,0.0,16.0],"to":[16.0,2.0,17.0],"rotation":{"origin":[8.0,2.25,8.0],"x":0.0,"y":-22.5,"z":0.0},"faces":{"north":{"uv":[2.0,4.25,4.0,4.5],"texture":"#1"},"east":{"uv":[7.375,3.0,7.5,3.25],"texture":"#1"},"south":{"uv":[4.0,4.25,6.0,4.5],"texture":"#1"},"west":{"uv":[3.125,7.375,3.25,7.625],"texture":"#1"},"up":{"uv":[8.25,5.375,6.25,5.25],"texture":"#1"},"down":{"uv":[8.25,5.375,6.25,5.5],"texture":"#1"}}},{"from":[0.0,3.0,16.0],"to":[16.0,5.0,17.0],"rotation":{"origin":[8.0,2.25,8.0],"x":0.0,"y":-22.5,"z":0.0},"faces":{"north":{"uv":[0.0,4.5,2.0,4.75],"texture":"#1"},"east":{"uv":[3.25,7.375,3.375,7.625],"texture":"#1"},"south":{"uv":[2.0,4.5,4.0,4.75],"texture":"#1"},"west":{"uv":[7.375,3.25,7.5,3.5],"texture":"#1"},"up":{"uv":[8.25,5.625,6.25,5.5],"texture":"#1"},"down":{"uv":[8.25,5.625,6.25,5.75],"texture":"#1"}}},{"from":[15.0,0.0,0.0],"to":[16.0,2.0,16.0],"rotation":{"origin":[8.0,2.25,8.0],"x":0.0,"y":-22.5,"z":0.0},"faces":{"north":{"uv":[3.375,7.375,3.5,7.625],"texture":"#1"},"east":{"uv":[4.0,4.5,6.0,4.75],"texture":"#1"},"south":{"uv":[3.5,7.375,3.625,7.625],"texture":"#1"},"west":{"uv":[0.0,4.75,2.0,5.0],"texture":"#1"},"up":{"uv":[4.375,8.25,4.25,6.25],"texture":"#1"},"down":{"uv":[4.5,6.25,4.375,8.25],"texture":"#1"}}},{"from":[15.0,3.0,0.0],"to":[16.0,5.0,16.0],"rotation":{"origin":[8.0,2.25,8.0],"x":0.0,"y":-22.5,"z":0.0},"faces":{"north":{"uv":[7.375,3.5,7.5,3.75],"texture":"#1"},"east":{"uv":[2.0,4.75,4.0,5.0],"texture":"#1"},"south":{"uv":[3.625,7.375,3.75,7.625],"texture":"#1"},"west":{"uv":[4.0,4.75,6.0,5.0],"texture":"#1"},"up":{"uv":[4.625,8.25,4.5,6.25],"texture":"#1"},"down":{"uv":[4.75,6.25,4.625,8.25],"texture":"#1"}}},{"from":[14.0,1.0,15.0],"to":[15.0,5.0,16.0],"rotation":{"origin":[8.0,2.25,8.0],"x":0.0,"y":-22.5,"z":0.0},"faces":{"north":{"uv":[3.75,6.875,3.875,7.375],"texture":"#1"},"east":{"uv":[3.875,6.875,4.0,7.375],"texture":"#1"},"south":{"uv":[7.25,0.75,7.375,1.25],"texture":"#1"},"west":{"uv":[7.25,1.25,7.375,1.75],"texture":"#1"},"up":{"uv":[3.875,7.75,3.75,7.625],"texture":"#1"},"down":{"uv":[7.75,3.75,7.625,3.875],"texture":"#1"}}},{"from":[14.0,1.0,0.0],"to":[15.0,5.0,1.0],"rotation":{"origin":[8.0,2.25,8.0],"x":0.0,"y":-22.5,"z":0.0},"faces":{"north":{"uv":[7.25,1.75,7.375,2.25],"texture":"#1"},"east":{"uv":[7.25,2.25,7.375,2.75],"texture":"#1"},"south":{"uv":[7.25,2.75,7.375,3.25],"texture":"#1"},"west":{"uv":[7.25,3.25,7.375,3.75],"texture":"#1"},"up":{"uv":[4.0,7.75,3.875,7.625],"texture":"#1"},"down":{"uv":[7.75,3.875,7.625,4.0],"texture":"#1"}}},{"from":[0.0,0.0,-1.0],"to":[16.0,2.0,0.0],"rotation":{"origin":[8.0,2.25,8.0],"x":0.0,"y":-22.5,"z":0.0},"faces":{"north":{"uv":[0.0,5.0,2.0,5.25],"texture":"#1"},"east":{"uv":[3.75,7.375,3.875,7.625],"texture":"#1"},"south":{"uv":[2.0,5.0,4.0,5.25],"texture":"#1"},"west":{"uv":[7.375,3.75,7.5,4.0],"texture":"#1"},"up":{"uv":[8.25,5.875,6.25,5.75],"texture":"#1"},"down":{"uv":[8.25,5.875,6.25,6.0],"texture":"#1"}}},{"from":[0.0,3.0,-1.0],"to":[16.0,5.0,0.0],"rotation":{"origin":[8.0,2.25,8.0],"x":0.0,"y":-22.5,"z":0.0},"faces":{"north":{"uv":[4.0,5.0,6.0,5.25],"texture":"#1"},"east":{"uv":[3.875,7.375,4.0,7.625],"texture":"#1"},"south":{"uv":[0.0,5.25,2.0,5.5],"texture":"#1"},"west":{"uv":[7.375,7.25,7.5,7.5],"texture":"#1"},"up":{"uv":[8.25,6.125,6.25,6.0],"texture":"#1"},"down":{"uv":[8.25,6.125,6.25,6.25],"texture":"#1"}}},{"from":[1.0,8.0,-1.0],"to":[17.0,10.0,0.0],"rotation":{"origin":[8.0,2.25,8.0],"x":0.0,"y":22.5,"z":0.0},"faces":{"north":{"uv":[5.25,0.0,7.25,0.25],"texture":"#1"},"east":{"uv":[7.5,0.75,7.625,1.0],"texture":"#1"},"south":{"uv":[5.25,0.25,7.25,0.5],"texture":"#1"},"west":{"uv":[7.5,1.0,7.625,1.25],"texture":"#1"},"up":{"uv":[8.25,6.375,6.25,6.25],"texture":"#1"},"down":{"uv":[2.0,6.375,0.0,6.5],"texture":"#1"}}},{"from":[1.0,5.0,0.0],"to":[2.0,7.0,16.0],"rotation":{"origin":[8.0,2.25,8.0],"x":0.0,"y":22.5,"z":0.0},"faces":{"north":{"uv":[7.5,1.25,7.625,1.5],"texture":"#1"},"east":{"uv":[5.25,0.5,7.25,0.75],"texture":"#1"},"south":{"uv":[7.5,1.5,7.625,1.75],"texture":"#1"},"west":{"uv":[5.25,0.75,7.25,1.0],"texture":"#1"},"up":{"uv":[4.875,8.25,4.75,6.25],"texture":"#1"},"down":{"uv":[5.0,6.25,4.875,8.25],"texture":"#1"}}},{"from":[2.0,6.0,0.0],"to":[3.0,10.0,1.0],"rotation":{"origin":[8.0,2.25,8.0],"x":0.0,"y":22.5,"z":0.0},"faces":{"north":{"uv":[6.0,7.25,6.125,7.75],"texture":"#1"},"east":{"uv":[6.125,7.25,6.25,7.75],"texture":"#1"},"south":{"uv":[6.25,7.25,6.375,7.75],"texture":"#1"},"west":{"uv":[6.375,7.25,6.5,7.75],"texture":"#1"},"up":{"uv":[7.75,7.375,7.625,7.25],"texture":"#1"},"down":{"uv":[7.75,7.375,7.625,7.5],"texture":"#1"}}},{"from":[2.0,5.0,0.0],"to":[16.0,6.0,16.0],"rotation":{"origin":[8.0,2.25,8.0],"x":0.0,"y":22.5,"z":0.0},"faces":{"north":{"uv":[7.25,0.25,9.0,0.375],"texture":"#1"},"east":{"uv":[2.0,6.375,4.0,6.5],"texture":"#1"},"south":{"uv":[7.25,0.375,9.0,0.5],"texture":"#1"},"west":{"uv":[6.25,6.375,8.25,6.5],"texture":"#1"},"up":{"uv":[1.75,4.0,0.0,2.0],"texture":"#1"},"down":{"uv":[3.5,2.0,1.75,4.0],"texture":"#1"}}},{"from":[1.0,8.0,0.0],"to":[2.0,10.0,16.0],"rotation":{"origin":[8.0,2.25,8.0],"x":0.0,"y":22.5,"z":0.0},"faces":{"north":{"uv":[7.5,1.75,7.625,2.0],"texture":"#1"},"east":{"uv":[5.25,1.0,7.25,1.25],"texture":"#1"},"south":{"uv":[7.5,2.0,7.625,2.25],"texture":"#1"},"west":{"uv":[5.25,1.25,7.25,1.5],"texture":"#1"},"up":{"uv":[5.125,8.25,5.0,6.25],"texture":"#1"},"down":{"uv":[5.25,6.25,5.125,8.25],"texture":"#1"}}},{"from":[2.0,6.0,15.0],"to":[3.0,10.0,16.0],"rotation":{"origin":[8.0,2.25,8.0],"x":0.0,"y":22.5,"z":0.0},"faces":{"north":{"uv":[6.5,7.25,6.625,7.75],"texture":"#1"},"east":{"uv":[6.625,7.25,6.75,7.75],"texture":"#1"},"south":{"uv":[6.75,7.25,6.875,7.75],"texture":"#1"},"west":{"uv":[6.875,7.25,7.0,7.75],"texture":"#1"},"up":{"uv":[7.75,7.625,7.625,7.5],"texture":"#1"},"down":{"uv":[7.75,7.625,7.625,7.75],"texture":"#1"}}},{"from":[1.0,5.0,16.0],"to":[17.0,7.0,17.0],"rotation":{"origin":[8.0,2.25,8.0],"x":0.0,"y":22.5,"z":0.0},"faces":{"north":{"uv":[5.25,1.5,7.25,1.75],"texture":"#1"},"east":{"uv":[7.5,2.25,7.625,2.5],"texture":"#1"},"south":{"uv":[5.25,1.75,7.25,2.0],"texture":"#1"},"west":{"uv":[7.5,2.5,7.625,2.75],"texture":"#1"},"up":{"uv":[2.0,6.625,0.0,6.5],"texture":"#1"},"down":{"uv":[4.0,6.5,2.0,6.625],"texture":"#1"}}},{"from":[1.0,8.0,16.0],"to":[17.0,10.0,17.0],"rotation":{"origin":[8.0,2.25,8.0],"x":0.0,"y":22.5,"z":0.0},"faces":{"north":{"uv":[2.0,5.25,4.0,5.5],"texture":"#1"},"east":{"uv":[7.5,2.75,7.625,3.0],"texture":"#1"},"south":{"uv":[5.25,2.0,7.25,2.25],"texture":"#1"},"west":{"uv":[7.5,3.0,7.625,3.25],"texture":"#1"},"up":{"uv":[8.25,6.625,6.25,6.5],"texture":"#1"},"down":{"uv":[2.0,6.625,0.0,6.75],"texture":"#1"}}},{"from":[16.0,5.0,0.0],"to":[17.0,7.0,16.0],"rotation":{"origin":[8.0,2.25,8.0],"x":0.0,"y":22.5,"z":0.0},"faces":{"north":{"uv":[7.5,3.25,7.625,3.5],"texture":"#1"},"east":{"uv":[5.25,2.25,7.25,2.5],"texture":"#1"},"south":{"uv":[7.5,3.5,7.625,3.75],"texture":"#1"},"west":{"uv":[5.25,2.5,7.25,2.75],"texture":"#1"},"up":{"uv":[5.375,8.25,5.25,6.25],"texture":"#1"},"down":{"uv":[5.5,6.25,5.375,8.25],"texture":"#1"}}},{"from":[16.0,8.0,0.0],"to":[17.0,10.0,16.0],"rotation":{"origin":[8.0,2.25,8.0],"x":0.0,"y":22.5,"z":0.0},"faces":{"north":{"uv":[7.5,3.75,7.625,4.0],"texture":"#1"},"east":{"uv":[5.25,2.75,7.25,3.0],"texture":"#1"},"south":{"uv":[7.5,7.25,7.625,7.5],"texture":"#1"},"west":{"uv":[5.25,3.0,7.25,3.25],"texture":"#1"},"up":{"uv":[5.625,8.25,5.5,6.25],"texture":"#1"},"down":{"uv":[5.75,6.25,5.625,8.25],"texture":"#1"}}},{"from":[15.0,6.0,15.0],"to":[16.0,10.0,16.0],"rotation":{"origin":[8.0,2.25,8.0],"x":0.0,"y":22.5,"z":0.0},"faces":{"north":{"uv":[7.0,7.25,7.125,7.75],"texture":"#1"},"east":{"uv":[7.125,7.25,7.25,7.75],"texture":"#1"},"south":{"uv":[7.25,7.25,7.375,7.75],"texture":"#1"},"west":{"uv":[0.0,7.375,0.125,7.875],"texture":"#1"},"up":{"uv":[7.875,0.875,7.75,0.75],"texture":"#1"},"down":{"uv":[7.875,0.875,7.75,1.0],"texture":"#1"}}},{"from":[15.0,6.0,0.0],"to":[16.0,10.0,1.0],"rotation":{"origin":[8.0,2.25,8.0],"x":0.0,"y":22.5,"z":0.0},"faces":{"north":{"uv":[0.125,7.375,0.25,7.875],"texture":"#1"},"east":{"uv":[0.25,7.375,0.375,7.875],"texture":"#1"},"south":{"uv":[0.375,7.375,0.5,7.875],"texture":"#1"},"west":{"uv":[0.5,7.375,0.625,7.875],"texture":"#1"},"up":{"uv":[7.875,1.125,7.75,1.0],"texture":"#1"},"down":{"uv":[7.875,1.125,7.75,1.25],"texture":"#1"}}},{"from":[1.0,5.0,-1.0],"to":[17.0,7.0,0.0],"rotation":{"origin":[8.0,2.25,8.0],"x":0.0,"y":22.5,"z":0.0},"faces":{"north":{"uv":[5.25,3.25,7.25,3.5],"texture":"#1"},"east":{"uv":[7.375,7.5,7.5,7.75],"texture":"#1"},"south":{"uv":[5.25,3.5,7.25,3.75],"texture":"#1"},"west":{"uv":[7.5,7.5,7.625,7.75],"texture":"#1"},"up":{"uv":[4.0,6.75,2.0,6.625],"texture":"#1"},"down":{"uv":[8.25,6.625,6.25,6.75],"texture":"#1"}}},{"from":[0.0,13.0,-1.0],"to":[16.0,15.0,0.0],"rotation":{"origin":[8.0,2.25,8.0],"x":0.0,"y":0.0,"z":0.0},"faces":{"north":{"uv":[5.25,3.75,7.25,4.0],"texture":"#1"},"east":{"uv":[7.625,0.75,7.75,1.0],"texture":"#1"},"south":{"uv":[4.0,5.25,6.0,5.5],"texture":"#1"},"west":{"uv":[7.625,1.0,7.75,1.25],"texture":"#1"},"up":{"uv":[2.0,6.875,0.0,6.75],"texture":"#1"},"down":{"uv":[4.0,6.75,2.0,6.875],"texture":"#1"}}},{"from":[0.0,10.0,0.0],"to":[1.0,12.0,16.0],"rotation":{"origin":[8.0,2.25,8.0],"x":0.0,"y":0.0,"z":0.0},"faces":{"north":{"uv":[7.625,1.25,7.75,1.5],"texture":"#1"},"east":{"uv":[0.0,5.5,2.0,5.75],"texture":"#1"},"south":{"uv":[7.625,1.5,7.75,1.75],"texture":"#1"},"west":{"uv":[2.0,5.5,4.0,5.75],"texture":"#1"},"up":{"uv":[5.875,8.25,5.75,6.25],"texture":"#1"},"down":{"uv":[6.0,6.25,5.875,8.25],"texture":"#1"}}},{"from":[1.0,11.0,0.0],"to":[2.0,15.0,1.0],"rotation":{"origin":[8.0,2.25,8.0],"x":0.0,"y":0.0,"z":0.0},"faces":{"north":{"uv":[0.625,7.375,0.75,7.875],"texture":"#1"},"east":{"uv":[0.75,7.375,0.875,7.875],"texture":"#1"},"south":{"uv":[7.375,0.75,7.5,1.25],"texture":"#1"},"west":{"uv":[0.875,7.375,1.0,7.875],"texture":"#1"},"up":{"uv":[7.875,1.375,7.75,1.25],"texture":"#1"},"down":{"uv":[7.875,1.375,7.75,1.5],"texture":"#1"}}},{"from":[1.0,10.0,0.0],"to":[15.0,11.0,16.0],"rotation":{"origin":[8.0,2.25,8.0],"x":0.0,"y":0.0,"z":0.0},"faces":{"north":{"uv":[7.25,0.5,9.0,0.625],"texture":"#1"},"east":{"uv":[6.25,6.75,8.25,6.875],"texture":"#1"},"south":{"uv":[7.25,0.625,9.0,0.75],"texture":"#1"},"west":{"uv":[0.0,6.875,2.0,7.0],"texture":"#1"},"up":{"uv":[5.25,2.0,3.5,0.0],"texture":"#1"},"down":{"uv":[5.25,2.0,3.5,4.0],"texture":"#1"}}},{"from":[0.0,13.0,0.0],"to":[1.0,15.0,16.0],"rotation":{"origin":[8.0,2.25,8.0],"x":0.0,"y":0.0,"z":0.0},"faces":{"north":{"uv":[7.625,1.75,7.75,2.0],"texture":"#1"},"east":{"uv":[4.0,5.5,6.0,5.75],"texture":"#1"},"south":{"uv":[7.625,2.0,7.75,2.25],"texture":"#1"},"west":{"uv":[0.0,5.75,2.0,6.0],"texture":"#1"},"up":{"uv":[2.125,8.875,2.0,6.875],"texture":"#1"},"down":{"uv":[2.25,6.875,2.125,8.875],"texture":"#1"}}},{"from":[1.0,11.0,15.0],"to":[2.0,15.0,16.0],"rotation":{"origin":[8.0,2.25,8.0],"x":0.0,"y":0.0,"z":0.0},"faces":{"north":{"uv":[1.0,7.375,1.125,7.875],"texture":"#1"},"east":{"uv":[1.125,7.375,1.25,7.875],"texture":"#1"},"south":{"uv":[1.25,7.375,1.375,7.875],"texture":"#1"},"west":{"uv":[7.375,1.25,7.5,1.75],"texture":"#1"},"up":{"uv":[7.875,1.625,7.75,1.5],"texture":"#1"},"down":{"uv":[7.875,1.625,7.75,1.75],"texture":"#1"}}},{"from":[0.0,10.0,16.0],"to":[16.0,12.0,17.0],"rotation":{"origin":[8.0,2.25,8.0],"x":0.0,"y":0.0,"z":0.0},"faces":{"north":{"uv":[2.0,5.75,4.0,6.0],"texture":"#1"},"east":{"uv":[7.625,2.25,7.75,2.5],"texture":"#1"},"south":{"uv":[4.0,5.75,6.0,6.0],"texture":"#1"},"west":{"uv":[7.625,2.5,7.75,2.75],"texture":"#1"},"up":{"uv":[8.25,7.0,6.25,6.875],"texture":"#1"},"down":{"uv":[2.0,7.0,0.0,7.125],"texture":"#1"}}},{"from":[0.0,13.0,16.0],"to":[16.0,15.0,17.0],"rotation":{"origin":[8.0,2.25,8.0],"x":0.0,"y":0.0,"z":0.0},"faces":{"north":{"uv":[0.0,6.0,2.0,6.25],"texture":"#1"},"east":{"uv":[7.625,2.75,7.75,3.0],"texture":"#1"},"south":{"uv":[2.0,6.0,4.0,6.25],"texture":"#1"},"west":{"uv":[2.875,7.625,3.0,7.875],"texture":"#1"},"up":{"uv":[8.25,7.125,6.25,7.0],"texture":"#1"},"down":{"uv":[2.0,7.125,0.0,7.25],"texture":"#1"}}},{"from":[15.0,10.0,0.0],"to":[16.0,12.0,16.0],"rotation":{"origin":[8.0,2.25,8.0],"x":0.0,"y":0.0,"z":0.0},"faces":{"north":{"uv":[3.0,7.625,3.125,7.875],"texture":"#1"},"east":{"uv":[4.0,6.0,6.0,6.25],"texture":"#1"},"south":{"uv":[7.625,3.0,7.75,3.25],"texture":"#1"},"west":{"uv":[6.0,4.0,8.0,4.25],"texture":"#1"},"up":{"uv":[2.375,8.875,2.25,6.875],"texture":"#1"},"down":{"uv":[2.5,6.875,2.375,8.875],"texture":"#1"}}},{"from":[15.0,13.0,0.0],"to":[16.0,15.0,16.0],"rotation":{"origin":[8.0,2.25,8.0],"x":0.0,"y":0.0,"z":0.0},"faces":{"north":{"uv":[3.125,7.625,3.25,7.875],"texture":"#1"},"east":{"uv":[6.0,4.25,8.0,4.5],"texture":"#1"},"south":{"uv":[3.25,7.625,3.375,7.875],"texture":"#1"},"west":{"uv":[6.0,4.5,8.0,4.75],"texture":"#1"},"up":{"uv":[2.625,8.875,2.5,6.875],"texture":"#1"},"down":{"uv":[2.75,6.875,2.625,8.875],"texture":"#1"}}},{"from":[14.0,11.0,15.0],"to":[15.0,15.0,16.0],"rotation":{"origin":[8.0,2.25,8.0],"x":0.0,"y":0.0,"z":0.0},"faces":{"north":{"uv":[1.375,7.375,1.5,7.875],"texture":"#1"},"east":{"uv":[1.5,7.375,1.625,7.875],"texture":"#1"},"south":{"uv":[1.625,7.375,1.75,7.875],"texture":"#1"},"west":{"uv":[1.75,7.375,1.875,7.875],"texture":"#1"},"up":{"uv":[7.875,1.875,7.75,1.75],"texture":"#1"},"down":{"uv":[7.875,1.875,7.75,2.0],"texture":"#1"}}},{"from":[14.0,11.0,0.0],"to":[15.0,15.0,1.0],"rotation":{"origin":[8.0,2.25,8.0],"x":0.0,"y":0.0,"z":0.0},"faces":{"north":{"uv":[7.375,1.75,7.5,2.25],"texture":"#1"},"east":{"uv":[1.875,7.375,2.0,7.875],"texture":"#1"},"south":{"uv":[7.375,2.25,7.5,2.75],"texture":"#1"},"west":{"uv":[2.75,7.375,2.875,7.875],"texture":"#1"},"up":{"uv":[7.875,2.125,7.75,2.0],"texture":"#1"},"down":{"uv":[7.875,2.125,7.75,2.25],"texture":"#1"}}},{"from":[0.0,10.0,-1.0],"to":[16.0,12.0,0.0],"rotation":{"origin":[8.0,2.25,8.0],"x":0.0,"y":0.0,"z":0.0},"faces":{"north":{"uv":[6.0,4.75,8.0,5.0],"texture":"#1"},"east":{"uv":[7.625,3.25,7.75,3.5],"texture":"#1"},"south":{"uv":[6.0,5.0,8.0,5.25],"texture":"#1"},"west":{"uv":[3.375,7.625,3.5,7.875],"texture":"#1"},"up":{"uv":[8.25,7.25,6.25,7.125],"texture":"#1"},"down":{"uv":[2.0,7.25,0.0,7.375],"texture":"#1"}}}],"textures":{"1":"workshop_six:127e433c-5497-433d-a824-1fdfe83faa19","particle":"workshop_six:127e433c-5497-433d-a824-1fdfe83faa19"},"gui_light":"front"}