{"display":{"thirdperson_righthand":{"rotation":[49.0,0.0,0.0],"translation":[-1.0,0.0,-0.5],"scale":[0.27,0.27,0.27]},"thirdperson_lefthand":{"rotation":[49.0,0.0,0.0],"translation":[-1.0,0.0,-0.5],"scale":[0.27,0.27,0.27]},"firstperson_righthand":{"rotation":[-180.0,71.75,-180.0],"translation":[0.0,3.25,0.25],"scale":[0.23,0.23,0.23]},"firstperson_lefthand":{"rotation":[-180.0,71.75,-180.0],"translation":[0.0,3.25,4.0],"scale":[0.23,0.23,0.23]},"ground":{"translation":[2.75,2.5,0.0],"scale":[0.34,0.34,0.34]},"gui":{"rotation":[11.75,180.0,0.0],"translation":[-3.25,-1.25,0.0],"scale":[0.42,0.42,0.42]},"head":{"scale":[0.0,0.0,0.0]},"fixed":{"rotation":[-90.0,0.0,0.0],"translation":[0.0,0.0,-26.0],"scale":[2.0,2.0,2.0]}},"elements":[{"from":[-16.0,-5.0,6.5],"to":[-13.0,28.0,9.5],"faces":{"north":{"uv":[3.25,0.0,3.625,4.125],"texture":"#10"},"east":{"uv":[3.625,0.0,4.0,4.125],"texture":"#10"},"south":{"uv":[0.0,4.0,0.375,8.125],"texture":"#10"},"west":{"uv":[4.0,0.0,4.375,4.125],"texture":"#10"},"up":{"uv":[5.75,2.75,5.375,2.375],"texture":"#10"},"down":{"uv":[5.75,2.75,5.375,3.125],"texture":"#10"}}},{"from":[13.0,-5.0,6.5],"to":[16.0,28.0,9.5],"faces":{"north":{"uv":[0.375,4.0,0.75,8.125],"texture":"#10"},"east":{"uv":[0.75,4.0,1.125,8.125],"texture":"#10"},"south":{"uv":[1.125,4.0,1.5,8.125],"texture":"#10"},"west":{"uv":[1.5,4.0,1.875,8.125],"texture":"#10"},"up":{"uv":[2.25,5.875,1.875,5.5],"texture":"#10"},"down":{"uv":[2.625,5.5,2.25,5.875],"texture":"#10"}}},{"from":[-13.0,25.0,7.0],"to":[13.0,27.0,9.0],"faces":{"north":{"uv":[1.875,4.125,5.125,4.375],"texture":"#10"},"east":{"uv":[5.625,5.125,5.875,5.375],"texture":"#10"},"south":{"uv":[4.375,0.0,7.625,0.25],"texture":"#10"},"west":{"uv":[5.25,5.625,5.5,5.875],"texture":"#10"},"up":{"uv":[7.625,0.5,4.375,0.25],"texture":"#10"},"down":{"uv":[7.625,0.5,4.375,0.75],"texture":"#10"}}},{"from":[-13.0,7.0,7.0],"to":[13.0,9.0,9.0],"rotation":{"origin":[0.0,34.0,0.0],"x":0.0,"y":0.0,"z":0.0},"faces":{"north":{"uv":[4.375,0.75,7.625,1.0],"texture":"#10"},"east":{"uv":[5.625,5.375,5.875,5.625],"texture":"#10"},"south":{"uv":[4.375,1.0,7.625,1.25],"texture":"#10"},"west":{"uv":[5.5,5.625,5.75,5.875],"texture":"#10"},"up":{"uv":[7.625,1.5,4.375,1.25],"texture":"#10"},"down":{"uv":[7.625,1.5,4.375,1.75],"texture":"#10"}}},{"from":[-13.0,9.0,7.5],"to":[13.0,25.0,8.5],"faces":{"north":{"uv":[0.0,0.0,3.25,2.0],"texture":"#10"},"east":{"uv":[3.125,5.25,3.25,7.25],"texture":"#10"},"south":{"uv":[0.0,2.0,3.25,4.0],"texture":"#10"},"west":{"uv":[3.25,5.25,3.375,7.25],"texture":"#10"},"up":{"uv":[7.625,3.875,4.375,3.75],"texture":"#10"},"down":{"uv":[7.625,3.875,4.375,4.0],"texture":"#10"}}},{"from":[-13.0,3.0,7.75],"to":[13.0,5.0,8.75],"faces":{"north":{"uv":[4.375,1.75,7.625,2.0],"texture":"#10"},"east":{"uv":[5.75,2.0,5.875,2.25],"texture":"#10"},"south":{"uv":[1.875,4.375,5.125,4.625],"texture":"#10"},"west":{"uv":[5.75,2.25,5.875,2.5],"texture":"#10"},"up":{"uv":[7.625,4.125,4.375,4.0],"texture":"#10"},"down":{"uv":[8.125,4.625,4.875,4.75],"texture":"#10"}}},{"from":[5.0,2.75,7.5],"to":[11.0,5.25,9.0],"rotation":{"origin":[8.0,0.0,0.0],"x":0.0,"y":0.0,"z":0.0},"faces":{"north":{"uv":[4.875,4.75,5.625,5.125],"texture":"#10"},"east":{"uv":[5.5,4.125,5.75,4.5],"texture":"#10"},"south":{"uv":[5.0,2.0,5.75,2.375],"texture":"#10"},"west":{"uv":[5.625,4.75,5.875,5.125],"texture":"#10"},"up":{"uv":[5.75,3.375,5.0,3.125],"texture":"#10"},"down":{"uv":[5.75,3.375,5.0,3.625],"texture":"#10"}}},{"from":[6.0,16.0,7.25],"to":[11.0,23.0,7.25],"rotation":{"origin":[6.0,21.0,7.25],"x":0.0,"y":0.0,"z":0.0},"faces":{"north":{"uv":[4.375,2.0,5.0,2.875],"texture":"#10"},"east":{"uv":[0.0,0.0,0.0,0.875],"texture":"#10"},"south":{"uv":[4.375,2.875,5.0,3.75],"texture":"#10"},"west":{"uv":[0.0,0.0,0.0,0.875],"texture":"#10"},"up":{"uv":[0.625,0.0,0.0,0.0],"texture":"#10"},"down":{"uv":[0.625,0.0,0.0,0.0],"texture":"#10"}}},{"from":[2.0,13.0,7.0],"to":[7.0,20.0,7.0],"rotation":{"origin":[2.0,18.0,7.0],"x":0.0,"y":0.0,"z":0.0},"faces":{"north":{"uv":[1.875,4.625,2.5,5.5],"texture":"#10"},"east":{"uv":[0.0,0.0,0.0,0.875],"texture":"#10"},"south":{"uv":[2.5,4.625,3.125,5.5],"texture":"#10"},"west":{"uv":[0.0,0.0,0.0,0.875],"texture":"#10"},"up":{"uv":[0.625,0.0,0.0,0.0],"texture":"#10"},"down":{"uv":[0.625,0.0,0.0,0.0],"texture":"#10"}}},{"from":[-6.75,11.0,7.0],"to":[0.25,16.0,7.0],"rotation":{"origin":[-2.75,13.5,7.0],"x":0.0,"y":0.0,"z":0.0},"faces":{"north":{"uv":[3.125,4.625,4.0,5.25],"texture":"#10"},"east":{"uv":[0.0,0.0,0.0,0.625],"texture":"#10"},"south":{"uv":[4.0,4.625,4.875,5.25],"texture":"#10"},"west":{"uv":[0.0,0.0,0.0,0.625],"texture":"#10"},"up":{"uv":[0.875,0.0,0.0,0.0],"texture":"#10"},"down":{"uv":[0.875,0.0,0.0,0.0],"texture":"#10"}}},{"from":[-10.5,12.0,7.0],"to":[-8.5,18.0,7.0],"rotation":{"origin":[-10.5,16.0,7.0],"x":0.0,"y":0.0,"z":0.0},"faces":{"north":{"uv":[3.375,5.25,3.625,6.0],"texture":"#10"},"east":{"uv":[0.0,0.0,0.0,0.75],"texture":"#10"},"south":{"uv":[3.625,5.25,3.875,6.0],"texture":"#10"},"west":{"uv":[0.0,0.0,0.0,0.75],"texture":"#10"},"up":{"uv":[0.25,0.0,0.0,0.0],"texture":"#10"},"down":{"uv":[0.25,0.0,0.0,0.0],"texture":"#10"}}},{"from":[-6.5,16.5,7.0],"to":[-4.5,22.5,7.0],"rotation":{"origin":[-6.5,20.5,7.0],"x":0.0,"y":0.0,"z":0.0},"faces":{"north":{"uv":[3.875,5.25,4.125,6.0],"texture":"#10"},"east":{"uv":[0.0,0.0,0.0,0.75],"texture":"#10"},"south":{"uv":[4.125,5.25,4.375,6.0],"texture":"#10"},"west":{"uv":[0.0,0.0,0.0,0.75],"texture":"#10"},"up":{"uv":[0.25,0.0,0.0,0.0],"texture":"#10"},"down":{"uv":[0.25,0.0,0.0,0.0],"texture":"#10"}}},{"from":[-5.0,14.5,6.75],"to":[-3.0,20.5,6.75],"rotation":{"origin":[-5.0,18.5,6.75],"x":0.0,"y":0.0,"z":0.0},"faces":{"north":{"uv":[4.375,5.25,4.625,6.0],"texture":"#10"},"east":{"uv":[0.0,0.0,0.0,0.75],"texture":"#10"},"south":{"uv":[4.625,5.25,4.875,6.0],"texture":"#10"},"west":{"uv":[0.0,0.0,0.0,0.75],"texture":"#10"},"up":{"uv":[0.25,0.0,0.0,0.0],"texture":"#10"},"down":{"uv":[0.25,0.0,0.0,0.0],"texture":"#10"}}},{"from":[8.0,11.0,7.0],"to":[10.0,15.0,7.0],"rotation":{"origin":[8.0,14.0,7.0],"x":0.0,"y":0.0,"z":0.0},"faces":{"north":{"uv":[2.625,5.5,2.875,6.0],"texture":"#10"},"east":{"uv":[0.0,0.0,0.0,0.5],"texture":"#10"},"south":{"uv":[2.875,5.5,3.125,6.0],"texture":"#10"},"west":{"uv":[0.0,0.0,0.0,0.5],"texture":"#10"},"up":{"uv":[0.25,0.0,0.0,0.0],"texture":"#10"},"down":{"uv":[0.25,0.0,0.0,0.0],"texture":"#10"}}},{"from":[-2.25,17.25,7.0],"to":[0.75,23.25,7.0],"rotation":{"origin":[-1.25,21.25,7.0],"x":0.0,"y":0.0,"z":0.0},"faces":{"north":{"uv":[5.0,2.375,5.375,3.125],"texture":"#10"},"east":{"uv":[0.0,0.0,0.0,0.75],"texture":"#10"},"south":{"uv":[4.875,5.125,5.25,5.875],"texture":"#10"},"west":{"uv":[0.0,0.0,0.0,0.75],"texture":"#10"},"up":{"uv":[0.375,0.0,0.0,0.0],"texture":"#10"},"down":{"uv":[0.375,0.0,0.0,0.0],"texture":"#10"}}},{"from":[-11.0,19.0,7.0],"to":[-8.0,23.0,7.0],"rotation":{"origin":[-10.0,21.0,7.0],"x":0.0,"y":0.0,"z":0.0},"faces":{"north":{"uv":[5.125,4.125,5.5,4.625],"texture":"#10"},"east":{"uv":[0.0,0.0,0.0,0.5],"texture":"#10"},"south":{"uv":[5.25,5.125,5.625,5.625],"texture":"#10"},"west":{"uv":[0.0,0.0,0.0,0.5],"texture":"#10"},"up":{"uv":[0.375,0.0,0.0,0.0],"texture":"#10"},"down":{"uv":[0.375,0.0,0.0,0.0],"texture":"#10"}}}],"textures":{"10":"workshop_six:6ac8afbb-bb96-4c3e-9f39-f0d737c25730","particle":"workshop_six:6ac8afbb-bb96-4c3e-9f39-f0d737c25730"},"gui_light":"front"}