{"display":{"thirdperson_righthand":{"rotation":[49.0,0.0,0.0],"translation":[-1.0,0.0,-0.5],"scale":[0.27,0.27,0.27]},"thirdperson_lefthand":{"rotation":[49.0,0.0,0.0],"translation":[-1.0,0.0,-0.5],"scale":[0.27,0.27,0.27]},"firstperson_righthand":{"translation":[0.0,4.75,1.5],"scale":[0.39,0.39,0.39]},"firstperson_lefthand":{"translation":[0.0,4.75,1.5],"scale":[0.39,0.39,0.39]},"ground":{"translation":[0.0,2.25,0.0],"scale":[0.4,0.4,0.4]},"gui":{"rotation":[11.75,0.0,0.0],"translation":[0.0,-0.75,0.0],"scale":[0.64,0.64,0.64]},"head":{"scale":[0.0,0.0,0.0]},"fixed":{"rotation":[-90.0,0.0,0.0],"translation":[0.0,0.0,-16.0],"scale":[2.0,2.0,2.0]}},"elements":[{"from":[4.5,0.0,4.5],"to":[11.5,1.0,11.5],"rotation":{"origin":[4.5,0.0,4.5],"x":0.0,"y":0.0,"z":0.0},"faces":{"north":{"uv":[9.75,8.5,11.5,8.75],"texture":"#2"},"east":{"uv":[9.75,8.75,11.5,9.0],"texture":"#2"},"south":{"uv":[10.0,1.5,11.75,1.75],"texture":"#2"},"west":{"uv":[10.0,1.75,11.75,2.0],"texture":"#2"},"up":{"uv":[10.0,1.75,8.25,0.0],"texture":"#2"},"down":{"uv":[10.0,1.75,8.25,3.5],"texture":"#2"}}},{"from":[7.0,1.0,7.0],"to":[9.0,9.0,9.0],"rotation":{"origin":[2.0,1.0,7.0],"x":0.0,"y":0.0,"z":0.0},"faces":{"north":{"uv":[8.25,3.5,8.75,5.5],"texture":"#2"},"east":{"uv":[8.25,5.5,8.75,7.5],"texture":"#2"},"south":{"uv":[8.25,7.5,8.75,9.5],"texture":"#2"},"west":{"uv":[8.75,3.5,9.25,5.5],"texture":"#2"},"up":{"uv":[10.5,9.5,10.0,9.0],"texture":"#2"},"down":{"uv":[9.75,10.0,9.25,10.5],"texture":"#2"}}},{"from":[2.5,8.5,2.5],"to":[13.5,18.5,13.5],"rotation":{"origin":[4.5,17.5,4.5],"x":0.0,"y":0.0,"z":0.0},"faces":{"north":{"uv":[0.0,5.5,2.75,8.0],"texture":"#2","tintindex":0},"east":{"uv":[5.5,0.0,8.25,2.5],"texture":"#2","tintindex":0},"south":{"uv":[5.5,2.5,8.25,5.0],"texture":"#2","tintindex":0},"west":{"uv":[2.75,5.5,5.5,8.0],"texture":"#2","tintindex":0},"up":{"uv":[2.75,2.75,0.0,0.0],"texture":"#2"},"down":{"uv":[2.75,2.75,0.0,5.5],"texture":"#2"}}},{"from":[5.0,9.0,7.0],"to":[11.0,10.0,9.0],"rotation":{"origin":[2.0,-2.0,7.0],"x":0.0,"y":0.0,"z":0.0},"faces":{"north":{"uv":[10.0,2.0,11.5,2.25],"texture":"#2"},"east":{"uv":[10.0,9.5,10.5,9.75],"texture":"#2"},"south":{"uv":[10.0,2.25,11.5,2.5],"texture":"#2"},"west":{"uv":[9.75,10.0,10.25,10.25],"texture":"#2"},"up":{"uv":[10.25,6.0,8.75,5.5],"texture":"#2"},"down":{"uv":[10.25,6.0,8.75,6.5],"texture":"#2"}}},{"from":[5.0,16.0,7.0],"to":[11.0,17.0,9.0],"rotation":{"origin":[2.0,4.0,7.0],"x":0.0,"y":0.0,"z":0.0},"faces":{"north":{"uv":[10.0,2.5,11.5,2.75],"texture":"#2"},"east":{"uv":[10.0,9.75,10.5,10.0],"texture":"#2"},"south":{"uv":[10.0,2.75,11.5,3.0],"texture":"#2"},"west":{"uv":[10.25,5.5,10.75,5.75],"texture":"#2"},"up":{"uv":[10.25,7.0,8.75,6.5],"texture":"#2"},"down":{"uv":[10.25,7.0,8.75,7.5],"texture":"#2"}}},{"from":[7.0,17.0,7.0],"to":[9.0,19.0,9.0],"rotation":{"origin":[2.0,-2.0,7.0],"x":0.0,"y":0.0,"z":0.0},"faces":{"north":{"uv":[9.25,5.0,9.75,5.5],"texture":"#2"},"east":{"uv":[10.0,3.0,10.5,3.5],"texture":"#2"},"south":{"uv":[6.0,10.0,6.5,10.5],"texture":"#2"},"west":{"uv":[6.5,10.0,7.0,10.5],"texture":"#2"},"up":{"uv":[7.5,10.5,7.0,10.0],"texture":"#2"},"down":{"uv":[8.0,10.0,7.5,10.5],"texture":"#2"}}},{"from":[10.0,10.0,7.0],"to":[11.0,16.0,9.0],"rotation":{"origin":[2.0,2.0,7.0],"x":0.0,"y":0.0,"z":0.0},"faces":{"north":{"uv":[8.25,9.5,8.5,11.0],"texture":"#2"},"east":{"uv":[8.75,7.5,9.25,9.0],"texture":"#2"},"south":{"uv":[8.5,9.5,8.75,11.0],"texture":"#2"},"west":{"uv":[8.75,9.0,9.25,10.5],"texture":"#2"},"up":{"uv":[8.25,10.5,8.0,10.0],"texture":"#2"},"down":{"uv":[10.5,5.75,10.25,6.25],"texture":"#2"}}},{"from":[5.0,10.0,7.0],"to":[6.0,16.0,9.0],"rotation":{"origin":[-3.0,2.0,7.0],"x":0.0,"y":0.0,"z":0.0},"faces":{"north":{"uv":[5.5,10.0,5.75,11.5],"texture":"#2"},"east":{"uv":[9.25,3.5,9.75,5.0],"texture":"#2"},"south":{"uv":[5.75,10.0,6.0,11.5],"texture":"#2"},"west":{"uv":[9.25,7.5,9.75,9.0],"texture":"#2"},"up":{"uv":[10.5,6.75,10.25,6.25],"texture":"#2"},"down":{"uv":[10.5,6.75,10.25,7.25],"texture":"#2"}}},{"from":[6.5,11.0,6.5],"to":[9.5,15.0,9.5],"rotation":{"origin":[2.5,3.0,6.5],"x":0.0,"y":0.0,"z":0.0},"faces":{"north":{"uv":[9.25,9.0,10.0,10.0],"texture":"#2"},"east":{"uv":[9.75,3.5,10.5,4.5],"texture":"#2"},"south":{"uv":[9.75,4.5,10.5,5.5],"texture":"#2"},"west":{"uv":[9.75,7.5,10.5,8.5],"texture":"#2"},"up":{"uv":[10.75,0.75,10.0,0.0],"texture":"#2"},"down":{"uv":[10.75,0.75,10.0,1.5],"texture":"#2"}}},{"from":[7.5,10.0,7.5],"to":[8.5,12.0,8.5],"rotation":{"origin":[1.5,-9.0,7.5],"x":0.0,"y":0.0,"z":0.0},"faces":{"north":{"uv":[9.75,10.25,10.0,10.75],"texture":"#2"},"east":{"uv":[10.0,10.25,10.25,10.75],"texture":"#2"},"south":{"uv":[10.25,10.0,10.5,10.5],"texture":"#2"},"west":{"uv":[0.0,10.5,0.25,11.0],"texture":"#2"},"up":{"uv":[10.5,7.5,10.25,7.25],"texture":"#2"},"down":{"uv":[0.5,10.5,0.25,10.75],"texture":"#2"}}},{"from":[13.5,18.5,13.5],"to":[2.5,8.5,2.5],"rotation":{"origin":[4.5,17.5,4.5],"x":0.0,"y":0.0,"z":0.0},"faces":{"north":{"uv":[5.5,5.0,8.25,7.5],"texture":"#2","tintindex":0},"east":{"uv":[5.5,7.5,8.25,10.0],"texture":"#2","tintindex":0},"south":{"uv":[0.0,8.0,2.75,10.5],"texture":"#2","tintindex":0},"west":{"uv":[2.75,8.0,5.5,10.5],"texture":"#2","tintindex":0},"up":{"uv":[5.5,2.75,2.75,0.0],"texture":"#2"},"down":{"uv":[5.5,2.75,2.75,5.5],"texture":"#2"}}}],"textures":{"2":"workshop_six:14acc694-fd8e-433a-8b60-75f8f9376666","particle":"workshop_six:14acc694-fd8e-433a-8b60-75f8f9376666"},"gui_light":"front"}