{"display":{"thirdperson_righthand":{"rotation":[49.0,0.0,0.0],"translation":[-0.25,1.0,-1.0],"scale":[0.22,0.22,0.22]},"thirdperson_lefthand":{"rotation":[49.0,0.0,0.0],"translation":[-3.0,2.0,-1.75],"scale":[0.22,0.22,0.22]},"firstperson_righthand":{"rotation":[0.0,85.5,0.0],"translation":[0.0,3.25,-1.25],"scale":[0.3,0.3,0.3]},"firstperson_lefthand":{"rotation":[0.0,85.5,0.0],"translation":[0.0,3.25,3.5],"scale":[0.3,0.3,0.3]},"ground":{"translation":[2.75,0.0,-1.25],"scale":[0.29,0.29,0.29]},"gui":{"rotation":[31.0,180.0,0.0],"translation":[-4.0,-2.75,0.0],"scale":[0.48,0.48,0.48]},"head":{"scale":[0.0,0.0,0.0]},"fixed":{"translation":[0.0,-6.25,-15.0],"scale":[2.0,2.0,2.0]}},"elements":[{"from":[13.0,0.5,12.5],"to":[15.0,21.5,15.5],"rotation":{"origin":[0.0,-6.5,6.0],"x":0.0,"y":0.0,"z":0.0},"faces":{"north":{"uv":[8.0,3.5,8.5,8.75],"texture":"#2"},"east":{"uv":[6.5,0.0,7.25,5.25],"texture":"#2"},"south":{"uv":[0.0,8.5,0.5,13.75],"texture":"#2"},"west":{"uv":[6.5,5.25,7.25,10.5],"texture":"#2"},"up":{"uv":[2.5,9.25,2.0,8.5],"texture":"#2"},"down":{"uv":[3.0,8.5,2.5,9.25],"texture":"#2"}}},{"from":[-15.0,0.5,12.5],"to":[-13.0,21.5,15.5],"rotation":{"origin":[0.0,-6.5,6.0],"x":0.0,"y":0.0,"z":0.0},"faces":{"north":{"uv":[0.5,8.5,1.0,13.75],"texture":"#2"},"east":{"uv":[7.25,0.0,8.0,5.25],"texture":"#2"},"south":{"uv":[1.0,8.5,1.5,13.75],"texture":"#2"},"west":{"uv":[7.25,5.25,8.0,10.5],"texture":"#2"},"up":{"uv":[3.5,9.25,3.0,8.5],"texture":"#2"},"down":{"uv":[4.0,8.5,3.5,9.25],"texture":"#2"}}},{"from":[-13.0,19.0,13.0],"to":[13.0,21.0,15.0],"rotation":{"origin":[0.0,-6.0,6.0],"x":0.0,"y":0.0,"z":0.0},"faces":{"north":{"uv":[0.0,8.0,6.5,8.5],"texture":"#2"},"east":{"uv":[4.0,8.5,4.5,9.0],"texture":"#2"},"south":{"uv":[8.0,0.0,14.5,0.5],"texture":"#2"},"west":{"uv":[8.5,4.0,9.0,4.5],"texture":"#2"},"up":{"uv":[14.5,1.0,8.0,0.5],"texture":"#2"},"down":{"uv":[14.5,1.0,8.0,1.5],"texture":"#2"}}},{"from":[-13.0,1.0,13.0],"to":[13.0,3.0,15.0],"rotation":{"origin":[0.0,28.0,6.0],"x":0.0,"y":0.0,"z":0.0},"faces":{"north":{"uv":[8.0,1.5,14.5,2.0],"texture":"#2"},"east":{"uv":[4.5,8.5,5.0,9.0],"texture":"#2"},"south":{"uv":[8.0,2.0,14.5,2.5],"texture":"#2"},"west":{"uv":[8.5,4.5,9.0,5.0],"texture":"#2"},"up":{"uv":[14.5,3.0,8.0,2.5],"texture":"#2"},"down":{"uv":[14.5,3.0,8.0,3.5],"texture":"#2"}}},{"from":[-13.0,3.0,13.5],"to":[13.0,19.0,14.5],"rotation":{"origin":[0.0,-6.0,6.0],"x":0.0,"y":0.0,"z":0.0},"faces":{"north":{"uv":[0.0,0.0,6.5,4.0],"texture":"#2"},"east":{"uv":[1.5,8.5,1.75,12.5],"texture":"#2"},"south":{"uv":[0.0,4.0,6.5,8.0],"texture":"#2"},"west":{"uv":[1.75,8.5,2.0,12.5],"texture":"#2"},"up":{"uv":[15.0,3.75,8.5,3.5],"texture":"#2"},"down":{"uv":[15.0,3.75,8.5,4.0],"texture":"#2"}}}],"textures":{"2":"workshop_six:110df0f8-7785-48fd-b1bf-87b6dc922851","particle":"workshop_six:110df0f8-7785-48fd-b1bf-87b6dc922851"},"gui_light":"front"}