{"display":{"thirdperson_righthand":{"rotation":[49.0,0.0,0.0],"translation":[-1.0,0.0,-0.5],"scale":[0.27,0.27,0.27]},"thirdperson_lefthand":{"rotation":[49.0,0.0,0.0],"translation":[-1.0,0.0,-0.5],"scale":[0.27,0.27,0.27]},"firstperson_righthand":{"translation":[0.0,4.75,1.5],"scale":[0.39,0.39,0.39]},"firstperson_lefthand":{"translation":[0.0,4.75,1.5],"scale":[0.39,0.39,0.39]},"ground":{"translation":[0.0,2.25,0.0],"scale":[0.4,0.4,0.4]},"gui":{"rotation":[11.75,0.0,0.0],"translation":[0.0,-2.25,0.0],"scale":[0.53,0.53,0.53]},"head":{"scale":[0.0,0.0,0.0]},"fixed":{"rotation":[-90.0,0.0,0.0],"translation":[0.0,0.0,-16.0],"scale":[2.0,2.0,2.0]}},"elements":[{"from":[16.0,11.0,7.0],"to":[17.0,13.0,9.0],"rotation":{"origin":[30.0,6.0,2.0],"x":0.0,"y":0.0,"z":0.0},"faces":{"north":{"uv":[6.75,9.5,7.0,10.0],"texture":"#1","tintindex":0},"east":{"uv":[6.25,9.5,6.75,10.0],"texture":"#1","tintindex":0},"south":{"uv":[6.75,10.0,7.0,10.5],"texture":"#1","tintindex":0},"west":{"uv":[6.25,10.0,6.75,10.5],"texture":"#1","tintindex":0},"up":{"uv":[7.0,11.0,6.75,10.5],"texture":"#1","tintindex":0},"down":{"uv":[11.0,4.25,10.75,4.75],"texture":"#1","tintindex":0}}},{"from":[17.0,11.0,7.0],"to":[19.0,21.0,9.0],"rotation":{"origin":[32.0,14.0,2.0],"x":0.0,"y":0.0,"z":0.0},"faces":{"north":{"uv":[9.5,11.25,10.0,13.75],"texture":"#1","tintindex":0},"east":{"uv":[12.0,0.5,12.5,3.0],"texture":"#1","tintindex":0},"south":{"uv":[3.0,12.25,3.5,14.75],"texture":"#1","tintindex":0},"west":{"uv":[3.5,12.25,4.0,14.75],"texture":"#1","tintindex":0},"up":{"uv":[6.75,11.0,6.25,10.5],"texture":"#1","tintindex":0},"down":{"uv":[9.5,12.25,9.0,12.75],"texture":"#1","tintindex":0}}},{"from":[16.0,19.0,7.0],"to":[17.0,21.0,9.0],"rotation":{"origin":[30.0,14.0,2.0],"x":0.0,"y":0.0,"z":0.0},"faces":{"north":{"uv":[12.5,0.5,12.75,1.0],"texture":"#1","tintindex":0},"east":{"uv":[0.0,12.5,0.5,13.0],"texture":"#1","tintindex":0},"south":{"uv":[1.0,12.5,1.25,13.0],"texture":"#1","tintindex":0},"west":{"uv":[0.5,12.5,1.0,13.0],"texture":"#1","tintindex":0},"up":{"uv":[12.75,1.5,12.5,1.0],"texture":"#1","tintindex":0},"down":{"uv":[1.5,12.5,1.25,13.0],"texture":"#1","tintindex":0}}},{"from":[-1.0,11.0,7.0],"to":[0.0,13.0,9.0],"rotation":{"origin":[-14.0,6.0,2.0],"x":0.0,"y":0.0,"z":0.0},"faces":{"north":{"uv":[7.0,9.5,6.75,10.0],"texture":"#1","tintindex":0},"east":{"uv":[6.75,10.0,6.25,10.5],"texture":"#1","tintindex":0},"south":{"uv":[7.0,10.0,6.75,10.5],"texture":"#1","tintindex":0},"west":{"uv":[6.75,9.5,6.25,10.0],"texture":"#1","tintindex":0},"up":{"uv":[6.75,11.0,7.0,10.5],"texture":"#1","tintindex":0},"down":{"uv":[10.75,4.25,11.0,4.75],"texture":"#1","tintindex":0}}},{"from":[-3.0,11.0,7.0],"to":[-1.0,21.0,9.0],"rotation":{"origin":[-16.0,14.0,2.0],"x":0.0,"y":0.0,"z":0.0},"faces":{"north":{"uv":[10.0,11.25,9.5,13.75],"texture":"#1","tintindex":0},"east":{"uv":[4.0,12.25,3.5,14.75],"texture":"#1","tintindex":0},"south":{"uv":[3.5,12.25,3.0,14.75],"texture":"#1","tintindex":0},"west":{"uv":[12.5,0.5,12.0,3.0],"texture":"#1","tintindex":0},"up":{"uv":[6.25,11.0,6.75,10.5],"texture":"#1","tintindex":0},"down":{"uv":[9.0,12.25,9.5,12.75],"texture":"#1","tintindex":0}}},{"from":[-1.0,19.0,7.0],"to":[0.0,21.0,9.0],"rotation":{"origin":[-14.0,14.0,2.0],"x":0.0,"y":0.0,"z":0.0},"faces":{"north":{"uv":[12.75,0.5,12.5,1.0],"texture":"#1","tintindex":0},"east":{"uv":[1.0,12.5,0.5,13.0],"texture":"#1","tintindex":0},"south":{"uv":[1.25,12.5,1.0,13.0],"texture":"#1","tintindex":0},"west":{"uv":[0.5,12.5,0.0,13.0],"texture":"#1","tintindex":0},"up":{"uv":[12.5,1.5,12.75,1.0],"texture":"#1","tintindex":0},"down":{"uv":[1.25,12.5,1.5,13.0],"texture":"#1","tintindex":0}}},{"from":[0.0,3.0,1.0],"to":[16.0,22.0,15.0],"rotation":{"origin":[1.0,4.0,2.0],"x":0.0,"y":0.0,"z":0.0},"faces":{"north":{"uv":[0.0,0.0,4.0,4.75],"texture":"#1","tintindex":0},"east":{"uv":[3.5,4.75,7.0,9.5],"texture":"#1","tintindex":0},"south":{"uv":[0.0,0.0,4.0,4.75],"texture":"#1","tintindex":0},"west":{"uv":[3.5,4.75,7.0,9.5],"texture":"#1","tintindex":0},"up":{"uv":[11.0,8.25,7.0,4.75],"texture":"#1","tintindex":0},"down":{"uv":[12.0,0.0,8.0,3.5],"texture":"#1","tintindex":0}}},{"from":[2.0,0.0,2.0],"to":[14.0,3.0,14.0],"rotation":{"origin":[1.0,-5.0,2.0],"x":0.0,"y":0.0,"z":0.0},"faces":{"north":{"uv":[8.0,3.5,11.0,4.25],"texture":"#1","tintindex":0},"east":{"uv":[11.0,6.0,14.0,6.75],"texture":"#1","tintindex":0},"south":{"uv":[11.0,6.75,14.0,7.5],"texture":"#1","tintindex":0},"west":{"uv":[11.0,7.5,14.0,8.25],"texture":"#1","tintindex":0},"up":{"uv":[10.0,11.25,7.0,8.25],"texture":"#1","tintindex":0},"down":{"uv":[3.0,9.5,0.0,12.5],"texture":"#1","tintindex":0}}},{"from":[2.0,22.0,3.0],"to":[14.0,23.0,13.0],"rotation":{"origin":[1.0,17.0,2.0],"x":0.0,"y":0.0,"z":0.0},"faces":{"north":{"uv":[12.0,3.0,15.0,3.25],"texture":"#1","tintindex":0},"east":{"uv":[4.0,12.25,6.5,12.5],"texture":"#1","tintindex":0},"south":{"uv":[12.0,3.25,15.0,3.5],"texture":"#1","tintindex":0},"west":{"uv":[6.5,12.25,9.0,12.5],"texture":"#1","tintindex":0},"up":{"uv":[14.0,6.0,11.0,3.5],"texture":"#1","tintindex":0},"down":{"uv":[13.0,11.0,10.0,13.5],"texture":"#1","tintindex":0}}},{"from":[1.5,23.0,2.5],"to":[14.5,25.0,13.5],"rotation":{"origin":[0.5,18.0,2.5],"x":0.0,"y":0.0,"z":0.0},"faces":{"north":{"uv":[6.25,11.25,9.5,11.75],"texture":"#1","tintindex":0},"east":{"uv":[8.0,4.25,10.75,4.75],"texture":"#1","tintindex":0},"south":{"uv":[6.25,11.75,9.5,12.25],"texture":"#1","tintindex":0},"west":{"uv":[12.0,0.0,14.75,0.5],"texture":"#1","tintindex":0},"up":{"uv":[6.25,12.25,3.0,9.5],"texture":"#1","tintindex":0},"down":{"uv":[13.25,8.25,10.0,11.0],"texture":"#1","tintindex":0}}}],"textures":{"1":"workshop_six:03bac157-dc29-4607-b7e9-267ed4a18db1","particle":"workshop_six:03bac157-dc29-4607-b7e9-267ed4a18db1"},"gui_light":"front"}