{"display":{"thirdperson_righthand":{"rotation":[49.0,0.0,0.0],"translation":[-1.0,0.0,-0.5],"scale":[0.27,0.27,0.27]},"thirdperson_lefthand":{"rotation":[49.0,0.0,0.0],"translation":[-1.0,0.0,-0.5],"scale":[0.27,0.27,0.27]},"firstperson_righthand":{"translation":[0.0,4.75,1.5],"scale":[0.39,0.39,0.39]},"firstperson_lefthand":{"translation":[0.0,4.75,1.5],"scale":[0.39,0.39,0.39]},"ground":{"translation":[0.0,2.25,0.0],"scale":[0.4,0.4,0.4]},"gui":{"rotation":[11.75,0.0,0.0],"translation":[0.0,-0.25,0.0],"scale":[0.64,0.64,0.64]},"head":{"scale":[0.0,0.0,0.0]},"fixed":{"rotation":[-90.0,0.0,0.0],"translation":[0.0,0.0,-16.0],"scale":[2.0,2.0,2.0]}},"elements":[{"from":[16.0,5.0,7.0],"to":[17.0,7.0,9.0],"rotation":{"origin":[30.0,0.0,2.0],"x":0.0,"y":0.0,"z":0.0},"faces":{"north":{"uv":[9.0,10.75,9.25,11.25],"texture":"#0","tintindex":0},"east":{"uv":[7.5,10.75,8.0,11.25],"texture":"#0","tintindex":0},"south":{"uv":[11.0,0.5,11.25,1.0],"texture":"#0","tintindex":0},"west":{"uv":[8.0,10.75,8.5,11.25],"texture":"#0","tintindex":0},"up":{"uv":[11.25,1.5,11.0,1.0],"texture":"#0","tintindex":0},"down":{"uv":[11.25,1.5,11.0,2.0],"texture":"#0","tintindex":0}}},{"from":[17.0,5.0,7.0],"to":[19.0,12.0,9.0],"rotation":{"origin":[32.0,5.0,2.0],"x":0.0,"y":0.0,"z":0.0},"faces":{"north":{"uv":[3.0,10.75,3.5,12.5],"texture":"#0","tintindex":0},"east":{"uv":[3.5,10.75,4.0,12.5],"texture":"#0","tintindex":0},"south":{"uv":[4.0,10.75,4.5,12.5],"texture":"#0","tintindex":0},"west":{"uv":[4.5,10.75,5.0,12.5],"texture":"#0","tintindex":0},"up":{"uv":[9.0,11.25,8.5,10.75],"texture":"#0","tintindex":0},"down":{"uv":[11.25,10.25,10.75,10.75],"texture":"#0","tintindex":0}}},{"from":[16.0,10.0,7.0],"to":[17.0,12.0,9.0],"rotation":{"origin":[30.0,5.0,2.0],"x":0.0,"y":0.0,"z":0.0},"faces":{"north":{"uv":[11.0,2.0,11.25,2.5],"texture":"#0","tintindex":0},"east":{"uv":[10.75,10.75,11.25,11.25],"texture":"#0","tintindex":0},"south":{"uv":[11.0,2.5,11.25,3.0],"texture":"#0","tintindex":0},"west":{"uv":[11.0,0.0,11.5,0.5],"texture":"#0","tintindex":0},"up":{"uv":[11.25,3.5,11.0,3.0],"texture":"#0","tintindex":0},"down":{"uv":[11.25,3.5,11.0,4.0],"texture":"#0","tintindex":0}}},{"from":[-1.0,5.0,7.0],"to":[0.0,7.0,9.0],"rotation":{"origin":[-14.0,0.0,2.0],"x":0.0,"y":0.0,"z":0.0},"faces":{"north":{"uv":[9.25,10.75,9.0,11.25],"texture":"#0","tintindex":0},"east":{"uv":[8.5,10.75,8.0,11.25],"texture":"#0","tintindex":0},"south":{"uv":[11.25,0.5,11.0,1.0],"texture":"#0","tintindex":0},"west":{"uv":[8.0,10.75,7.5,11.25],"texture":"#0","tintindex":0},"up":{"uv":[11.0,1.5,11.25,1.0],"texture":"#0","tintindex":0},"down":{"uv":[11.0,1.5,11.25,2.0],"texture":"#0","tintindex":0}}},{"from":[-3.0,5.0,7.0],"to":[-1.0,12.0,9.0],"rotation":{"origin":[-16.0,5.0,2.0],"x":0.0,"y":0.0,"z":0.0},"faces":{"north":{"uv":[3.5,10.75,3.0,12.5],"texture":"#0","tintindex":0},"east":{"uv":[5.0,10.75,4.5,12.5],"texture":"#0","tintindex":0},"south":{"uv":[4.5,10.75,4.0,12.5],"texture":"#0","tintindex":0},"west":{"uv":[4.0,10.75,3.5,12.5],"texture":"#0","tintindex":0},"up":{"uv":[8.5,11.25,9.0,10.75],"texture":"#0","tintindex":0},"down":{"uv":[10.75,10.25,11.25,10.75],"texture":"#0","tintindex":0}}},{"from":[-1.0,10.0,7.0],"to":[0.0,12.0,9.0],"rotation":{"origin":[-14.0,5.0,2.0],"x":0.0,"y":0.0,"z":0.0},"faces":{"north":{"uv":[11.25,2.0,11.0,2.5],"texture":"#0","tintindex":0},"east":{"uv":[11.5,0.0,11.0,0.5],"texture":"#0","tintindex":0},"south":{"uv":[11.25,2.5,11.0,3.0],"texture":"#0","tintindex":0},"west":{"uv":[11.25,10.75,10.75,11.25],"texture":"#0","tintindex":0},"up":{"uv":[11.0,3.5,11.25,3.0],"texture":"#0","tintindex":0},"down":{"uv":[11.0,3.5,11.25,4.0],"texture":"#0","tintindex":0}}},{"from":[0.0,2.0,2.0],"to":[16.0,13.0,14.0],"rotation":{"origin":[1.0,4.0,2.0],"x":0.0,"y":0.0,"z":0.0},"faces":{"north":{"uv":[4.0,0.0,8.0,2.75],"texture":"#0","tintindex":0},"east":{"uv":[11.0,0.0,8.0,2.75],"texture":"#0","tintindex":0},"south":{"uv":[4.0,0.0,8.0,2.75],"texture":"#0","tintindex":0},"west":{"uv":[8.0,0.0,11.0,2.75],"texture":"#0","tintindex":0},"up":{"uv":[4.0,3.0,0.0,0.0],"texture":"#0","tintindex":0},"down":{"uv":[4.0,3.0,0.0,6.0],"texture":"#0","tintindex":0}}},{"from":[2.0,0.0,3.0],"to":[14.0,2.0,13.0],"rotation":{"origin":[1.0,-5.0,2.0],"x":0.0,"y":0.0,"z":0.0},"faces":{"north":{"uv":[9.25,9.25,12.25,9.75],"texture":"#0","tintindex":0},"east":{"uv":[12.75,6.75,10.25,7.25],"texture":"#0","tintindex":0},"south":{"uv":[12.25,9.25,9.25,9.75],"texture":"#0","tintindex":0},"west":{"uv":[10.25,6.75,12.75,7.25],"texture":"#0","tintindex":0},"up":{"uv":[11.0,5.25,8.0,2.75],"texture":"#0","tintindex":0},"down":{"uv":[6.25,8.25,3.25,10.75],"texture":"#0","tintindex":0}}},{"from":[2.0,13.0,3.0],"to":[14.0,14.0,13.0],"rotation":{"origin":[1.0,8.0,2.0],"x":0.0,"y":0.0,"z":0.0},"faces":{"north":{"uv":[10.25,7.25,13.25,7.5],"texture":"#0","tintindex":0},"east":{"uv":[10.25,7.75,12.75,8.0],"texture":"#0","tintindex":0},"south":{"uv":[10.25,7.5,13.25,7.75],"texture":"#0","tintindex":0},"west":{"uv":[10.25,8.0,12.75,8.25],"texture":"#0","tintindex":0},"up":{"uv":[9.25,10.75,6.25,8.25],"texture":"#0","tintindex":0},"down":{"uv":[3.0,8.75,0.0,11.25],"texture":"#0","tintindex":0}}},{"from":[1.5,14.0,2.5],"to":[14.5,16.0,13.5],"rotation":{"origin":[0.5,9.0,2.5],"x":0.0,"y":0.0,"z":0.0},"faces":{"north":{"uv":[9.25,8.25,12.5,8.75],"texture":"#0","tintindex":0},"east":{"uv":[10.25,5.25,13.0,5.75],"texture":"#0","tintindex":0},"south":{"uv":[9.25,8.75,12.5,9.25],"texture":"#0","tintindex":0},"west":{"uv":[10.25,5.75,13.0,6.25],"texture":"#0","tintindex":0},"up":{"uv":[7.25,8.25,4.0,5.5],"texture":"#0","tintindex":0},"down":{"uv":[3.25,6.0,0.0,8.75],"texture":"#0","tintindex":0}}}],"textures":{"0":"workshop_six:7d85c19f-92fa-4b72-8c1a-4181dea8c51d","particle":"workshop_six:7d85c19f-92fa-4b72-8c1a-4181dea8c51d"},"gui_light":"front"}