{"display":{"thirdperson_righthand":{"rotation":[49.0,0.0,0.0],"translation":[-1.0,0.0,-0.5],"scale":[0.27,0.27,0.27]},"thirdperson_lefthand":{"rotation":[49.0,0.0,0.0],"translation":[-1.0,0.0,-0.5],"scale":[0.27,0.27,0.27]},"firstperson_righthand":{"translation":[0.0,4.75,1.5],"scale":[0.39,0.39,0.39]},"firstperson_lefthand":{"translation":[0.0,4.75,1.5],"scale":[0.39,0.39,0.39]},"ground":{"translation":[0.0,2.25,0.0],"scale":[0.4,0.4,0.4]},"gui":{"rotation":[11.75,180.0,0.0],"translation":[0.25,1.5,0.0],"scale":[0.61,0.61,0.61]},"head":{"scale":[0.0,0.0,0.0]},"fixed":{"rotation":[-90.0,0.0,0.0],"translation":[0.0,0.0,-16.0],"scale":[2.0,2.0,2.0]}},"elements":[{"from":[11.5,0.0,5.5],"to":[12.5,10.0,11.5],"rotation":{"origin":[14.5,4.5,7.25],"x":0.0,"y":0.0,"z":0.0},"faces":{"north":{"uv":[8.0,6.0,12.5,6.5],"texture":"#2","rotation":90},"east":{"uv":[4.5,3.0,0.0,6.0],"texture":"#2","rotation":270},"south":{"uv":[8.0,6.5,12.5,7.0],"texture":"#2","rotation":270},"west":{"uv":[4.5,3.0,0.0,0.0],"texture":"#2","rotation":270},"up":{"uv":[9.0,1.0,12.0,1.5],"texture":"#2","rotation":270},"down":{"uv":[9.0,1.5,12.0,2.0],"texture":"#2","rotation":270}}},{"from":[13.5,0.0,5.5],"to":[14.5,10.0,11.5],"rotation":{"origin":[14.5,4.5,7.25],"x":0.0,"y":0.0,"z":0.0},"faces":{"north":{"uv":[8.0,7.0,12.5,7.5],"texture":"#2","rotation":90},"east":{"uv":[9.0,3.0,4.5,6.0],"texture":"#2","rotation":270},"south":{"uv":[8.0,7.5,12.5,8.0],"texture":"#2","rotation":270},"west":{"uv":[9.0,3.0,4.5,0.0],"texture":"#2","rotation":270},"up":{"uv":[9.0,2.0,12.0,2.5],"texture":"#2","rotation":270},"down":{"uv":[9.0,2.5,12.0,3.0],"texture":"#2","rotation":270}}},{"from":[12.5,0.0,5.5],"to":[13.5,10.0,6.5],"rotation":{"origin":[14.5,4.5,7.25],"x":0.0,"y":0.0,"z":0.0},"faces":{"north":{"uv":[8.0,8.0,12.5,8.5],"texture":"#2","rotation":90},"east":{"uv":[4.5,9.0,0.0,9.5],"texture":"#2","rotation":270},"south":{"uv":[0.0,8.5,4.5,9.0],"texture":"#2","rotation":270},"west":{"uv":[9.0,9.0,4.5,8.5],"texture":"#2","rotation":270},"up":{"uv":[9.0,4.0,9.5,4.5],"texture":"#2","rotation":270},"down":{"uv":[4.5,9.0,5.0,9.5],"texture":"#2","rotation":270}}},{"from":[12.5,0.5,6.0],"to":[13.5,9.5,11.0],"rotation":{"origin":[14.5,4.5,7.25],"x":0.0,"y":0.0,"z":0.0},"faces":{"north":{"uv":[9.0,0.0,13.0,0.5],"texture":"#2","rotation":90},"east":{"uv":[8.0,6.0,4.0,8.5],"texture":"#2","rotation":270},"south":{"uv":[9.0,0.5,13.0,1.0],"texture":"#2","rotation":270},"west":{"uv":[4.0,8.5,0.0,6.0],"texture":"#2","rotation":270},"up":{"uv":[9.0,3.0,11.5,3.5],"texture":"#2","rotation":270},"down":{"uv":[9.0,3.5,11.5,4.0],"texture":"#2","rotation":270}}},{"from":[8.5,0.0,4.0],"to":[9.5,9.0,10.0],"rotation":{"origin":[14.5,4.5,5.75],"x":0.0,"y":0.0,"z":0.0},"faces":{"north":{"uv":[8.0,6.0,12.5,6.5],"texture":"#3","rotation":90},"east":{"uv":[4.5,3.0,0.0,6.0],"texture":"#3","rotation":270},"south":{"uv":[8.0,6.5,12.5,7.0],"texture":"#3","rotation":270},"west":{"uv":[4.5,3.0,0.0,0.0],"texture":"#3","rotation":270},"up":{"uv":[9.0,1.0,12.0,1.5],"texture":"#3","rotation":270},"down":{"uv":[9.0,1.5,12.0,2.0],"texture":"#3","rotation":270}}},{"from":[10.5,0.0,4.0],"to":[11.5,9.0,10.0],"rotation":{"origin":[14.5,4.5,5.75],"x":0.0,"y":0.0,"z":0.0},"faces":{"north":{"uv":[8.0,7.0,12.5,7.5],"texture":"#3","rotation":90},"east":{"uv":[9.0,3.0,4.5,6.0],"texture":"#3","rotation":270},"south":{"uv":[8.0,7.5,12.5,8.0],"texture":"#3","rotation":270},"west":{"uv":[9.0,3.0,4.5,0.0],"texture":"#3","rotation":270},"up":{"uv":[9.0,2.0,12.0,2.5],"texture":"#3","rotation":270},"down":{"uv":[9.0,2.5,12.0,3.0],"texture":"#3","rotation":270}}},{"from":[9.5,0.0,4.0],"to":[10.5,9.0,5.0],"rotation":{"origin":[14.5,4.5,5.75],"x":0.0,"y":0.0,"z":0.0},"faces":{"north":{"uv":[8.0,8.0,12.5,8.5],"texture":"#3","rotation":90},"east":{"uv":[4.5,9.0,0.0,9.5],"texture":"#3","rotation":270},"south":{"uv":[0.0,8.5,4.5,9.0],"texture":"#3","rotation":270},"west":{"uv":[9.0,9.0,4.5,8.5],"texture":"#3","rotation":270},"up":{"uv":[9.0,4.0,9.5,4.5],"texture":"#3","rotation":270},"down":{"uv":[4.5,9.0,5.0,9.5],"texture":"#3","rotation":270}}},{"from":[9.5,0.5,5.5],"to":[10.5,8.5,10.5],"rotation":{"origin":[14.5,4.5,6.75],"x":0.0,"y":0.0,"z":0.0},"faces":{"north":{"uv":[9.0,0.0,13.0,0.5],"texture":"#3","rotation":90},"east":{"uv":[8.0,6.0,4.0,8.5],"texture":"#3","rotation":270},"south":{"uv":[9.0,0.5,13.0,1.0],"texture":"#3","rotation":270},"west":{"uv":[4.0,8.5,0.0,6.0],"texture":"#3","rotation":270},"up":{"uv":[9.0,3.0,11.5,3.5],"texture":"#3","rotation":270},"down":{"uv":[9.0,3.5,11.5,4.0],"texture":"#3","rotation":270}}},{"from":[17.5,0.0,5.0],"to":[18.5,9.0,11.0],"rotation":{"origin":[14.5,4.5,6.75],"x":0.0,"y":0.0,"z":0.0},"faces":{"north":{"uv":[8.0,6.0,12.5,6.5],"texture":"#0","rotation":90},"east":{"uv":[4.5,3.0,0.0,6.0],"texture":"#0","rotation":270},"south":{"uv":[8.0,6.5,12.5,7.0],"texture":"#0","rotation":270},"west":{"uv":[4.5,3.0,0.0,0.0],"texture":"#0","rotation":270},"up":{"uv":[9.0,1.0,12.0,1.5],"texture":"#0","rotation":270},"down":{"uv":[9.0,1.5,12.0,2.0],"texture":"#0","rotation":270}}},{"from":[19.5,0.0,5.0],"to":[20.5,9.0,11.0],"rotation":{"origin":[14.5,4.5,6.75],"x":0.0,"y":0.0,"z":0.0},"faces":{"north":{"uv":[8.0,7.0,12.5,7.5],"texture":"#0","rotation":90},"east":{"uv":[0.0,0.0,4.5,3.0],"texture":"#0","rotation":270},"south":{"uv":[8.0,7.5,12.5,8.0],"texture":"#0","rotation":270},"west":{"uv":[9.0,3.0,4.5,0.0],"texture":"#0","rotation":270},"up":{"uv":[9.0,2.0,12.0,2.5],"texture":"#0","rotation":270},"down":{"uv":[9.0,2.5,12.0,3.0],"texture":"#0","rotation":270}}},{"from":[18.5,0.0,5.0],"to":[19.5,9.0,6.0],"rotation":{"origin":[14.5,4.5,6.75],"x":0.0,"y":0.0,"z":0.0},"faces":{"north":{"uv":[8.0,8.0,12.5,8.5],"texture":"#0","rotation":90},"east":{"uv":[4.5,9.0,0.0,9.5],"texture":"#0","rotation":270},"south":{"uv":[0.0,8.5,4.5,9.0],"texture":"#0","rotation":270},"west":{"uv":[9.0,9.0,4.5,8.5],"texture":"#0","rotation":270},"up":{"uv":[9.0,4.0,9.5,4.5],"texture":"#0","rotation":270},"down":{"uv":[4.5,9.0,5.0,9.5],"texture":"#0","rotation":270}}},{"from":[18.5,0.5,5.5],"to":[19.5,8.5,10.5],"rotation":{"origin":[14.5,4.5,6.75],"x":0.0,"y":0.0,"z":0.0},"faces":{"north":{"uv":[9.0,0.0,13.0,0.5],"texture":"#0","rotation":90},"east":{"uv":[8.0,6.0,4.0,8.5],"texture":"#0","rotation":270},"south":{"uv":[9.0,0.5,13.0,1.0],"texture":"#0","rotation":270},"west":{"uv":[4.0,8.5,0.0,6.0],"texture":"#0","rotation":270},"up":{"uv":[9.0,3.0,11.5,3.5],"texture":"#0","rotation":270},"down":{"uv":[9.0,3.5,11.5,4.0],"texture":"#0","rotation":270}}},{"from":[14.5,0.0,4.5],"to":[15.5,8.0,10.5],"rotation":{"origin":[14.5,4.5,6.25],"x":0.0,"y":0.0,"z":0.0},"faces":{"north":{"uv":[8.0,6.0,12.5,6.5],"texture":"#1","rotation":90},"east":{"uv":[4.5,3.0,0.0,6.0],"texture":"#1","rotation":270},"south":{"uv":[8.0,6.5,12.5,7.0],"texture":"#1","rotation":270},"west":{"uv":[4.5,3.0,0.0,0.0],"texture":"#1","rotation":270},"up":{"uv":[9.0,1.0,12.0,1.5],"texture":"#1","rotation":270},"down":{"uv":[9.0,1.5,12.0,2.0],"texture":"#1","rotation":270}}},{"from":[16.5,0.0,4.5],"to":[17.5,8.0,10.5],"rotation":{"origin":[14.5,4.5,6.25],"x":0.0,"y":0.0,"z":0.0},"faces":{"north":{"uv":[8.0,7.0,12.5,7.5],"texture":"#1","rotation":90},"east":{"uv":[9.0,3.0,4.5,6.0],"texture":"#1","rotation":270},"south":{"uv":[8.0,7.5,12.5,8.0],"texture":"#1","rotation":270},"west":{"uv":[9.0,3.0,4.5,0.0],"texture":"#1","rotation":270},"up":{"uv":[9.0,2.0,12.0,2.5],"texture":"#1","rotation":270},"down":{"uv":[9.0,2.5,12.0,3.0],"texture":"#1","rotation":270}}},{"from":[15.5,0.0,4.5],"to":[16.5,8.0,5.5],"rotation":{"origin":[14.5,4.5,6.25],"x":0.0,"y":0.0,"z":0.0},"faces":{"north":{"uv":[8.0,8.0,12.5,8.5],"texture":"#1","rotation":90},"east":{"uv":[4.5,9.0,0.0,9.5],"texture":"#1","rotation":270},"south":{"uv":[0.0,8.5,4.5,9.0],"texture":"#1","rotation":270},"west":{"uv":[9.0,9.0,4.5,8.5],"texture":"#1","rotation":270},"up":{"uv":[9.0,4.0,9.5,4.5],"texture":"#1","rotation":270},"down":{"uv":[4.5,9.0,5.0,9.5],"texture":"#1","rotation":270}}},{"from":[15.5,0.5,5.0],"to":[16.5,7.5,10.0],"rotation":{"origin":[14.5,4.5,6.25],"x":0.0,"y":0.0,"z":0.0},"faces":{"north":{"uv":[9.0,0.0,13.0,0.5],"texture":"#1","rotation":90},"east":{"uv":[8.0,6.0,4.0,8.5],"texture":"#1","rotation":270},"south":{"uv":[9.0,0.5,13.0,1.0],"texture":"#1","rotation":270},"west":{"uv":[4.0,8.5,0.0,6.0],"texture":"#1","rotation":270},"up":{"uv":[9.0,3.0,11.5,3.5],"texture":"#1","rotation":270},"down":{"uv":[9.0,3.5,11.5,4.0],"texture":"#1","rotation":270}}},{"from":[3.5,0.5,5.0],"to":[4.5,7.5,10.0],"rotation":{"origin":[2.5,4.5,6.25],"x":0.0,"y":0.0,"z":0.0},"faces":{"north":{"uv":[9.0,0.0,13.0,0.5],"texture":"#1","rotation":90},"east":{"uv":[8.0,6.0,4.0,8.5],"texture":"#1","rotation":270},"south":{"uv":[9.0,0.5,13.0,1.0],"texture":"#1","rotation":270},"west":{"uv":[4.0,8.5,0.0,6.0],"texture":"#1","rotation":270},"up":{"uv":[9.0,3.0,11.5,3.5],"texture":"#1","rotation":270},"down":{"uv":[9.0,3.5,11.5,4.0],"texture":"#1","rotation":270}}},{"from":[3.5,0.0,4.5],"to":[4.5,8.0,5.5],"rotation":{"origin":[2.5,4.5,6.25],"x":0.0,"y":0.0,"z":0.0},"faces":{"north":{"uv":[8.0,8.0,12.5,8.5],"texture":"#1","rotation":90},"east":{"uv":[4.5,9.0,0.0,9.5],"texture":"#1","rotation":270},"south":{"uv":[0.0,8.5,4.5,9.0],"texture":"#1","rotation":270},"west":{"uv":[9.0,9.0,4.5,8.5],"texture":"#1","rotation":270},"up":{"uv":[9.0,4.0,9.5,4.5],"texture":"#1","rotation":270},"down":{"uv":[4.5,9.0,5.0,9.5],"texture":"#1","rotation":270}}},{"from":[4.5,0.0,4.5],"to":[5.5,8.0,10.5],"rotation":{"origin":[2.5,4.5,6.25],"x":0.0,"y":0.0,"z":0.0},"faces":{"north":{"uv":[8.0,7.0,12.5,7.5],"texture":"#1","rotation":90},"east":{"uv":[9.0,3.0,4.5,6.0],"texture":"#1","rotation":270},"south":{"uv":[8.0,7.5,12.5,8.0],"texture":"#1","rotation":270},"west":{"uv":[9.0,3.0,4.5,0.0],"texture":"#1","rotation":270},"up":{"uv":[9.0,2.0,12.0,2.5],"texture":"#1","rotation":270},"down":{"uv":[9.0,2.5,12.0,3.0],"texture":"#1","rotation":270}}},{"from":[2.5,0.0,4.5],"to":[3.5,8.0,10.5],"rotation":{"origin":[2.5,4.5,6.25],"x":0.0,"y":0.0,"z":0.0},"faces":{"north":{"uv":[8.0,6.0,12.5,6.5],"texture":"#1","rotation":90},"east":{"uv":[4.5,3.0,0.0,6.0],"texture":"#1","rotation":270},"south":{"uv":[8.0,6.5,12.5,7.0],"texture":"#1","rotation":270},"west":{"uv":[4.5,3.0,0.0,0.0],"texture":"#1","rotation":270},"up":{"uv":[9.0,1.0,12.0,1.5],"texture":"#1","rotation":270},"down":{"uv":[9.0,1.5,12.0,2.0],"texture":"#1","rotation":270}}},{"from":[6.5,0.5,5.5],"to":[7.5,9.5,10.5],"rotation":{"origin":[2.5,4.5,6.75],"x":0.0,"y":0.0,"z":0.0},"faces":{"north":{"uv":[9.0,0.0,13.0,0.5],"texture":"#0","rotation":90},"east":{"uv":[8.0,6.0,4.0,8.5],"texture":"#0","rotation":270},"south":{"uv":[9.0,0.5,13.0,1.0],"texture":"#0","rotation":270},"west":{"uv":[4.0,8.5,0.0,6.0],"texture":"#0","rotation":270},"up":{"uv":[9.0,3.0,11.5,3.5],"texture":"#0","rotation":270},"down":{"uv":[9.0,3.5,11.5,4.0],"texture":"#0","rotation":270}}},{"from":[6.5,0.0,5.0],"to":[7.5,10.0,6.0],"rotation":{"origin":[2.5,4.5,6.75],"x":0.0,"y":0.0,"z":0.0},"faces":{"north":{"uv":[8.0,8.0,12.5,8.5],"texture":"#0","rotation":90},"east":{"uv":[4.5,9.0,0.0,9.5],"texture":"#0","rotation":270},"south":{"uv":[0.0,8.5,4.5,9.0],"texture":"#0","rotation":270},"west":{"uv":[9.0,9.0,4.5,8.5],"texture":"#0","rotation":270},"up":{"uv":[9.0,4.0,9.5,4.5],"texture":"#0","rotation":270},"down":{"uv":[4.5,9.0,5.0,9.5],"texture":"#0","rotation":270}}},{"from":[7.5,0.0,5.0],"to":[8.5,10.0,11.0],"rotation":{"origin":[2.5,4.5,6.75],"x":0.0,"y":0.0,"z":0.0},"faces":{"north":{"uv":[8.0,7.0,12.5,7.5],"texture":"#0","rotation":90},"east":{"uv":[0.0,0.0,4.5,3.0],"texture":"#0","rotation":270},"south":{"uv":[8.0,7.5,12.5,8.0],"texture":"#0","rotation":270},"west":{"uv":[9.0,3.0,4.5,0.0],"texture":"#0","rotation":270},"up":{"uv":[9.0,2.0,12.0,2.5],"texture":"#0","rotation":270},"down":{"uv":[9.0,2.5,12.0,3.0],"texture":"#0","rotation":270}}},{"from":[5.5,0.0,5.0],"to":[6.5,10.0,11.0],"rotation":{"origin":[2.5,4.5,6.75],"x":0.0,"y":0.0,"z":0.0},"faces":{"north":{"uv":[8.0,6.0,12.5,6.5],"texture":"#0","rotation":90},"east":{"uv":[4.5,3.0,0.0,6.0],"texture":"#0","rotation":270},"south":{"uv":[8.0,6.5,12.5,7.0],"texture":"#0","rotation":270},"west":{"uv":[4.5,3.0,0.0,0.0],"texture":"#0","rotation":270},"up":{"uv":[9.0,1.0,12.0,1.5],"texture":"#0","rotation":270},"down":{"uv":[9.0,1.5,12.0,2.0],"texture":"#0","rotation":270}}},{"from":[-2.5,0.5,5.5],"to":[-1.5,7.5,10.5],"rotation":{"origin":[2.5,4.5,6.75],"x":0.0,"y":0.0,"z":0.0},"faces":{"north":{"uv":[9.0,0.0,13.0,0.5],"texture":"#3","rotation":90},"east":{"uv":[8.0,6.0,4.0,8.5],"texture":"#3","rotation":270},"south":{"uv":[9.0,0.5,13.0,1.0],"texture":"#3","rotation":270},"west":{"uv":[4.0,8.5,0.0,6.0],"texture":"#3","rotation":270},"up":{"uv":[9.0,3.0,11.5,3.5],"texture":"#3","rotation":270},"down":{"uv":[9.0,3.5,11.5,4.0],"texture":"#3","rotation":270}}},{"from":[-2.5,0.0,5.0],"to":[-1.5,8.0,6.0],"rotation":{"origin":[2.5,4.5,6.75],"x":0.0,"y":0.0,"z":0.0},"faces":{"north":{"uv":[8.0,8.0,12.5,8.5],"texture":"#3","rotation":90},"east":{"uv":[4.5,9.0,0.0,9.5],"texture":"#3","rotation":270},"south":{"uv":[0.0,8.5,4.5,9.0],"texture":"#3","rotation":270},"west":{"uv":[9.0,9.0,4.5,8.5],"texture":"#3","rotation":270},"up":{"uv":[9.0,4.0,9.5,4.5],"texture":"#3","rotation":270},"down":{"uv":[4.5,9.0,5.0,9.5],"texture":"#3","rotation":270}}},{"from":[-1.5,0.0,5.0],"to":[-0.5,8.0,11.0],"rotation":{"origin":[2.5,4.5,6.75],"x":0.0,"y":0.0,"z":0.0},"faces":{"north":{"uv":[8.0,7.0,12.5,7.5],"texture":"#3","rotation":90},"east":{"uv":[9.0,3.0,4.5,6.0],"texture":"#3","rotation":270},"south":{"uv":[8.0,7.5,12.5,8.0],"texture":"#3","rotation":270},"west":{"uv":[9.0,3.0,4.5,0.0],"texture":"#3","rotation":270},"up":{"uv":[9.0,2.0,12.0,2.5],"texture":"#3","rotation":270},"down":{"uv":[9.0,2.5,12.0,3.0],"texture":"#3","rotation":270}}},{"from":[-3.5,0.0,5.0],"to":[-2.5,8.0,11.0],"rotation":{"origin":[2.5,4.5,6.75],"x":0.0,"y":0.0,"z":0.0},"faces":{"north":{"uv":[8.0,6.0,12.5,6.5],"texture":"#3","rotation":90},"east":{"uv":[4.5,3.0,0.0,6.0],"texture":"#3","rotation":270},"south":{"uv":[8.0,6.5,12.5,7.0],"texture":"#3","rotation":270},"west":{"uv":[4.5,3.0,0.0,0.0],"texture":"#3","rotation":270},"up":{"uv":[9.0,1.0,12.0,1.5],"texture":"#3","rotation":270},"down":{"uv":[9.0,1.5,12.0,2.0],"texture":"#3","rotation":270}}},{"from":[0.5,0.5,6.0],"to":[1.5,8.5,11.0],"rotation":{"origin":[2.5,4.5,7.25],"x":0.0,"y":0.0,"z":0.0},"faces":{"north":{"uv":[9.0,0.0,13.0,0.5],"texture":"#2","rotation":90},"east":{"uv":[8.0,6.0,4.0,8.5],"texture":"#2","rotation":270},"south":{"uv":[9.0,0.5,13.0,1.0],"texture":"#2","rotation":270},"west":{"uv":[4.0,8.5,0.0,6.0],"texture":"#2","rotation":270},"up":{"uv":[9.0,3.0,11.5,3.5],"texture":"#2","rotation":270},"down":{"uv":[9.0,3.5,11.5,4.0],"texture":"#2","rotation":270}}},{"from":[0.5,0.0,5.5],"to":[1.5,9.0,6.5],"rotation":{"origin":[2.5,4.5,7.25],"x":0.0,"y":0.0,"z":0.0},"faces":{"north":{"uv":[8.0,8.0,12.5,8.5],"texture":"#2","rotation":90},"east":{"uv":[4.5,9.0,0.0,9.5],"texture":"#2","rotation":270},"south":{"uv":[0.0,8.5,4.5,9.0],"texture":"#2","rotation":270},"west":{"uv":[9.0,9.0,4.5,8.5],"texture":"#2","rotation":270},"up":{"uv":[9.0,4.0,9.5,4.5],"texture":"#2","rotation":270},"down":{"uv":[4.5,9.0,5.0,9.5],"texture":"#2","rotation":270}}},{"from":[1.5,0.0,5.5],"to":[2.5,9.0,11.5],"rotation":{"origin":[2.5,4.5,7.25],"x":0.0,"y":0.0,"z":0.0},"faces":{"north":{"uv":[8.0,7.0,12.5,7.5],"texture":"#2","rotation":90},"east":{"uv":[9.0,3.0,4.5,6.0],"texture":"#2","rotation":270},"south":{"uv":[8.0,7.5,12.5,8.0],"texture":"#2","rotation":270},"west":{"uv":[9.0,3.0,4.5,0.0],"texture":"#2","rotation":270},"up":{"uv":[9.0,2.0,12.0,2.5],"texture":"#2","rotation":270},"down":{"uv":[9.0,2.5,12.0,3.0],"texture":"#2","rotation":270}}},{"from":[-0.5,0.0,5.5],"to":[0.5,9.0,11.5],"rotation":{"origin":[2.5,4.5,7.25],"x":0.0,"y":0.0,"z":0.0},"faces":{"north":{"uv":[8.0,6.0,12.5,6.5],"texture":"#2","rotation":90},"east":{"uv":[4.5,3.0,0.0,6.0],"texture":"#2","rotation":270},"south":{"uv":[8.0,6.5,12.5,7.0],"texture":"#2","rotation":270},"west":{"uv":[4.5,3.0,0.0,0.0],"texture":"#2","rotation":270},"up":{"uv":[9.0,1.0,12.0,1.5],"texture":"#2","rotation":270},"down":{"uv":[9.0,1.5,12.0,2.0],"texture":"#2","rotation":270}}}],"textures":{"0":"workshop_six:3799fca1-4217-4db2-860b-d518b3ac817b","1":"workshop_six:9d402e36-6b10-48ff-b059-88a1bd4ce630","2":"workshop_six:93543998-e323-4206-8546-0009278f4a80","3":"workshop_six:8e4e6e80-b5b6-4131-8f14-46b8ad77052e","particle":"workshop_six:3799fca1-4217-4db2-860b-d518b3ac817b"},"gui_light":"front"}