{"display":{"thirdperson_righthand":{"rotation":[49.0,0.0,0.0],"translation":[-1.0,0.0,-0.5],"scale":[0.27,0.27,0.27]},"thirdperson_lefthand":{"rotation":[49.0,0.0,0.0],"translation":[-1.0,0.0,-0.5],"scale":[0.27,0.27,0.27]},"firstperson_righthand":{"translation":[0.0,4.75,1.5],"scale":[0.39,0.39,0.39]},"firstperson_lefthand":{"translation":[0.0,4.75,1.5],"scale":[0.39,0.39,0.39]},"ground":{"translation":[0.0,2.25,0.0],"scale":[0.4,0.4,0.4]},"gui":{"rotation":[11.75,171.0,0.0],"translation":[0.0,3.0,0.0],"scale":[0.77,0.77,0.77]},"head":{"scale":[0.0,0.0,0.0]},"fixed":{"rotation":[-90.0,0.0,0.0],"translation":[0.0,0.0,-16.0],"scale":[2.0,2.0,2.0]}},"elements":[{"from":[0.0,0.0,0.0],"to":[1.0,2.0,16.0],"rotation":{"origin":[8.0,2.25,8.0],"x":0.0,"y":0.0,"z":0.0},"faces":{"north":{"uv":[9.5,7.0,9.75,7.5],"texture":"#1"},"east":{"uv":[0.0,4.0,4.0,4.5],"texture":"#1"},"south":{"uv":[3.75,10.5,4.0,11.0],"texture":"#1"},"west":{"uv":[4.0,4.0,8.0,4.5],"texture":"#1"},"up":{"uv":[4.25,11.0,4.0,7.0],"texture":"#1"},"down":{"uv":[4.5,7.0,4.25,11.0],"texture":"#1"}}},{"from":[1.0,1.0,0.0],"to":[2.0,5.0,1.0],"rotation":{"origin":[8.0,2.25,8.0],"x":0.0,"y":0.0,"z":0.0},"faces":{"north":{"uv":[3.75,7.5,4.0,8.5],"texture":"#1"},"east":{"uv":[3.75,8.5,4.0,9.5],"texture":"#1"},"south":{"uv":[3.75,9.5,4.0,10.5],"texture":"#1"},"west":{"uv":[9.75,11.5,10.0,12.5],"texture":"#1"},"up":{"uv":[11.25,7.0,11.0,6.75],"texture":"#1"},"down":{"uv":[12.0,6.5,11.75,6.75],"texture":"#1"}}},{"from":[1.0,0.0,0.0],"to":[15.0,1.0,16.0],"rotation":{"origin":[8.0,2.25,8.0],"x":0.0,"y":0.0,"z":0.0},"faces":{"north":{"uv":[6.0,7.0,9.5,7.25],"texture":"#1"},"east":{"uv":[7.0,1.5,11.0,1.75],"texture":"#1"},"south":{"uv":[6.0,7.25,9.5,7.5],"texture":"#1"},"west":{"uv":[7.0,1.75,11.0,2.0],"texture":"#1"},"up":{"uv":[3.5,4.0,0.0,0.0],"texture":"#1"},"down":{"uv":[7.0,0.0,3.5,4.0],"texture":"#1"}}},{"from":[0.0,3.0,0.0],"to":[1.0,5.0,16.0],"rotation":{"origin":[8.0,2.25,8.0],"x":0.0,"y":0.0,"z":0.0},"faces":{"north":{"uv":[12.5,6.5,12.75,7.0],"texture":"#1"},"east":{"uv":[0.0,4.5,4.0,5.0],"texture":"#1"},"south":{"uv":[12.5,7.0,12.75,7.5],"texture":"#1"},"west":{"uv":[4.0,4.5,8.0,5.0],"texture":"#1"},"up":{"uv":[4.75,11.0,4.5,7.0],"texture":"#1"},"down":{"uv":[5.0,7.0,4.75,11.0],"texture":"#1"}}},{"from":[1.0,1.0,15.0],"to":[2.0,5.0,16.0],"rotation":{"origin":[8.0,2.25,8.0],"x":0.0,"y":0.0,"z":0.0},"faces":{"north":{"uv":[10.0,11.5,10.25,12.5],"texture":"#1"},"east":{"uv":[10.25,11.5,10.5,12.5],"texture":"#1"},"south":{"uv":[10.5,11.5,10.75,12.5],"texture":"#1"},"west":{"uv":[10.75,11.5,11.0,12.5],"texture":"#1"},"up":{"uv":[9.0,12.0,8.75,11.75],"texture":"#1"},"down":{"uv":[10.5,12.5,10.25,12.75],"texture":"#1"}}},{"from":[0.0,0.0,16.0],"to":[16.0,2.0,17.0],"rotation":{"origin":[8.0,2.25,8.0],"x":0.0,"y":0.0,"z":0.0},"faces":{"north":{"uv":[0.0,5.0,4.0,5.5],"texture":"#1"},"east":{"uv":[12.5,7.5,12.75,8.0],"texture":"#1"},"south":{"uv":[4.0,5.0,8.0,5.5],"texture":"#1"},"west":{"uv":[12.5,8.0,12.75,8.5],"texture":"#1"},"up":{"uv":[11.0,2.25,7.0,2.0],"texture":"#1"},"down":{"uv":[11.0,2.25,7.0,2.5],"texture":"#1"}}},{"from":[0.0,3.0,16.0],"to":[16.0,5.0,17.0],"rotation":{"origin":[8.0,2.25,8.0],"x":0.0,"y":0.0,"z":0.0},"faces":{"north":{"uv":[0.0,5.5,4.0,6.0],"texture":"#1"},"east":{"uv":[12.5,8.5,12.75,9.0],"texture":"#1"},"south":{"uv":[4.0,5.5,8.0,6.0],"texture":"#1"},"west":{"uv":[8.75,12.5,9.0,13.0],"texture":"#1"},"up":{"uv":[11.0,2.75,7.0,2.5],"texture":"#1"},"down":{"uv":[11.0,2.75,7.0,3.0],"texture":"#1"}}},{"from":[15.0,0.0,0.0],"to":[16.0,2.0,16.0],"rotation":{"origin":[8.0,2.25,8.0],"x":0.0,"y":0.0,"z":0.0},"faces":{"north":{"uv":[9.0,12.5,9.25,13.0],"texture":"#1"},"east":{"uv":[0.0,6.0,4.0,6.5],"texture":"#1"},"south":{"uv":[12.5,9.0,12.75,9.5],"texture":"#1"},"west":{"uv":[4.0,6.0,8.0,6.5],"texture":"#1"},"up":{"uv":[5.25,11.0,5.0,7.0],"texture":"#1"},"down":{"uv":[5.5,7.0,5.25,11.0],"texture":"#1"}}},{"from":[15.0,3.0,0.0],"to":[16.0,5.0,16.0],"rotation":{"origin":[8.0,2.25,8.0],"x":0.0,"y":0.0,"z":0.0},"faces":{"north":{"uv":[9.25,12.5,9.5,13.0],"texture":"#1"},"east":{"uv":[0.0,6.5,4.0,7.0],"texture":"#1"},"south":{"uv":[9.5,12.5,9.75,13.0],"texture":"#1"},"west":{"uv":[4.0,6.5,8.0,7.0],"texture":"#1"},"up":{"uv":[5.75,11.0,5.5,7.0],"texture":"#1"},"down":{"uv":[6.0,7.0,5.75,11.0],"texture":"#1"}}},{"from":[14.0,1.0,15.0],"to":[15.0,5.0,16.0],"rotation":{"origin":[8.0,2.25,8.0],"x":0.0,"y":0.0,"z":0.0},"faces":{"north":{"uv":[11.0,11.5,11.25,12.5],"texture":"#1"},"east":{"uv":[0.0,11.75,0.25,12.75],"texture":"#1"},"south":{"uv":[11.75,0.0,12.0,1.0],"texture":"#1"},"west":{"uv":[0.25,11.75,0.5,12.75],"texture":"#1"},"up":{"uv":[10.75,12.75,10.5,12.5],"texture":"#1"},"down":{"uv":[12.75,10.5,12.5,10.75],"texture":"#1"}}},{"from":[14.0,1.0,0.0],"to":[15.0,5.0,1.0],"rotation":{"origin":[8.0,2.25,8.0],"x":0.0,"y":0.0,"z":0.0},"faces":{"north":{"uv":[0.5,11.75,0.75,12.75],"texture":"#1"},"east":{"uv":[0.75,11.75,1.0,12.75],"texture":"#1"},"south":{"uv":[1.0,11.75,1.25,12.75],"texture":"#1"},"west":{"uv":[11.75,1.0,12.0,2.0],"texture":"#1"},"up":{"uv":[11.0,12.75,10.75,12.5],"texture":"#1"},"down":{"uv":[12.75,10.75,12.5,11.0],"texture":"#1"}}},{"from":[0.0,0.0,-1.0],"to":[16.0,2.0,0.0],"rotation":{"origin":[8.0,2.25,8.0],"x":0.0,"y":0.0,"z":0.0},"faces":{"north":{"uv":[0.0,7.0,4.0,7.5],"texture":"#1"},"east":{"uv":[12.5,9.5,12.75,10.0],"texture":"#1"},"south":{"uv":[7.0,0.0,11.0,0.5],"texture":"#1"},"west":{"uv":[9.75,12.5,10.0,13.0],"texture":"#1"},"up":{"uv":[11.0,3.25,7.0,3.0],"texture":"#1"},"down":{"uv":[11.0,3.25,7.0,3.5],"texture":"#1"}}},{"from":[0.0,3.0,-1.0],"to":[16.0,5.0,0.0],"rotation":{"origin":[8.0,2.25,8.0],"x":0.0,"y":0.0,"z":0.0},"faces":{"north":{"uv":[7.0,0.5,11.0,1.0],"texture":"#1"},"east":{"uv":[10.0,12.5,10.25,13.0],"texture":"#1"},"south":{"uv":[7.0,1.0,11.0,1.5],"texture":"#1"},"west":{"uv":[12.5,10.0,12.75,10.5],"texture":"#1"},"up":{"uv":[11.0,3.75,7.0,3.5],"texture":"#1"},"down":{"uv":[11.0,3.75,7.0,4.0],"texture":"#1"}}},{"from":[6.0,3.75,12.75],"to":[9.0,6.75,15.75],"rotation":{"origin":[7.625,4.75,14.25],"x":22.5,"y":0.0,"z":0.0},"faces":{"north":{"uv":[9.0,7.5,9.75,8.25],"texture":"#1"},"east":{"uv":[9.0,8.25,9.75,9.0],"texture":"#1"},"south":{"uv":[9.0,9.0,9.75,9.75],"texture":"#1"},"west":{"uv":[0.0,9.5,0.75,10.25],"texture":"#1"},"up":{"uv":[1.5,10.25,0.75,9.5],"texture":"#1"},"down":{"uv":[2.25,9.5,1.5,10.25],"texture":"#1"}}},{"from":[6.5,1.75,13.25],"to":[8.5,3.75,15.25],"rotation":{"origin":[7.625,4.75,14.25],"x":22.5,"y":0.0,"z":0.0},"faces":{"north":{"uv":[1.25,11.75,1.75,12.25],"texture":"#1"},"east":{"uv":[1.75,11.75,2.25,12.25],"texture":"#1"},"south":{"uv":[11.75,2.0,12.25,2.5],"texture":"#1"},"west":{"uv":[2.25,11.75,2.75,12.25],"texture":"#1"},"up":{"uv":[12.25,3.0,11.75,2.5],"texture":"#1"},"down":{"uv":[3.25,11.75,2.75,12.25],"texture":"#1"}}},{"from":[7.0,0.75,13.75],"to":[8.0,1.75,14.75],"rotation":{"origin":[7.625,4.75,14.25],"x":22.5,"y":0.0,"z":0.0},"faces":{"north":{"uv":[11.0,12.5,11.25,12.75],"texture":"#1"},"east":{"uv":[12.5,11.0,12.75,11.25],"texture":"#1"},"south":{"uv":[11.25,12.5,11.5,12.75],"texture":"#1"},"west":{"uv":[12.5,11.25,12.75,11.5],"texture":"#1"},"up":{"uv":[11.75,12.75,11.5,12.5],"texture":"#1"},"down":{"uv":[12.75,11.5,12.5,11.75],"texture":"#1"}}},{"from":[6.25,5.5,14.25],"to":[9.25,9.5,14.25],"rotation":{"origin":[7.625,4.75,14.25],"x":22.5,"y":0.0,"z":0.0},"faces":{"north":{"uv":[0.0,7.5,0.75,8.5],"texture":"#1"},"east":{"uv":[0.0,0.0,0.0,1.0],"texture":"#1"},"south":{"uv":[0.75,7.5,1.5,8.5],"texture":"#1"},"west":{"uv":[0.0,0.0,0.0,1.0],"texture":"#1"},"up":{"uv":[0.75,0.0,0.0,0.0],"texture":"#1"},"down":{"uv":[0.75,0.0,0.0,0.0],"texture":"#1"}}},{"from":[6.0,3.75,9.0],"to":[9.0,6.75,12.0],"rotation":{"origin":[7.625,4.75,10.5],"x":22.5,"y":0.0,"z":0.0},"faces":{"north":{"uv":[2.25,9.5,3.0,10.25],"texture":"#1"},"east":{"uv":[3.0,9.5,3.75,10.25],"texture":"#1"},"south":{"uv":[9.5,4.0,10.25,4.75],"texture":"#1"},"west":{"uv":[9.5,4.75,10.25,5.5],"texture":"#1"},"up":{"uv":[10.25,6.25,9.5,5.5],"texture":"#1"},"down":{"uv":[6.75,9.5,6.0,10.25],"texture":"#1"}}},{"from":[6.5,1.75,9.5],"to":[8.5,3.75,11.5],"rotation":{"origin":[7.625,4.75,10.5],"x":22.5,"y":0.0,"z":0.0},"faces":{"north":{"uv":[11.75,3.0,12.25,3.5],"texture":"#1"},"east":{"uv":[3.25,11.75,3.75,12.25],"texture":"#1"},"south":{"uv":[11.75,3.5,12.25,4.0],"texture":"#1"},"west":{"uv":[3.75,11.75,4.25,12.25],"texture":"#1"},"up":{"uv":[12.25,4.5,11.75,4.0],"texture":"#1"},"down":{"uv":[4.75,11.75,4.25,12.25],"texture":"#1"}}},{"from":[7.0,0.75,10.0],"to":[8.0,1.75,11.0],"rotation":{"origin":[7.625,4.75,10.5],"x":22.5,"y":0.0,"z":0.0},"faces":{"north":{"uv":[11.75,12.5,12.0,12.75],"texture":"#1"},"east":{"uv":[12.5,11.75,12.75,12.0],"texture":"#1"},"south":{"uv":[12.0,12.5,12.25,12.75],"texture":"#1"},"west":{"uv":[12.25,12.5,12.5,12.75],"texture":"#1"},"up":{"uv":[12.75,12.75,12.5,12.5],"texture":"#1"},"down":{"uv":[0.25,12.75,0.0,13.0],"texture":"#1"}}},{"from":[6.25,6.25,10.5],"to":[9.25,10.25,10.5],"rotation":{"origin":[7.625,4.75,10.5],"x":22.5,"y":0.0,"z":0.0},"faces":{"north":{"uv":[1.5,7.5,2.25,8.5],"texture":"#1"},"east":{"uv":[0.0,0.0,0.0,1.0],"texture":"#1"},"south":{"uv":[2.25,7.5,3.0,8.5],"texture":"#1"},"west":{"uv":[0.0,0.0,0.0,1.0],"texture":"#1"},"up":{"uv":[0.75,0.0,0.0,0.0],"texture":"#1"},"down":{"uv":[0.75,0.0,0.0,0.0],"texture":"#1"}}},{"from":[6.0,3.75,5.25],"to":[9.0,6.75,8.25],"rotation":{"origin":[7.625,4.75,6.75],"x":22.5,"y":0.0,"z":0.0},"faces":{"north":{"uv":[9.5,6.25,10.25,7.0],"texture":"#1"},"east":{"uv":[6.75,9.5,7.5,10.25],"texture":"#1"},"south":{"uv":[7.5,9.5,8.25,10.25],"texture":"#1"},"west":{"uv":[8.25,9.5,9.0,10.25],"texture":"#1"},"up":{"uv":[10.5,7.75,9.75,7.0],"texture":"#1"},"down":{"uv":[10.5,7.75,9.75,8.5],"texture":"#1"}}},{"from":[6.5,1.75,5.75],"to":[8.5,3.75,7.75],"rotation":{"origin":[7.625,4.75,6.75],"x":22.5,"y":0.0,"z":0.0},"faces":{"north":{"uv":[11.75,4.5,12.25,5.0],"texture":"#1"},"east":{"uv":[4.75,11.75,5.25,12.25],"texture":"#1"},"south":{"uv":[11.75,5.0,12.25,5.5],"texture":"#1"},"west":{"uv":[5.25,11.75,5.75,12.25],"texture":"#1"},"up":{"uv":[12.25,6.0,11.75,5.5],"texture":"#1"},"down":{"uv":[6.25,11.75,5.75,12.25],"texture":"#1"}}},{"from":[7.0,0.75,6.25],"to":[8.0,1.75,7.25],"rotation":{"origin":[7.625,4.75,6.75],"x":22.5,"y":0.0,"z":0.0},"faces":{"north":{"uv":[0.25,12.75,0.5,13.0],"texture":"#1"},"east":{"uv":[0.5,12.75,0.75,13.0],"texture":"#1"},"south":{"uv":[0.75,12.75,1.0,13.0],"texture":"#1"},"west":{"uv":[1.0,12.75,1.25,13.0],"texture":"#1"},"up":{"uv":[1.5,13.0,1.25,12.75],"texture":"#1"},"down":{"uv":[1.75,12.75,1.5,13.0],"texture":"#1"}}},{"from":[6.25,5.5,6.75],"to":[9.25,9.5,6.75],"rotation":{"origin":[7.625,4.75,6.75],"x":22.5,"y":0.0,"z":0.0},"faces":{"north":{"uv":[3.0,7.5,3.75,8.5],"texture":"#1"},"east":{"uv":[0.0,0.0,0.0,1.0],"texture":"#1"},"south":{"uv":[6.0,7.5,6.75,8.5],"texture":"#1"},"west":{"uv":[0.0,0.0,0.0,1.0],"texture":"#1"},"up":{"uv":[0.75,0.0,0.0,0.0],"texture":"#1"},"down":{"uv":[0.75,0.0,0.0,0.0],"texture":"#1"}}},{"from":[6.0,3.75,1.5],"to":[9.0,6.75,4.5],"rotation":{"origin":[7.625,4.75,3.0],"x":22.5,"y":0.0,"z":0.0},"faces":{"north":{"uv":[9.75,8.5,10.5,9.25],"texture":"#1"},"east":{"uv":[9.0,9.75,9.75,10.5],"texture":"#1"},"south":{"uv":[9.75,9.25,10.5,10.0],"texture":"#1"},"west":{"uv":[9.75,10.0,10.5,10.75],"texture":"#1"},"up":{"uv":[0.75,11.0,0.0,10.25],"texture":"#1"},"down":{"uv":[1.5,10.25,0.75,11.0],"texture":"#1"}}},{"from":[6.5,1.75,2.0],"to":[8.5,3.75,4.0],"rotation":{"origin":[7.625,4.75,3.0],"x":22.5,"y":0.0,"z":0.0},"faces":{"north":{"uv":[11.75,6.0,12.25,6.5],"texture":"#1"},"east":{"uv":[6.25,11.75,6.75,12.25],"texture":"#1"},"south":{"uv":[6.75,11.75,7.25,12.25],"texture":"#1"},"west":{"uv":[7.25,11.75,7.75,12.25],"texture":"#1"},"up":{"uv":[8.25,12.25,7.75,11.75],"texture":"#1"},"down":{"uv":[8.75,11.75,8.25,12.25],"texture":"#1"}}},{"from":[7.0,0.75,2.5],"to":[8.0,1.75,3.5],"rotation":{"origin":[7.625,4.75,3.0],"x":22.5,"y":0.0,"z":0.0},"faces":{"north":{"uv":[1.75,12.75,2.0,13.0],"texture":"#1"},"east":{"uv":[2.0,12.75,2.25,13.0],"texture":"#1"},"south":{"uv":[12.75,2.0,13.0,2.25],"texture":"#1"},"west":{"uv":[2.25,12.75,2.5,13.0],"texture":"#1"},"up":{"uv":[13.0,2.5,12.75,2.25],"texture":"#1"},"down":{"uv":[2.75,12.75,2.5,13.0],"texture":"#1"}}},{"from":[5.75,5.25,3.0],"to":[8.75,9.25,3.0],"rotation":{"origin":[7.375,3.75,3.0],"x":22.5,"y":0.0,"z":0.0},"faces":{"north":{"uv":[6.75,7.5,7.5,8.5],"texture":"#1"},"east":{"uv":[0.0,0.0,0.0,1.0],"texture":"#1"},"south":{"uv":[7.5,7.5,8.25,8.5],"texture":"#1"},"west":{"uv":[0.0,0.0,0.0,1.0],"texture":"#1"},"up":{"uv":[0.75,0.0,0.0,0.0],"texture":"#1"},"down":{"uv":[0.75,0.0,0.0,0.0],"texture":"#1"}}},{"from":[10.25,5.0,14.25],"to":[13.25,9.0,14.25],"rotation":{"origin":[11.625,4.75,14.25],"x":22.5,"y":0.0,"z":0.0},"faces":{"north":{"uv":[8.0,4.0,8.75,5.0],"texture":"#1"},"east":{"uv":[0.0,0.0,0.0,1.0],"texture":"#1"},"south":{"uv":[8.0,5.0,8.75,6.0],"texture":"#1"},"west":{"uv":[0.0,0.0,0.0,1.0],"texture":"#1"},"up":{"uv":[0.75,0.0,0.0,0.0],"texture":"#1"},"down":{"uv":[0.75,0.0,0.0,0.0],"texture":"#1"}}},{"from":[11.0,0.75,13.75],"to":[12.0,1.75,14.75],"rotation":{"origin":[11.625,4.75,14.25],"x":22.5,"y":0.0,"z":0.0},"faces":{"north":{"uv":[12.75,2.5,13.0,2.75],"texture":"#1"},"east":{"uv":[2.75,12.75,3.0,13.0],"texture":"#1"},"south":{"uv":[12.75,2.75,13.0,3.0],"texture":"#1"},"west":{"uv":[3.0,12.75,3.25,13.0],"texture":"#1"},"up":{"uv":[13.0,3.25,12.75,3.0],"texture":"#1"},"down":{"uv":[3.5,12.75,3.25,13.0],"texture":"#1"}}},{"from":[10.5,1.75,13.25],"to":[12.5,3.75,15.25],"rotation":{"origin":[11.625,4.75,14.25],"x":22.5,"y":0.0,"z":0.0},"faces":{"north":{"uv":[12.0,0.0,12.5,0.5],"texture":"#1"},"east":{"uv":[12.0,0.5,12.5,1.0],"texture":"#1"},"south":{"uv":[12.0,1.0,12.5,1.5],"texture":"#1"},"west":{"uv":[12.0,1.5,12.5,2.0],"texture":"#1"},"up":{"uv":[12.5,7.0,12.0,6.5],"texture":"#1"},"down":{"uv":[12.5,7.0,12.0,7.5],"texture":"#1"}}},{"from":[10.0,3.75,12.75],"to":[13.0,6.75,15.75],"rotation":{"origin":[11.625,4.75,14.25],"x":22.5,"y":0.0,"z":0.0},"faces":{"north":{"uv":[1.5,10.25,2.25,11.0],"texture":"#1"},"east":{"uv":[2.25,10.25,3.0,11.0],"texture":"#1"},"south":{"uv":[3.0,10.25,3.75,11.0],"texture":"#1"},"west":{"uv":[10.25,4.0,11.0,4.75],"texture":"#1"},"up":{"uv":[11.0,5.5,10.25,4.75],"texture":"#1"},"down":{"uv":[11.0,5.5,10.25,6.25],"texture":"#1"}}},{"from":[9.25,5.75,10.25],"to":[12.25,9.75,10.25],"rotation":{"origin":[10.875,4.5,10.0],"x":22.5,"y":0.0,"z":0.0},"faces":{"north":{"uv":[8.0,6.0,8.75,7.0],"texture":"#1"},"east":{"uv":[0.0,0.0,0.0,1.0],"texture":"#1"},"south":{"uv":[8.25,7.5,9.0,8.5],"texture":"#1"},"west":{"uv":[0.0,0.0,0.0,1.0],"texture":"#1"},"up":{"uv":[0.75,0.0,0.0,0.0],"texture":"#1"},"down":{"uv":[0.75,0.0,0.0,0.0],"texture":"#1"}}},{"from":[11.0,0.75,10.0],"to":[12.0,1.75,11.0],"rotation":{"origin":[11.625,4.75,10.5],"x":22.5,"y":0.0,"z":0.0},"faces":{"north":{"uv":[12.75,3.25,13.0,3.5],"texture":"#1"},"east":{"uv":[3.5,12.75,3.75,13.0],"texture":"#1"},"south":{"uv":[12.75,3.5,13.0,3.75],"texture":"#1"},"west":{"uv":[3.75,12.75,4.0,13.0],"texture":"#1"},"up":{"uv":[13.0,4.0,12.75,3.75],"texture":"#1"},"down":{"uv":[4.25,12.75,4.0,13.0],"texture":"#1"}}},{"from":[10.5,1.75,9.5],"to":[12.5,3.75,11.5],"rotation":{"origin":[11.625,4.75,10.5],"x":22.5,"y":0.0,"z":0.0},"faces":{"north":{"uv":[12.0,7.5,12.5,8.0],"texture":"#1"},"east":{"uv":[12.0,8.0,12.5,8.5],"texture":"#1"},"south":{"uv":[12.0,8.5,12.5,9.0],"texture":"#1"},"west":{"uv":[8.75,12.0,9.25,12.5],"texture":"#1"},"up":{"uv":[12.5,9.5,12.0,9.0],"texture":"#1"},"down":{"uv":[9.75,12.0,9.25,12.5],"texture":"#1"}}},{"from":[10.0,3.75,9.0],"to":[13.0,6.75,12.0],"rotation":{"origin":[11.625,4.75,10.5],"x":22.5,"y":0.0,"z":0.0},"faces":{"north":{"uv":[6.0,10.25,6.75,11.0],"texture":"#1"},"east":{"uv":[10.25,6.25,11.0,7.0],"texture":"#1"},"south":{"uv":[6.75,10.25,7.5,11.0],"texture":"#1"},"west":{"uv":[7.5,10.25,8.25,11.0],"texture":"#1"},"up":{"uv":[9.0,11.0,8.25,10.25],"texture":"#1"},"down":{"uv":[11.25,7.0,10.5,7.75],"texture":"#1"}}},{"from":[10.25,4.25,6.0],"to":[13.25,8.25,6.0],"rotation":{"origin":[11.625,2.75,6.0],"x":22.5,"y":0.0,"z":0.0},"faces":{"north":{"uv":[0.0,8.5,0.75,9.5],"texture":"#1"},"east":{"uv":[0.0,0.0,0.0,1.0],"texture":"#1"},"south":{"uv":[0.75,8.5,1.5,9.5],"texture":"#1"},"west":{"uv":[0.0,0.0,0.0,1.0],"texture":"#1"},"up":{"uv":[0.75,0.0,0.0,0.0],"texture":"#1"},"down":{"uv":[0.75,0.0,0.0,0.0],"texture":"#1"}}},{"from":[11.0,0.75,6.25],"to":[12.0,1.75,7.25],"rotation":{"origin":[11.625,4.75,6.75],"x":22.5,"y":0.0,"z":0.0},"faces":{"north":{"uv":[12.75,4.0,13.0,4.25],"texture":"#1"},"east":{"uv":[4.25,12.75,4.5,13.0],"texture":"#1"},"south":{"uv":[12.75,4.25,13.0,4.5],"texture":"#1"},"west":{"uv":[4.5,12.75,4.75,13.0],"texture":"#1"},"up":{"uv":[13.0,4.75,12.75,4.5],"texture":"#1"},"down":{"uv":[5.0,12.75,4.75,13.0],"texture":"#1"}}},{"from":[10.5,1.75,5.75],"to":[12.5,3.75,7.75],"rotation":{"origin":[11.625,4.75,6.75],"x":22.5,"y":0.0,"z":0.0},"faces":{"north":{"uv":[12.0,9.5,12.5,10.0],"texture":"#1"},"east":{"uv":[12.0,10.0,12.5,10.5],"texture":"#1"},"south":{"uv":[12.0,10.5,12.5,11.0],"texture":"#1"},"west":{"uv":[12.0,11.0,12.5,11.5],"texture":"#1"},"up":{"uv":[11.75,12.5,11.25,12.0],"texture":"#1"},"down":{"uv":[12.5,11.5,12.0,12.0],"texture":"#1"}}},{"from":[10.0,3.75,5.25],"to":[13.0,6.75,8.25],"rotation":{"origin":[11.625,4.75,6.75],"x":22.5,"y":0.0,"z":0.0},"faces":{"north":{"uv":[10.5,7.75,11.25,8.5],"texture":"#1"},"east":{"uv":[10.5,8.5,11.25,9.25],"texture":"#1"},"south":{"uv":[9.0,10.5,9.75,11.25],"texture":"#1"},"west":{"uv":[10.5,9.25,11.25,10.0],"texture":"#1"},"up":{"uv":[11.25,10.75,10.5,10.0],"texture":"#1"},"down":{"uv":[10.5,10.75,9.75,11.5],"texture":"#1"}}},{"from":[10.25,6.25,3.0],"to":[13.25,10.25,3.0],"rotation":{"origin":[11.625,4.75,3.0],"x":22.5,"y":0.0,"z":0.0},"faces":{"north":{"uv":[1.5,8.5,2.25,9.5],"texture":"#1"},"east":{"uv":[0.0,0.0,0.0,1.0],"texture":"#1"},"south":{"uv":[2.25,8.5,3.0,9.5],"texture":"#1"},"west":{"uv":[0.0,0.0,0.0,1.0],"texture":"#1"},"up":{"uv":[0.75,0.0,0.0,0.0],"texture":"#1"},"down":{"uv":[0.75,0.0,0.0,0.0],"texture":"#1"}}},{"from":[11.0,0.75,2.5],"to":[12.0,1.75,3.5],"rotation":{"origin":[11.625,4.75,3.0],"x":22.5,"y":0.0,"z":0.0},"faces":{"north":{"uv":[12.75,4.75,13.0,5.0],"texture":"#1"},"east":{"uv":[5.0,12.75,5.25,13.0],"texture":"#1"},"south":{"uv":[12.75,5.0,13.0,5.25],"texture":"#1"},"west":{"uv":[5.25,12.75,5.5,13.0],"texture":"#1"},"up":{"uv":[13.0,5.5,12.75,5.25],"texture":"#1"},"down":{"uv":[5.75,12.75,5.5,13.0],"texture":"#1"}}},{"from":[10.5,1.75,2.0],"to":[12.5,3.75,4.0],"rotation":{"origin":[11.625,4.75,3.0],"x":22.5,"y":0.0,"z":0.0},"faces":{"north":{"uv":[11.75,12.0,12.25,12.5],"texture":"#1"},"east":{"uv":[1.25,12.25,1.75,12.75],"texture":"#1"},"south":{"uv":[1.75,12.25,2.25,12.75],"texture":"#1"},"west":{"uv":[12.25,2.0,12.75,2.5],"texture":"#1"},"up":{"uv":[2.75,12.75,2.25,12.25],"texture":"#1"},"down":{"uv":[12.75,2.5,12.25,3.0],"texture":"#1"}}},{"from":[10.0,3.75,1.5],"to":[13.0,6.75,4.5],"rotation":{"origin":[11.625,4.75,3.0],"x":22.5,"y":0.0,"z":0.0},"faces":{"north":{"uv":[10.5,10.75,11.25,11.5],"texture":"#1"},"east":{"uv":[0.0,11.0,0.75,11.75],"texture":"#1"},"south":{"uv":[11.0,0.0,11.75,0.75],"texture":"#1"},"west":{"uv":[0.75,11.0,1.5,11.75],"texture":"#1"},"up":{"uv":[11.75,1.5,11.0,0.75],"texture":"#1"},"down":{"uv":[2.25,11.0,1.5,11.75],"texture":"#1"}}},{"from":[1.75,5.5,14.25],"to":[4.75,9.5,14.25],"rotation":{"origin":[12.375,4.75,14.25],"x":22.5,"y":0.0,"z":0.0},"faces":{"north":{"uv":[3.0,8.5,3.75,9.5],"texture":"#1"},"east":{"uv":[0.0,0.0,0.0,1.0],"texture":"#1"},"south":{"uv":[6.0,8.5,6.75,9.5],"texture":"#1"},"west":{"uv":[0.0,0.0,0.0,1.0],"texture":"#1"},"up":{"uv":[0.75,0.0,0.0,0.0],"texture":"#1"},"down":{"uv":[0.75,0.0,0.0,0.0],"texture":"#1"}}},{"from":[3.0,0.75,13.75],"to":[4.0,1.75,14.75],"rotation":{"origin":[3.625,4.75,14.25],"x":22.5,"y":0.0,"z":0.0},"faces":{"north":{"uv":[12.75,5.5,13.0,5.75],"texture":"#1"},"east":{"uv":[5.75,12.75,6.0,13.0],"texture":"#1"},"south":{"uv":[12.75,5.75,13.0,6.0],"texture":"#1"},"west":{"uv":[6.0,12.75,6.25,13.0],"texture":"#1"},"up":{"uv":[13.0,6.25,12.75,6.0],"texture":"#1"},"down":{"uv":[6.5,12.75,6.25,13.0],"texture":"#1"}}},{"from":[2.5,1.75,13.25],"to":[4.5,3.75,15.25],"rotation":{"origin":[3.625,4.75,14.25],"x":22.5,"y":0.0,"z":0.0},"faces":{"north":{"uv":[2.75,12.25,3.25,12.75],"texture":"#1"},"east":{"uv":[12.25,3.0,12.75,3.5],"texture":"#1"},"south":{"uv":[3.25,12.25,3.75,12.75],"texture":"#1"},"west":{"uv":[12.25,3.5,12.75,4.0],"texture":"#1"},"up":{"uv":[4.25,12.75,3.75,12.25],"texture":"#1"},"down":{"uv":[12.75,4.0,12.25,4.5],"texture":"#1"}}},{"from":[2.0,3.75,12.75],"to":[5.0,6.75,15.75],"rotation":{"origin":[3.625,4.75,14.25],"x":22.5,"y":0.0,"z":0.0},"faces":{"north":{"uv":[11.0,1.5,11.75,2.25],"texture":"#1"},"east":{"uv":[2.25,11.0,3.0,11.75],"texture":"#1"},"south":{"uv":[11.0,2.25,11.75,3.0],"texture":"#1"},"west":{"uv":[3.0,11.0,3.75,11.75],"texture":"#1"},"up":{"uv":[11.75,3.75,11.0,3.0],"texture":"#1"},"down":{"uv":[4.5,11.0,3.75,11.75],"texture":"#1"}}},{"from":[2.25,5.25,10.5],"to":[5.25,9.25,10.5],"rotation":{"origin":[3.625,4.75,10.5],"x":22.5,"y":0.0,"z":0.0},"faces":{"north":{"uv":[6.75,8.5,7.5,9.5],"texture":"#1"},"east":{"uv":[0.0,0.0,0.0,1.0],"texture":"#1"},"south":{"uv":[7.5,8.5,8.25,9.5],"texture":"#1"},"west":{"uv":[0.0,0.0,0.0,1.0],"texture":"#1"},"up":{"uv":[0.75,0.0,0.0,0.0],"texture":"#1"},"down":{"uv":[0.75,0.0,0.0,0.0],"texture":"#1"}}},{"from":[3.0,0.75,10.0],"to":[4.0,1.75,11.0],"rotation":{"origin":[3.625,4.75,10.5],"x":22.5,"y":0.0,"z":0.0},"faces":{"north":{"uv":[12.75,6.25,13.0,6.5],"texture":"#1"},"east":{"uv":[6.5,12.75,6.75,13.0],"texture":"#1"},"south":{"uv":[12.75,6.5,13.0,6.75],"texture":"#1"},"west":{"uv":[6.75,12.75,7.0,13.0],"texture":"#1"},"up":{"uv":[13.0,7.0,12.75,6.75],"texture":"#1"},"down":{"uv":[7.25,12.75,7.0,13.0],"texture":"#1"}}},{"from":[2.5,1.75,9.5],"to":[4.5,3.75,11.5],"rotation":{"origin":[3.625,4.75,10.5],"x":22.5,"y":0.0,"z":0.0},"faces":{"north":{"uv":[4.25,12.25,4.75,12.75],"texture":"#1"},"east":{"uv":[12.25,4.5,12.75,5.0],"texture":"#1"},"south":{"uv":[4.75,12.25,5.25,12.75],"texture":"#1"},"west":{"uv":[12.25,5.0,12.75,5.5],"texture":"#1"},"up":{"uv":[5.75,12.75,5.25,12.25],"texture":"#1"},"down":{"uv":[12.75,5.5,12.25,6.0],"texture":"#1"}}},{"from":[2.0,3.75,9.0],"to":[5.0,6.75,12.0],"rotation":{"origin":[3.625,4.75,10.5],"x":22.5,"y":0.0,"z":0.0},"faces":{"north":{"uv":[11.0,3.75,11.75,4.5],"texture":"#1"},"east":{"uv":[4.5,11.0,5.25,11.75],"texture":"#1"},"south":{"uv":[11.0,4.5,11.75,5.25],"texture":"#1"},"west":{"uv":[5.25,11.0,6.0,11.75],"texture":"#1"},"up":{"uv":[11.75,6.0,11.0,5.25],"texture":"#1"},"down":{"uv":[6.75,11.0,6.0,11.75],"texture":"#1"}}},{"from":[1.75,4.25,6.0],"to":[4.75,8.25,6.0],"rotation":{"origin":[3.375,2.75,6.0],"x":22.5,"y":0.0,"z":0.0},"faces":{"north":{"uv":[8.25,8.5,9.0,9.5],"texture":"#1"},"east":{"uv":[0.0,0.0,0.0,1.0],"texture":"#1"},"south":{"uv":[8.75,4.0,9.5,5.0],"texture":"#1"},"west":{"uv":[0.0,0.0,0.0,1.0],"texture":"#1"},"up":{"uv":[0.75,0.0,0.0,0.0],"texture":"#1"},"down":{"uv":[0.75,0.0,0.0,0.0],"texture":"#1"}}},{"from":[3.0,0.75,6.25],"to":[4.0,1.75,7.25],"rotation":{"origin":[3.625,4.75,6.75],"x":22.5,"y":0.0,"z":0.0},"faces":{"north":{"uv":[12.75,7.0,13.0,7.25],"texture":"#1"},"east":{"uv":[7.25,12.75,7.5,13.0],"texture":"#1"},"south":{"uv":[12.75,7.25,13.0,7.5],"texture":"#1"},"west":{"uv":[7.5,12.75,7.75,13.0],"texture":"#1"},"up":{"uv":[13.0,7.75,12.75,7.5],"texture":"#1"},"down":{"uv":[8.0,12.75,7.75,13.0],"texture":"#1"}}},{"from":[2.5,1.75,5.75],"to":[4.5,3.75,7.75],"rotation":{"origin":[3.625,4.75,6.75],"x":22.5,"y":0.0,"z":0.0},"faces":{"north":{"uv":[5.75,12.25,6.25,12.75],"texture":"#1"},"east":{"uv":[12.25,6.0,12.75,6.5],"texture":"#1"},"south":{"uv":[6.25,12.25,6.75,12.75],"texture":"#1"},"west":{"uv":[6.75,12.25,7.25,12.75],"texture":"#1"},"up":{"uv":[7.75,12.75,7.25,12.25],"texture":"#1"},"down":{"uv":[8.25,12.25,7.75,12.75],"texture":"#1"}}},{"from":[2.0,3.75,5.25],"to":[5.0,6.75,8.25],"rotation":{"origin":[3.625,4.75,6.75],"x":22.5,"y":0.0,"z":0.0},"faces":{"north":{"uv":[11.0,6.0,11.75,6.75],"texture":"#1"},"east":{"uv":[6.75,11.0,7.5,11.75],"texture":"#1"},"south":{"uv":[7.5,11.0,8.25,11.75],"texture":"#1"},"west":{"uv":[8.25,11.0,9.0,11.75],"texture":"#1"},"up":{"uv":[12.0,7.5,11.25,6.75],"texture":"#1"},"down":{"uv":[12.0,7.5,11.25,8.25],"texture":"#1"}}},{"from":[2.25,5.75,3.0],"to":[5.25,9.75,3.0],"rotation":{"origin":[3.625,4.25,3.0],"x":22.5,"y":0.0,"z":0.0},"faces":{"north":{"uv":[8.75,5.0,9.5,6.0],"texture":"#1"},"east":{"uv":[0.0,0.0,0.0,1.0],"texture":"#1"},"south":{"uv":[8.75,6.0,9.5,7.0],"texture":"#1"},"west":{"uv":[0.0,0.0,0.0,1.0],"texture":"#1"},"up":{"uv":[0.75,0.0,0.0,0.0],"texture":"#1"},"down":{"uv":[0.75,0.0,0.0,0.0],"texture":"#1"}}},{"from":[3.0,0.75,2.5],"to":[4.0,1.75,3.5],"rotation":{"origin":[3.625,4.75,3.0],"x":22.5,"y":0.0,"z":0.0},"faces":{"north":{"uv":[12.75,7.75,13.0,8.0],"texture":"#1"},"east":{"uv":[8.0,12.75,8.25,13.0],"texture":"#1"},"south":{"uv":[12.75,8.0,13.0,8.25],"texture":"#1"},"west":{"uv":[8.25,12.75,8.5,13.0],"texture":"#1"},"up":{"uv":[13.0,8.5,12.75,8.25],"texture":"#1"},"down":{"uv":[8.75,12.75,8.5,13.0],"texture":"#1"}}},{"from":[2.5,1.75,2.0],"to":[4.5,3.75,4.0],"rotation":{"origin":[3.625,4.75,3.0],"x":22.5,"y":0.0,"z":0.0},"faces":{"north":{"uv":[8.25,12.25,8.75,12.75],"texture":"#1"},"east":{"uv":[12.25,12.0,12.75,12.5],"texture":"#1"},"south":{"uv":[12.5,0.0,13.0,0.5],"texture":"#1"},"west":{"uv":[12.5,0.5,13.0,1.0],"texture":"#1"},"up":{"uv":[13.0,1.5,12.5,1.0],"texture":"#1"},"down":{"uv":[13.0,1.5,12.5,2.0],"texture":"#1"}}},{"from":[2.0,3.75,1.5],"to":[5.0,6.75,4.5],"rotation":{"origin":[3.625,4.75,3.0],"x":22.5,"y":0.0,"z":0.0},"faces":{"north":{"uv":[11.25,8.25,12.0,9.0],"texture":"#1"},"east":{"uv":[9.0,11.25,9.75,12.0],"texture":"#1"},"south":{"uv":[11.25,9.0,12.0,9.75],"texture":"#1"},"west":{"uv":[11.25,9.75,12.0,10.5],"texture":"#1"},"up":{"uv":[12.0,11.25,11.25,10.5],"texture":"#1"},"down":{"uv":[12.0,11.25,11.25,12.0],"texture":"#1"}}}],"textures":{"1":"workshop_six:579d9f6e-6a72-4d96-a68a-6f0402d0e625","particle":"workshop_six:579d9f6e-6a72-4d96-a68a-6f0402d0e625"},"gui_light":"front"}