{"display":{"gui":{"rotation":[-150.0,-45.0,180.0]}},"elements":[{"from":[4.5,4.0,4.5],"to":[11.5,12.0,11.5],"faces":{"east":{"uv":[8.625,3.5,7.75,4.5],"texture":"#0","tintindex":0},"south":{"uv":[8.625,2.5,7.75,3.5],"texture":"#0","tintindex":0},"north":{"uv":[4.75,7.375,3.875,8.375],"texture":"#0","tintindex":0},"west":{"uv":[8.625,1.5,7.75,2.5],"texture":"#0","tintindex":0},"up":{"uv":[4.375,2.125,5.25,1.25],"texture":"#0","tintindex":0},"down":{"uv":[7.875,4.5,8.75,5.375],"texture":"#0","tintindex":0}}}],"textures":{"0":"modelengine:82a9dcbb-e9dc-4695-b967-92ae5b11366c","particle":"#0"}}