{"display":{"gui":{"rotation":[-150.0,-45.0,180.0]}},"elements":[{"from":[5.7,4.45,6.45],"to":[10.3,8.05,8.05],"faces":{"east":{"uv":[2.375,9.25,2.625,9.75],"texture":"#0","tintindex":0},"south":{"uv":[2.375,9.25,2.625,9.75],"texture":"#0","tintindex":0},"north":{"uv":[2.375,9.25,2.625,9.75],"texture":"#0","tintindex":0},"west":{"uv":[2.375,9.25,2.625,9.75],"texture":"#0","tintindex":0},"up":{"uv":[2.375,9.25,2.625,9.5],"texture":"#0","tintindex":0},"down":{"uv":[2.375,9.625,2.625,9.75],"texture":"#0","tintindex":0}}}],"textures":{"0":"modelengine:7c799436-bcbb-4a5c-b8e1-ffb0dea9b564","particle":"#0"}}