{"display":{"gui":{"rotation":[-150.0,-45.0,180.0]}},"elements":[{"from":[8.0,-2.5,4.25],"to":[8.0,9.0,7.75],"faces":{"east":{"uv":[3.5,0.0,2.625,2.875],"texture":"#0","tintindex":0},"west":{"uv":[2.625,0.0,3.5,2.875],"texture":"#0","tintindex":0}}},{"from":[6.995,-4.005,6.745],"to":[9.005,8.005,9.255],"faces":{"east":{"uv":[1.25,3.0,0.625,6.0],"texture":"#0","tintindex":0},"south":{"uv":[5.375,5.875,4.875,8.875],"texture":"#0","tintindex":0},"north":{"uv":[1.75,3.0,1.25,6.0],"texture":"#0","tintindex":0},"west":{"uv":[0.625,3.0,0.0,6.0],"texture":"#0","tintindex":0},"up":{"uv":[8.75,9.25,9.25,8.625],"texture":"#0","tintindex":0},"down":{"uv":[8.875,2.5,9.375,3.125],"texture":"#0","tintindex":0}}}],"textures":{"0":"modelengine:aa829054-08c4-4fe5-b65e-cea8040761c8","particle":"#0"}}