{"display":{"gui":{"rotation":[-150.0,-45.0,180.0]}},"elements":[{"from":[6.5,6.5,2.0],"to":[9.5,9.5,14.0],"faces":{"east":{"uv":[8.75,8.0,7.25,8.375],"texture":"#0","tintindex":0},"south":{"uv":[9.25,6.625,8.875,7.0],"texture":"#0","tintindex":0},"north":{"uv":[9.25,6.25,8.875,6.625],"texture":"#0","tintindex":0},"west":{"uv":[7.25,8.0,5.75,8.375],"texture":"#0","tintindex":0},"up":{"uv":[1.5,9.625,1.875,8.125],"texture":"#0","tintindex":0},"down":{"uv":[1.875,8.125,2.25,9.625],"texture":"#0","tintindex":0}}}],"textures":{"0":"modelengine:7c799436-bcbb-4a5c-b8e1-ffb0dea9b564","particle":"#0"}}