{"display":{"gui":{"rotation":[-150.0,-45.0,180.0]}},"elements":[{"from":[6.0,-14.0,8.0],"to":[10.0,8.0,12.0],"faces":{"east":{"uv":[1.5,6.0,1.0,8.75],"texture":"#0","tintindex":0},"south":{"uv":[1.0,6.0,0.5,8.75],"texture":"#0","tintindex":0},"north":{"uv":[0.5,6.0,0.0,8.75],"texture":"#0","tintindex":0},"west":{"uv":[6.5,0.0,6.0,2.75],"texture":"#0","tintindex":0},"up":{"uv":[7.25,7.0,7.75,6.5],"texture":"#0","tintindex":0},"down":{"uv":[4.875,8.875,5.375,9.375],"texture":"#0","tintindex":0}}},{"from":[8.0,-14.0,11.0],"to":[8.0,11.0,17.0],"faces":{"east":{"uv":[3.25,2.875,2.5,6.0],"texture":"#0","tintindex":0},"south":{"uv":[15.875,15.875,16.0,16.0],"texture":"#0","tintindex":0},"north":{"uv":[15.875,15.875,16.0,16.0],"texture":"#0","tintindex":0},"west":{"uv":[2.5,2.875,3.25,6.0],"texture":"#0","tintindex":0},"up":{"uv":[15.875,15.875,16.0,16.0],"texture":"#0","tintindex":0},"down":{"uv":[15.875,15.875,16.0,16.0],"texture":"#0","tintindex":0}}}],"textures":{"0":"modelengine:e1d444d3-18db-4e9b-ad86-21807bf96535","particle":"#0"}}