{"display":{"gui":{"rotation":[-150.0,-45.0,180.0]}},"elements":[{"from":[5.75,4.75,6.5],"to":[8.25,8.0,8.0],"faces":{"east":{"uv":[2.625,9.5,2.375,9.75],"texture":"#0","tintindex":0},"south":{"uv":[2.625,9.5,2.375,9.75],"texture":"#0","tintindex":0},"north":{"uv":[2.625,9.5,2.375,9.75],"texture":"#0","tintindex":0},"west":{"uv":[2.625,9.5,2.375,9.75],"texture":"#0","tintindex":0},"up":{"uv":[2.625,9.25,2.375,9.5],"texture":"#0","tintindex":0},"down":{"uv":[2.625,9.625,2.375,9.75],"texture":"#0","tintindex":0}}}],"textures":{"0":"modelengine:1c63e6f8-adcf-46e2-a423-814cb29cf3c1","particle":"#0"}}