{"display":{"gui":{"rotation":[-150.0,-45.0,180.0]}},"elements":[{"from":[7.0,-10.0,5.5],"to":[11.0,10.0,10.5],"faces":{"east":{"uv":[3.25,5.0,3.875,7.5],"texture":"#0","tintindex":0},"south":{"uv":[7.25,2.5,7.75,5.0],"texture":"#0","tintindex":0},"north":{"uv":[2.75,6.0,3.25,8.5],"texture":"#0","tintindex":0},"west":{"uv":[5.375,1.25,6.0,3.75],"texture":"#0","tintindex":0},"up":{"uv":[4.0,2.75,3.5,2.125],"texture":"#0","tintindex":0},"down":{"uv":[1.25,8.75,0.75,9.375],"texture":"#0","tintindex":0}}}],"textures":{"0":"modelengine:e1d444d3-18db-4e9b-ad86-21807bf96535","particle":"#0"}}