{"display":{"gui":{"rotation":[-150.0,-45.0,180.0]}},"elements":[{"from":[6.5,6.5,2.0],"to":[9.5,9.5,14.0],"faces":{"east":{"uv":[5.75,8.0,7.25,8.375],"texture":"#0","tintindex":0},"south":{"uv":[8.875,6.625,9.25,7.0],"texture":"#0","tintindex":0},"north":{"uv":[8.875,6.25,9.25,6.625],"texture":"#0","tintindex":0},"west":{"uv":[7.25,8.0,8.75,8.375],"texture":"#0","tintindex":0},"up":{"uv":[1.875,9.625,1.5,8.125],"texture":"#0","tintindex":0},"down":{"uv":[2.25,8.125,1.875,9.625],"texture":"#0","tintindex":0}}}],"textures":{"0":"modelengine:aa829054-08c4-4fe5-b65e-cea8040761c8","particle":"#0"}}