{"display":{"gui":{"rotation":[-150.0,-45.0,180.0]}},"elements":[{"from":[4.5,4.0,4.5],"to":[11.5,12.0,11.5],"faces":{"east":{"uv":[7.75,1.5,8.625,2.5],"texture":"#0","tintindex":0},"south":{"uv":[7.75,2.5,8.625,3.5],"texture":"#0","tintindex":0},"north":{"uv":[3.875,7.375,4.75,8.375],"texture":"#0","tintindex":0},"west":{"uv":[7.75,3.5,8.625,4.5],"texture":"#0","tintindex":0},"up":{"uv":[5.25,2.125,4.375,1.25],"texture":"#0","tintindex":0},"down":{"uv":[8.75,4.5,7.875,5.375],"texture":"#0","tintindex":0}}}],"textures":{"0":"modelengine:82a9dcbb-e9dc-4695-b967-92ae5b11366c","particle":"#0"}}