{"display":{"gui":{"rotation":[-150.0,-45.0,180.0]}},"elements":[{"from":[8.0,-2.5,4.25],"to":[8.0,9.0,7.75],"faces":{"east":{"uv":[3.5,0.0,2.625,2.875],"texture":"#0","tintindex":0},"west":{"uv":[2.625,0.0,3.5,2.875],"texture":"#0","tintindex":0}}},{"from":[6.995,-4.005,6.745],"to":[9.005,8.005,9.255],"faces":{"east":{"uv":[0.0,3.0,0.625,6.0],"texture":"#0","tintindex":0},"south":{"uv":[4.875,5.875,5.375,8.875],"texture":"#0","tintindex":0},"north":{"uv":[1.25,3.0,1.75,6.0],"texture":"#0","tintindex":0},"west":{"uv":[0.625,3.0,1.25,6.0],"texture":"#0","tintindex":0},"up":{"uv":[9.25,9.25,8.75,8.625],"texture":"#0","tintindex":0},"down":{"uv":[9.375,2.5,8.875,3.125],"texture":"#0","tintindex":0}}}],"textures":{"0":"modelengine:7c799436-bcbb-4a5c-b8e1-ffb0dea9b564","particle":"#0"}}