{"display":{"gui":{"rotation":[-150.0,-45.0,180.0]}},"elements":[{"from":[2.0,6.0,8.5],"to":[2.0,21.0,19.5],"rotation":{"origin":[1.0,18.0,11.5],"x":22.5,"y":0.0,"z":0.0},"faces":{"east":{"uv":[1.375,10.75,0.0,12.625],"texture":"#0","tintindex":0},"west":{"uv":[0.0,10.75,1.375,12.625],"texture":"#0","tintindex":0}}},{"from":[1.0,6.0,4.5],"to":[15.0,18.0,11.5],"faces":{"east":{"uv":[6.375,5.5,7.25,7.0],"texture":"#0","tintindex":0},"south":{"uv":[0.0,1.5,1.75,3.0],"texture":"#0","tintindex":0},"north":{"uv":[5.25,10.875,7.0,12.375],"texture":"#0","tintindex":0},"west":{"uv":[6.5,0.0,7.375,1.5],"texture":"#0","tintindex":0},"up":{"uv":[7.125,4.625,5.375,3.75],"texture":"#0","tintindex":0},"down":{"uv":[7.125,4.625,5.375,5.5],"texture":"#0","tintindex":0}}},{"from":[7.0,6.0,11.5],"to":[9.0,19.0,13.5],"faces":{"east":{"uv":[8.625,2.5,8.875,4.125],"texture":"#0","tintindex":0},"south":{"uv":[8.625,5.375,8.875,7.0],"texture":"#0","tintindex":0},"north":{"uv":[3.0,8.5,3.25,10.125],"texture":"#0","tintindex":0},"west":{"uv":[5.75,8.625,6.0,10.25],"texture":"#0","tintindex":0},"up":{"uv":[6.75,2.75,6.5,2.5],"texture":"#0","tintindex":0},"down":{"uv":[7.0,2.5,6.75,2.75],"texture":"#0","tintindex":0}}},{"from":[14.0,6.0,8.5],"to":[14.0,21.0,19.5],"rotation":{"origin":[15.0,18.0,11.5],"x":22.5,"y":0.0,"z":0.0},"faces":{"east":{"uv":[1.375,10.75,0.0,12.625],"texture":"#0","tintindex":0},"west":{"uv":[0.0,10.75,1.375,12.625],"texture":"#0","tintindex":0}}}],"textures":{"0":"modelengine:e1d444d3-18db-4e9b-ad86-21807bf96535","particle":"#0"}}