{"display":{"gui":{"rotation":[-150.0,-45.0,180.0]}},"elements":[{"from":[3.0,-12.0,7.0],"to":[13.0,8.0,9.0],"faces":{"east":{"uv":[1.0,6.25,1.25,8.75],"texture":"#0","tintindex":0},"south":{"uv":[4.0,2.5,5.25,5.0],"texture":"#0","tintindex":0},"north":{"uv":[1.375,4.0,2.625,6.5],"texture":"#0","tintindex":0},"west":{"uv":[6.25,2.25,6.5,4.75],"texture":"#0","tintindex":0},"up":{"uv":[7.875,2.0,6.625,1.75],"texture":"#0","tintindex":0},"down":{"uv":[7.875,2.0,6.625,2.25],"texture":"#0","tintindex":0}}}],"textures":{"0":"modelengine:3d95f030-01bb-4909-9f2e-3d8ff45f08b8","particle":"#0"}}