{"display":{"gui":{"rotation":[-150.0,-45.0,180.0]}},"elements":[{"from":[9.35,9.35,9.35],"to":[6.65,6.65,6.65],"faces":{"east":{"uv":[5.375,7.5,5.625,7.75],"texture":"#0","tintindex":0},"south":{"uv":[7.5,5.375,7.75,5.625],"texture":"#0","tintindex":0},"north":{"uv":[7.5,5.125,7.75,5.375],"texture":"#0","tintindex":0},"west":{"uv":[7.5,5.625,7.75,5.875],"texture":"#0","tintindex":0},"up":{"uv":[7.75,6.125,7.5,5.875],"texture":"#0","tintindex":0},"down":{"uv":[7.75,6.125,7.5,6.375],"texture":"#0","tintindex":0}}},{"from":[7.0,7.0,7.0],"to":[9.0,9.0,9.0],"faces":{"east":{"uv":[4.625,7.5,4.875,7.75],"texture":"#0","tintindex":0},"south":{"uv":[7.5,4.625,7.75,4.875],"texture":"#0","tintindex":0},"north":{"uv":[7.5,4.375,7.75,4.625],"texture":"#0","tintindex":0},"west":{"uv":[4.875,7.5,5.125,7.75],"texture":"#0","tintindex":0},"up":{"uv":[7.75,5.125,7.5,4.875],"texture":"#0","tintindex":0},"down":{"uv":[5.375,7.5,5.125,7.75],"texture":"#0","tintindex":0}}}],"textures":{"0":"modelengine:1729de71-29e2-43e8-a6c4-c049d2ad0dcd","particle":"#0"}}