{"display":{"gui":{"rotation":[-150.0,-45.0,180.0]}},"elements":[{"from":[6.99,-6.01,6.99],"to":[9.01,8.01,9.01],"faces":{"east":{"uv":[5.625,6.75,5.875,8.5],"texture":"#0","tintindex":0},"south":{"uv":[5.875,6.75,6.125,8.5],"texture":"#0","tintindex":0},"north":{"uv":[6.75,2.75,7.0,4.5],"texture":"#0","tintindex":0},"west":{"uv":[6.125,6.75,6.375,8.5],"texture":"#0","tintindex":0},"up":{"uv":[7.375,1.75,7.125,1.5],"texture":"#0","tintindex":0},"down":{"uv":[7.625,1.5,7.375,1.75],"texture":"#0","tintindex":0}}}],"textures":{"0":"modelengine:f0d6ce73-5446-4509-b559-cd61f04420c2","particle":"#0"}}