{"display":{"gui":{"rotation":[-150.0,-45.0,180.0]}},"elements":[{"from":[0.0,8.0,8.0],"to":[8.0,10.0,8.0],"faces":{"east":{"uv":[15.875,15.875,16.0,16.0],"texture":"#0","tintindex":0},"south":{"uv":[9.0,6.875,8.0,7.125],"texture":"#0","tintindex":0},"north":{"uv":[8.0,6.875,9.0,7.125],"texture":"#0","tintindex":0},"west":{"uv":[15.875,15.875,16.0,16.0],"texture":"#0","tintindex":0},"up":{"uv":[15.875,15.875,16.0,16.0],"texture":"#0","tintindex":0},"down":{"uv":[15.875,15.875,16.0,16.0],"texture":"#0","tintindex":0}}}],"textures":{"0":"modelengine:1729de71-29e2-43e8-a6c4-c049d2ad0dcd","particle":"#0"}}