{"display":{"gui":{"rotation":[-150.0,-45.0,180.0]}},"elements":[{"from":[2.5,-12.0,7.5],"to":[13.5,8.0,8.5],"faces":{"east":{"uv":[2.5,6.5,2.625,9.0],"texture":"#0","tintindex":0},"south":{"uv":[4.0,0.0,5.375,2.5],"texture":"#0","tintindex":0},"north":{"uv":[0.0,3.75,1.375,6.25],"texture":"#0","tintindex":0},"west":{"uv":[2.125,7.0,2.25,9.5],"texture":"#0","tintindex":0},"up":{"uv":[8.5,1.375,7.125,1.25],"texture":"#0","tintindex":0},"down":{"uv":[8.5,1.375,7.125,1.5],"texture":"#0","tintindex":0}}}],"textures":{"0":"modelengine:b85136ce-6f1c-4dcb-a5b0-34078c4170cb","particle":"#0"}}