{"display":{"gui":{"rotation":[-150.0,-45.0,180.0]}},"elements":[{"from":[8.0,8.0,8.0],"to":[16.0,10.0,8.0],"faces":{"east":{"uv":[16.0,15.875,15.875,16.0],"texture":"#0","tintindex":0},"south":{"uv":[8.0,6.875,9.0,7.125],"texture":"#0","tintindex":0},"north":{"uv":[9.0,6.875,8.0,7.125],"texture":"#0","tintindex":0},"west":{"uv":[16.0,15.875,15.875,16.0],"texture":"#0","tintindex":0},"up":{"uv":[16.0,15.875,15.875,16.0],"texture":"#0","tintindex":0},"down":{"uv":[16.0,15.875,15.875,16.0],"texture":"#0","tintindex":0}}}],"textures":{"0":"modelengine:3b9a6459-8c9b-4a51-a362-0a7b4c3aec19","particle":"#0"}}