{"display":{"gui":{"rotation":[-150.0,-45.0,180.0]}},"elements":[{"from":[6.25,4.5,6.5],"to":[9.75,8.0,8.0],"faces":{"east":{"uv":[8.5,6.0,8.25,6.25],"texture":"#0","tintindex":0},"south":{"uv":[8.5,6.0,8.25,6.25],"texture":"#0","tintindex":0},"north":{"uv":[8.5,6.0,8.25,6.25],"texture":"#0","tintindex":0},"west":{"uv":[8.5,6.0,8.25,6.25],"texture":"#0","tintindex":0},"up":{"uv":[8.5,6.0,8.25,6.125],"texture":"#0","tintindex":0},"down":{"uv":[8.5,6.125,8.25,6.25],"texture":"#0","tintindex":0}}}],"textures":{"0":"modelengine:3b9a6459-8c9b-4a51-a362-0a7b4c3aec19","particle":"#0"}}