{"display":{"gui":{"rotation":[-150.0,-45.0,180.0]}},"elements":[{"from":[6.5,1.0,6.0],"to":[9.5,8.0,10.0],"faces":{"east":{"uv":[7.0,1.5,8.0,3.25],"texture":"#0","tintindex":0},"south":{"uv":[0.0,7.5,0.75,9.25],"texture":"#0","tintindex":0},"north":{"uv":[7.25,4.5,8.0,6.25],"texture":"#0","tintindex":0},"west":{"uv":[2.25,7.0,3.25,8.75],"texture":"#0","tintindex":0},"up":{"uv":[8.75,5.5,8.0,4.5],"texture":"#0","tintindex":0},"down":{"uv":[8.75,5.5,8.0,6.5],"texture":"#0","tintindex":0}}}],"textures":{"0":"modelengine:bbd7cdd2-64b7-4b4c-9f77-34da452e0ac1","particle":"#0"}}