{"display":{"gui":{"rotation":[-150.0,-45.0,180.0]}},"elements":[{"from":[6.25,4.0,7.5],"to":[8.25,8.0,8.5],"faces":{"east":{"uv":[1.75,8.25,1.5,9.25],"texture":"#0","tintindex":0},"south":{"uv":[1.25,8.25,0.75,9.25],"texture":"#0","tintindex":0},"north":{"uv":[8.5,8.0,8.0,9.0],"texture":"#0","tintindex":0},"west":{"uv":[1.5,8.25,1.25,9.25],"texture":"#0","tintindex":0},"up":{"uv":[4.75,3.75,5.25,3.5],"texture":"#0","tintindex":0},"down":{"uv":[4.75,3.75,5.25,4.0],"texture":"#0","tintindex":0}}}],"textures":{"0":"modelengine:bbd7cdd2-64b7-4b4c-9f77-34da452e0ac1","particle":"#0"}}