{"display":{"gui":{"rotation":[-150.0,-45.0,180.0]}},"elements":[{"from":[6.5,1.0,6.0],"to":[9.5,8.0,10.0],"faces":{"east":{"uv":[3.25,7.0,2.25,8.75],"texture":"#0","tintindex":0},"south":{"uv":[0.75,7.5,0.0,9.25],"texture":"#0","tintindex":0},"north":{"uv":[8.0,4.5,7.25,6.25],"texture":"#0","tintindex":0},"west":{"uv":[8.0,1.5,7.0,3.25],"texture":"#0","tintindex":0},"up":{"uv":[8.0,5.5,8.75,4.5],"texture":"#0","tintindex":0},"down":{"uv":[8.0,5.5,8.75,6.5],"texture":"#0","tintindex":0}}}],"textures":{"0":"modelengine:1f8f5cdf-f133-4c67-a14c-1788156a30d7","particle":"#0"}}