{"display":{"gui":{"rotation":[-150.0,-45.0,180.0]}},"elements":[{"from":[6.25,6.5,6.5],"to":[9.75,8.0,8.0],"faces":{"east":{"uv":[3.25,6.5,3.5,7.0],"texture":"#0","tintindex":0},"south":{"uv":[10.25,6.5,11.0,7.0],"texture":"#0","tintindex":0},"north":{"uv":[9.5,6.5,10.25,7.0],"texture":"#0","tintindex":0},"west":{"uv":[3.5,6.5,3.75,7.0],"texture":"#0","tintindex":0},"up":{"uv":[11.5,6.5,10.75,6.25],"texture":"#0","tintindex":0},"down":{"uv":[7.75,10.75,7.0,11.0],"texture":"#0","tintindex":0}}}],"textures":{"0":"modelengine:54c4116a-9238-4a5b-abd1-a4bdc7c95939","particle":"#0"}}