{"display":{"gui":{"rotation":[-150.0,-45.0,180.0]}},"elements":[{"from":[6.25,6.5,6.5],"to":[9.75,8.0,8.0],"faces":{"east":{"uv":[3.75,6.5,3.5,7.0],"texture":"#0","tintindex":0},"south":{"uv":[11.0,6.5,10.25,7.0],"texture":"#0","tintindex":0},"north":{"uv":[10.25,6.5,9.5,7.0],"texture":"#0","tintindex":0},"west":{"uv":[3.5,6.5,3.25,7.0],"texture":"#0","tintindex":0},"up":{"uv":[10.75,6.5,11.5,6.25],"texture":"#0","tintindex":0},"down":{"uv":[7.0,10.75,7.75,11.0],"texture":"#0","tintindex":0}}}],"textures":{"0":"modelengine:67c0b8bf-1883-4e16-b2ab-8387fd647093","particle":"#0"}}