{"display":{"gui":{"rotation":[-150.0,-45.0,180.0]}},"elements":[{"from":[8.0,8.0,8.0],"to":[14.0,9.0,8.0],"faces":{"east":{"uv":[16.0,15.75,15.75,16.0],"texture":"#0","tintindex":0},"south":{"uv":[11.5,8.25,13.0,8.5],"texture":"#0","tintindex":0},"north":{"uv":[13.0,8.25,11.5,8.5],"texture":"#0","tintindex":0},"west":{"uv":[16.0,15.75,15.75,16.0],"texture":"#0","tintindex":0},"up":{"uv":[16.0,15.75,15.75,16.0],"texture":"#0","tintindex":0},"down":{"uv":[16.0,15.75,15.75,16.0],"texture":"#0","tintindex":0}}}],"textures":{"0":"modelengine:67c0b8bf-1883-4e16-b2ab-8387fd647093","particle":"#0"}}