{"display":{"gui":{"rotation":[-150.0,-45.0,180.0]}},"elements":[{"from":[8.0,-4.5,6.75],"to":[10.5,9.5,9.25],"faces":{"east":{"uv":[5.0,0.0,6.25,7.0],"texture":"#0","tintindex":0},"south":{"uv":[6.25,0.0,7.5,7.0],"texture":"#0","tintindex":0},"north":{"uv":[3.75,0.0,5.0,7.0],"texture":"#0","tintindex":0},"west":{"uv":[0.0,6.5,1.25,13.5],"texture":"#0","tintindex":0},"up":{"uv":[10.75,6.5,9.5,5.25],"texture":"#0","tintindex":0},"down":{"uv":[10.25,10.5,9.0,11.75],"texture":"#0","tintindex":0}}}],"textures":{"0":"modelengine:3803a507-0a6a-4219-bc8c-f699f1540b99","particle":"#0"}}