{"display":{"gui":{"rotation":[-150.0,-45.0,180.0]}},"elements":[{"from":[10.0,3.0,8.75],"to":[26.0,13.0,8.75],"rotation":{"origin":[13.0,8.0,8.75],"x":0.0,"y":0.0,"z":45.0},"faces":{"south":{"uv":[4.0,13.5,0.0,16.0],"texture":"#2","tintindex":0},"north":{"uv":[0.0,13.5,4.0,16.0],"texture":"#2","tintindex":0}}},{"from":[-10.0,3.0,8.75],"to":[6.0,13.0,8.75],"rotation":{"origin":[3.0,8.0,8.75],"x":0.0,"y":0.0,"z":-45.0},"faces":{"south":{"uv":[0.0,13.5,4.0,16.0],"texture":"#2","tintindex":0},"north":{"uv":[4.0,13.5,0.0,16.0],"texture":"#2","tintindex":0}}}],"textures":{"2":"modelengine:0906e695-32dc-47b6-896a-50a1cca18d55","particle":"#2"}}