{"display":{"gui":{"rotation":[-150.0,-45.0,180.0]}},"elements":[{"from":[3.75,7.75,8.0],"to":[8.75,9.75,8.0],"rotation":{"origin":[7.75,8.75,8.0],"x":0.0,"y":0.0,"z":-22.5},"faces":{"south":{"uv":[4.5,8.0,5.75,8.5],"texture":"#0","tintindex":0},"north":{"uv":[5.75,8.0,4.5,8.5],"texture":"#0","tintindex":0}}},{"from":[-1.3588037,7.4434376,8.05],"to":[8.291196,11.193438,7.95],"faces":{"south":{"uv":[16.0,4.75,13.5,5.75],"texture":"#0","tintindex":0},"north":{"uv":[13.5,4.75,16.0,5.75],"texture":"#0","tintindex":0}}}],"textures":{"0":"modelengine:e9e171e8-3d81-4ec3-8be8-5576f80ee35f","particle":"#0"}}