{"display":{"gui":{"rotation":[-150.0,-45.0,180.0]}},"elements":[{"from":[7.75,4.0,7.5],"to":[9.75,8.0,8.5],"faces":{"east":{"uv":[1.25,8.25,1.5,9.25],"texture":"#0","tintindex":0},"south":{"uv":[0.75,8.25,1.25,9.25],"texture":"#0","tintindex":0},"north":{"uv":[8.0,8.0,8.5,9.0],"texture":"#0","tintindex":0},"west":{"uv":[1.5,8.25,1.75,9.25],"texture":"#0","tintindex":0},"up":{"uv":[5.25,3.75,4.75,3.5],"texture":"#0","tintindex":0},"down":{"uv":[5.25,3.75,4.75,4.0],"texture":"#0","tintindex":0}}}],"textures":{"0":"modelengine:d9a29c22-83db-423c-9973-9721ffbd605b","particle":"#0"}}