{"display":{"gui":{"rotation":[-150.0,-45.0,180.0]}},"elements":[{"from":[7.708804,7.4434376,8.05],"to":[17.358803,11.193438,7.95],"faces":{"south":{"uv":[13.5,4.75,16.0,5.75],"texture":"#0","tintindex":0},"north":{"uv":[16.0,4.75,13.5,5.75],"texture":"#0","tintindex":0}}},{"from":[7.25,7.75,8.0],"to":[12.25,9.75,8.0],"rotation":{"origin":[8.25,8.75,8.0],"x":0.0,"y":0.0,"z":22.5},"faces":{"south":{"uv":[5.75,8.0,4.5,8.5],"texture":"#0","tintindex":0},"north":{"uv":[4.5,8.0,5.75,8.5],"texture":"#0","tintindex":0}}}],"textures":{"0":"modelengine:e9e171e8-3d81-4ec3-8be8-5576f80ee35f","particle":"#0"}}