{"display":{"gui":{"rotation":[-150.0,-45.0,180.0]}},"elements":[{"from":[8.0,7.25,18.0],"to":[8.0,8.75,30.5],"faces":{"east":{"uv":[6.25,15.25,0.0,16.0],"texture":"#0","tintindex":0},"west":{"uv":[0.0,15.25,6.25,16.0],"texture":"#0","tintindex":0}}},{"from":[7.25,8.0,18.0],"to":[8.75,8.0,30.5],"faces":{"up":{"uv":[0.0,15.25,6.25,16.0],"texture":"#0","rotation":90,"tintindex":0},"down":{"uv":[6.25,15.25,0.0,16.0],"texture":"#0","rotation":90,"tintindex":0}}}],"textures":{"0":"modelengine:921ea498-9865-40b3-9805-1d5298c66057","particle":"#0"}}