{"display":{"gui":{"rotation":[-150.0,-45.0,180.0]}},"elements":[{"from":[5.5,2.0,8.0],"to":[10.5,8.0,11.0],"faces":{"east":{"uv":[5.75,7.75,6.5,9.25],"texture":"#0","tintindex":0},"south":{"uv":[6.75,0.0,8.0,1.5],"texture":"#0","tintindex":0},"north":{"uv":[5.75,6.25,7.0,7.75],"texture":"#0","tintindex":0},"west":{"uv":[6.5,7.75,7.25,9.25],"texture":"#0","tintindex":0},"up":{"uv":[9.25,2.25,8.0,1.5],"texture":"#0","tintindex":0},"down":{"uv":[9.25,2.25,8.0,3.0],"texture":"#0","tintindex":0}}}],"textures":{"0":"modelengine:1b808ad4-95b6-4560-9bfa-eded4ff7741a","particle":"#0"}}