{"display":{"gui":{"rotation":[-150.0,-45.0,180.0]}},"elements":[{"from":[-0.5,12.0,7.0],"to":[3.5,15.0,7.0],"rotation":{"origin":[3.5,12.0,7.0],"x":0.0,"y":0.0,"z":-22.5},"faces":{"south":{"uv":[8.0,7.25,9.0,8.0],"texture":"#0","tintindex":0},"north":{"uv":[9.0,7.25,8.0,8.0],"texture":"#0","tintindex":0}}},{"from":[3.5,8.0,6.0],"to":[12.5,14.0,10.0],"faces":{"east":{"uv":[3.25,7.0,4.25,8.5],"texture":"#0","tintindex":0},"south":{"uv":[0.0,6.0,2.25,7.5],"texture":"#0","tintindex":0},"north":{"uv":[4.75,2.0,7.0,3.5],"texture":"#0","tintindex":0},"west":{"uv":[7.0,6.25,8.0,7.75],"texture":"#0","tintindex":0},"up":{"uv":[4.5,7.0,2.25,6.0],"texture":"#0","tintindex":0},"down":{"uv":[8.25,3.5,6.0,4.5],"texture":"#0","tintindex":0}}},{"from":[12.5,12.0,7.0],"to":[16.5,15.0,7.0],"rotation":{"origin":[12.5,12.0,7.0],"x":0.0,"y":0.0,"z":22.5},"faces":{"south":{"uv":[9.0,7.25,8.0,8.0],"texture":"#0","tintindex":0},"north":{"uv":[8.0,7.25,9.0,8.0],"texture":"#0","tintindex":0}}}],"textures":{"0":"modelengine:e409be0a-fb48-4bdf-9bc3-bc50643e4b6b","particle":"#0"}}