{"display":{"gui":{"rotation":[-150.0,-45.0,180.0]}},"elements":[{"from":[6.4,6.25,1.4000001],"to":[8.4,7.6499996,4.3999996],"rotation":{"origin":[8.0,6.6499996,8.8],"x":0.0,"y":0.0,"z":22.5},"faces":{"east":{"uv":[8.0625,7.625,8.25,7.6875],"texture":"#0","tintindex":0},"south":{"uv":[8.8125,5.75,8.9375,5.8125],"texture":"#0","tintindex":0},"north":{"uv":[5.75,8.8125,5.875,8.875],"texture":"#0","tintindex":0},"west":{"uv":[8.125,5.5,8.3125,5.5625],"texture":"#0","tintindex":0},"up":{"uv":[8.625,4.0,8.5,3.8125],"texture":"#0","tintindex":0},"down":{"uv":[4.0,8.5,3.875,8.6875],"texture":"#0","tintindex":0}}},{"from":[6.0,4.6499996,0.20000029],"to":[10.8,6.85,6.4],"faces":{"east":{"uv":[7.6875,5.6875,8.0625,5.8125],"texture":"#0","tintindex":0},"south":{"uv":[8.0,5.5625,8.3125,5.6875],"texture":"#0","tintindex":0},"north":{"uv":[7.9375,3.5,8.25,3.625],"texture":"#0","tintindex":0},"west":{"uv":[7.6875,6.9375,8.0625,7.0625],"texture":"#0","tintindex":0},"up":{"uv":[1.375,6.1875,1.0625,5.8125],"texture":"#0","tintindex":0},"down":{"uv":[2.3125,5.8125,2.0,6.1875],"texture":"#0","tintindex":0}}},{"from":[7.0,4.75,8.2],"to":[10.6,8.35,12.4],"rotation":{"origin":[12.8,6.1499996,11.8],"x":-22.5,"y":0.0,"z":0.0},"faces":{"east":{"uv":[2.75,7.375,3.0,7.625],"texture":"#0","tintindex":0},"south":{"uv":[7.375,2.9375,7.625,3.1875],"texture":"#0","tintindex":0},"north":{"uv":[7.375,0.375,7.625,0.625],"texture":"#0","tintindex":0},"west":{"uv":[3.0,7.375,3.25,7.625],"texture":"#0","tintindex":0},"up":{"uv":[7.625,3.4375,7.375,3.1875],"texture":"#0","tintindex":0},"down":{"uv":[3.5,7.375,3.25,7.625],"texture":"#0","tintindex":0}}},{"from":[5.4,4.45,5.8],"to":[6.6000004,10.25,7.6],"rotation":{"origin":[8.0,6.6499996,7.8],"x":22.5,"y":0.0,"z":0.0},"faces":{"east":{"uv":[7.6875,4.9375,7.8125,5.3125],"texture":"#0","tintindex":0},"south":{"uv":[1.25,8.375,1.3125,8.75],"texture":"#0","tintindex":0},"north":{"uv":[4.1875,5.8125,4.25,6.1875],"texture":"#0","tintindex":0},"west":{"uv":[7.6875,5.3125,7.8125,5.6875],"texture":"#0","tintindex":0},"up":{"uv":[4.75,8.9375,4.6875,8.8125],"texture":"#0","tintindex":0},"down":{"uv":[5.625,8.8125,5.5625,8.9375],"texture":"#0","tintindex":0}}},{"from":[7.6000004,6.85,0.6000004],"to":[10.200001,8.45,4.3999996],"rotation":{"origin":[8.0,6.6499996,8.8],"x":0.0,"y":0.0,"z":-22.5},"faces":{"east":{"uv":[3.625,8.25,3.875,8.375],"texture":"#0","tintindex":0},"south":{"uv":[8.5,4.0,8.6875,4.125],"texture":"#0","tintindex":0},"north":{"uv":[4.0,8.5,4.1875,8.625],"texture":"#0","tintindex":0},"west":{"uv":[8.25,3.8125,8.5,3.9375],"texture":"#0","tintindex":0},"up":{"uv":[5.5625,7.9375,5.375,7.6875],"texture":"#0","tintindex":0},"down":{"uv":[6.9375,7.6875,6.75,7.9375],"texture":"#0","tintindex":0}}},{"from":[5.0,4.45,8.4],"to":[6.6000004,9.45,10.2],"faces":{"east":{"uv":[8.0,6.625,8.125,6.9375],"texture":"#0","tintindex":0},"south":{"uv":[0.0,8.0625,0.125,8.375],"texture":"#0","tintindex":0},"north":{"uv":[6.5625,8.0,6.6875,8.3125],"texture":"#0","tintindex":0},"west":{"uv":[0.125,8.0625,0.25,8.375],"texture":"#0","tintindex":0},"up":{"uv":[8.8125,6.0,8.6875,5.875],"texture":"#0","tintindex":0},"down":{"uv":[8.8125,6.0,8.6875,6.125],"texture":"#0","tintindex":0}}},{"from":[7.2000003,5.05,-1.8000002],"to":[10.200001,6.85,1.8000002],"rotation":{"origin":[8.8,5.6499996,-0.8000002],"x":22.5,"y":0.0,"z":0.0},"faces":{"east":{"uv":[3.875,8.25,4.125,8.375],"texture":"#0","tintindex":0},"south":{"uv":[8.5,4.25,8.6875,4.375],"texture":"#0","tintindex":0},"north":{"uv":[8.5,4.125,8.6875,4.25],"texture":"#0","tintindex":0},"west":{"uv":[8.25,3.9375,8.5,4.0625],"texture":"#0","tintindex":0},"up":{"uv":[7.125,7.9375,6.9375,7.6875],"texture":"#0","tintindex":0},"down":{"uv":[7.875,7.4375,7.6875,7.6875],"texture":"#0","tintindex":0}}},{"from":[9.8,4.45,5.8],"to":[11.0,8.85,7.6],"rotation":{"origin":[8.0,6.6499996,7.8],"x":22.5,"y":0.0,"z":0.0},"faces":{"east":{"uv":[3.375,8.25,3.5,8.5],"texture":"#0","tintindex":0},"south":{"uv":[7.75,8.5625,7.8125,8.8125],"texture":"#0","tintindex":0},"north":{"uv":[7.5625,0.0,7.625,0.25],"texture":"#0","tintindex":0},"west":{"uv":[3.5,8.25,3.625,8.5],"texture":"#0","tintindex":0},"up":{"uv":[5.6875,8.9375,5.625,8.8125],"texture":"#0","tintindex":0},"down":{"uv":[5.75,8.8125,5.6875,8.9375],"texture":"#0","tintindex":0}}},{"from":[6.6000004,4.45,4.3999996],"to":[10.0,8.85,11.2],"faces":{"east":{"uv":[6.125,4.5625,6.5625,4.8125],"texture":"#0","tintindex":0},"south":{"uv":[4.9375,7.6875,5.125,7.9375],"texture":"#0","tintindex":0},"north":{"uv":[7.6875,2.25,7.875,2.5],"texture":"#0","tintindex":0},"west":{"uv":[6.1875,0.0,6.625,0.25],"texture":"#0","tintindex":0},"up":{"uv":[4.3125,7.3125,4.125,6.875],"texture":"#0","tintindex":0},"down":{"uv":[4.5,6.875,4.3125,7.3125],"texture":"#0","tintindex":0}}}],"textures":{"0":"modelengine:215bef5f-a975-4954-97f8-38efafcc9368","particle":"#0"}}