{"display":{"gui":{"rotation":[-150.0,-45.0,180.0]}},"elements":[{"from":[5.2284274,1.2902031,5.6],"to":[9.028427,3.290203,7.8],"rotation":{"origin":[7.200001,2.25,6.4],"x":0.0,"y":0.0,"z":-22.5},"faces":{"east":{"uv":[8.75,4.625,8.875,4.75],"texture":"#0","tintindex":0},"south":{"uv":[8.0625,8.3125,8.3125,8.4375],"texture":"#0","tintindex":0},"north":{"uv":[8.3125,7.8125,8.5625,7.9375],"texture":"#0","tintindex":0},"west":{"uv":[8.75,4.75,8.875,4.875],"texture":"#0","tintindex":0},"up":{"uv":[8.5625,8.4375,8.3125,8.3125],"texture":"#0","tintindex":0},"down":{"uv":[0.25,8.375,0.0,8.5],"texture":"#0","tintindex":0}}},{"from":[4.6000004,7.6499996,6.2],"to":[8.400001,9.85,8.4],"rotation":{"origin":[9.6,7.050001,8.0],"x":0.0,"y":0.0,"z":45.0},"faces":{"east":{"uv":[8.75,3.6875,8.875,3.8125],"texture":"#0","tintindex":0},"south":{"uv":[6.4375,8.3125,6.6875,8.4375],"texture":"#0","tintindex":0},"north":{"uv":[8.3125,6.3125,8.5625,6.4375],"texture":"#0","tintindex":0},"west":{"uv":[8.75,3.8125,8.875,3.9375],"texture":"#0","tintindex":0},"up":{"uv":[8.5625,6.6875,8.3125,6.5625],"texture":"#0","tintindex":0},"down":{"uv":[8.5625,6.6875,8.3125,6.8125],"texture":"#0","tintindex":0}}},{"from":[6.988226,6.5872593,5.4],"to":[8.988226,9.787258,7.6],"rotation":{"origin":[3.2000003,3.8500004,6.4],"x":0.0,"y":0.0,"z":-45.0},"faces":{"east":{"uv":[2.125,8.625,2.25,8.8125],"texture":"#0","tintindex":0},"south":{"uv":[8.625,2.8125,8.75,3.0],"texture":"#0","tintindex":0},"north":{"uv":[1.3125,8.625,1.4375,8.8125],"texture":"#0","tintindex":0},"west":{"uv":[8.625,3.0,8.75,3.1875],"texture":"#0","tintindex":0},"up":{"uv":[4.5625,8.875,4.4375,8.75],"texture":"#0","tintindex":0},"down":{"uv":[8.875,4.5,8.75,4.625],"texture":"#0","tintindex":0}}},{"from":[8.8,3.8500004,5.8],"to":[11.200001,9.450001,11.2],"rotation":{"origin":[9.6,7.050001,8.0],"x":0.0,"y":0.0,"z":22.5},"faces":{"east":{"uv":[6.125,3.0625,6.4375,3.4375],"texture":"#0","tintindex":0},"south":{"uv":[1.6875,7.875,1.8125,8.25],"texture":"#0","tintindex":0},"north":{"uv":[7.5625,7.8125,7.6875,8.1875],"texture":"#0","tintindex":0},"west":{"uv":[6.125,3.9375,6.4375,4.3125],"texture":"#0","tintindex":0},"up":{"uv":[2.375,8.375,2.25,8.0625],"texture":"#0","tintindex":0},"down":{"uv":[2.5,8.0625,2.375,8.375],"texture":"#0","tintindex":0}}},{"from":[5.4284277,1.6902027,9.6],"to":[9.228428,3.6902027,11.8],"rotation":{"origin":[7.200001,2.25,11.0],"x":0.0,"y":0.0,"z":-45.0},"faces":{"east":{"uv":[4.9375,8.75,5.0625,8.875],"texture":"#0","tintindex":0},"south":{"uv":[8.375,0.125,8.625,0.25],"texture":"#0","tintindex":0},"north":{"uv":[8.375,0.0,8.625,0.125],"texture":"#0","tintindex":0},"west":{"uv":[8.75,5.0,8.875,5.125],"texture":"#0","tintindex":0},"up":{"uv":[0.5,8.5,0.25,8.375],"texture":"#0","tintindex":0},"down":{"uv":[8.625,0.375,8.375,0.5],"texture":"#0","tintindex":0}}},{"from":[5.4000006,5.8500004,7.2],"to":[8.8,9.450001,11.2],"rotation":{"origin":[9.6,7.050001,8.0],"x":0.0,"y":0.0,"z":22.5},"faces":{"east":{"uv":[0.125,7.4375,0.375,7.6875],"texture":"#0","tintindex":0},"south":{"uv":[7.875,3.875,8.0625,4.125],"texture":"#0","tintindex":0},"north":{"uv":[7.875,3.125,8.0625,3.375],"texture":"#0","tintindex":0},"west":{"uv":[0.375,7.4375,0.625,7.6875],"texture":"#0","tintindex":0},"up":{"uv":[5.75,8.125,5.5625,7.875],"texture":"#0","tintindex":0},"down":{"uv":[6.0625,7.875,5.875,8.125],"texture":"#0","tintindex":0}}},{"from":[6.988226,6.5872593,10.0],"to":[8.988226,9.787258,12.2],"rotation":{"origin":[3.2000003,3.8500004,11.0],"x":0.0,"y":0.0,"z":-45.0},"faces":{"east":{"uv":[4.0,8.625,4.125,8.8125],"texture":"#0","tintindex":0},"south":{"uv":[8.625,4.5625,8.75,4.75],"texture":"#0","tintindex":0},"north":{"uv":[8.625,3.8125,8.75,4.0],"texture":"#0","tintindex":0},"west":{"uv":[4.625,8.625,4.75,8.8125],"texture":"#0","tintindex":0},"up":{"uv":[4.9375,8.875,4.8125,8.75],"texture":"#0","tintindex":0},"down":{"uv":[8.875,4.875,8.75,5.0],"texture":"#0","tintindex":0}}},{"from":[3.1882253,4.987259,6.6],"to":[6.988226,7.187258,8.8],"rotation":{"origin":[3.2000003,3.8500004,8.0],"x":0.0,"y":0.0,"z":-45.0},"faces":{"east":{"uv":[4.1875,8.75,4.3125,8.875],"texture":"#0","tintindex":0},"south":{"uv":[8.3125,7.3125,8.5625,7.4375],"texture":"#0","tintindex":0},"north":{"uv":[8.3125,7.0625,8.5625,7.1875],"texture":"#0","tintindex":0},"west":{"uv":[4.3125,8.75,4.4375,8.875],"texture":"#0","tintindex":0},"up":{"uv":[7.75,8.4375,7.5,8.3125],"texture":"#0","tintindex":0},"down":{"uv":[8.5625,7.6875,8.3125,7.8125],"texture":"#0","tintindex":0}}}],"textures":{"0":"modelengine:215bef5f-a975-4954-97f8-38efafcc9368","particle":"#0"}}