{"display":{"thirdperson_righthand":{"rotation":[40.5,0.0,0.0],"translation":[0.0,1.5,-1.5],"scale":[0.4,0.4,0.4]},"thirdperson_lefthand":{"rotation":[40.5,0.0,0.0],"translation":[0.0,1.5,-1.5],"scale":[0.4,0.4,0.4]},"firstperson_righthand":{"rotation":[0.0,117.0,0.0],"translation":[2.25,2.75,0.0],"scale":[0.36,0.36,0.36]},"firstperson_lefthand":{"rotation":[0.0,117.0,0.0],"translation":[2.25,2.75,0.0],"scale":[0.36,0.36,0.36]},"ground":{"translation":[0.0,1.25,0.0],"scale":[0.3,0.3,0.3]},"gui":{"rotation":[11.75,158.0,0.0],"translation":[0.0,-1.25,0.0],"scale":[0.66,0.66,0.66]},"head":{"scale":[0.0,0.0,0.0]},"fixed":{"rotation":[-90.0,0.0,0.0],"translation":[0.0,0.0,-16.0],"scale":[2.0,2.0,2.0]}},"elements":[{"from":[0.0,4.0,0.0],"to":[16.0,6.0,16.0],"rotation":{"origin":[16.0,4.0,0.0],"x":0.0,"y":0.0,"z":0.0},"faces":{"north":{"uv":[5.25,11.25,9.25,11.75],"texture":"#2"},"east":{"uv":[9.25,11.25,13.25,11.75],"texture":"#2"},"south":{"uv":[11.5,6.25,15.5,6.75],"texture":"#2"},"west":{"uv":[11.5,6.75,15.5,7.25],"texture":"#2"},"up":{"uv":[4.0,4.0,0.0,0.0],"texture":"#2"},"down":{"uv":[4.0,4.0,0.0,8.0],"texture":"#2"}}},{"from":[0.0,1.0,1.5],"to":[15.0,4.0,2.5],"rotation":{"origin":[42.0,0.0,1.5],"x":0.0,"y":0.0,"z":0.0},"faces":{"north":{"uv":[8.0,3.25,11.75,4.0],"texture":"#2"},"east":{"uv":[3.75,8.0,4.0,8.75],"texture":"#2"},"south":{"uv":[8.0,4.0,11.75,4.75],"texture":"#2"},"west":{"uv":[3.75,8.75,4.0,9.5],"texture":"#2"},"up":{"uv":[15.5,4.0,11.75,3.75],"texture":"#2"},"down":{"uv":[15.5,4.0,11.75,4.25],"texture":"#2"}}},{"from":[0.0,1.0,14.5],"to":[15.0,4.0,15.5],"rotation":{"origin":[42.0,0.0,14.5],"x":0.0,"y":0.0,"z":0.0},"faces":{"north":{"uv":[8.0,4.75,11.75,5.5],"texture":"#2"},"east":{"uv":[2.75,12.25,3.0,13.0],"texture":"#2"},"south":{"uv":[8.0,5.5,11.75,6.25],"texture":"#2"},"west":{"uv":[3.0,12.25,3.25,13.0],"texture":"#2"},"up":{"uv":[15.5,4.5,11.75,4.25],"texture":"#2"},"down":{"uv":[15.5,4.5,11.75,4.75],"texture":"#2"}}},{"from":[0.0,6.0,14.0],"to":[16.0,19.0,16.0],"rotation":{"origin":[44.0,5.0,14.0],"x":0.0,"y":0.0,"z":0.0},"faces":{"north":{"uv":[4.0,0.0,8.0,3.25],"texture":"#2"},"east":{"uv":[0.0,11.75,0.5,15.0],"texture":"#2"},"south":{"uv":[4.0,3.25,8.0,6.5],"texture":"#2"},"west":{"uv":[11.75,0.0,12.25,3.25],"texture":"#2"},"up":{"uv":[15.5,7.75,11.5,7.25],"texture":"#2"},"down":{"uv":[15.5,7.75,11.5,8.25],"texture":"#2"}}},{"from":[0.0,6.0,1.0],"to":[15.0,8.0,14.0],"rotation":{"origin":[15.0,6.0,1.0],"x":0.0,"y":0.0,"z":0.0},"faces":{"north":{"uv":[0.0,11.25,3.75,11.75],"texture":"#2","tintindex":0},"east":{"uv":[0.5,11.75,3.75,12.25],"texture":"#2","tintindex":0},"south":{"uv":[11.5,8.25,15.25,8.75],"texture":"#2","tintindex":0},"west":{"uv":[11.75,3.25,15.0,3.75],"texture":"#2","tintindex":0},"up":{"uv":[7.75,9.75,4.0,6.5],"texture":"#2","tintindex":0},"down":{"uv":[11.5,6.5,7.75,9.75],"texture":"#2","tintindex":0}}},{"from":[0.0,5.0,13.0],"to":[15.0,18.0,14.0],"rotation":{"origin":[44.0,5.0,13.0],"x":0.0,"y":0.0,"z":0.0},"faces":{"north":{"uv":[0.0,8.0,3.75,11.25],"texture":"#2","tintindex":0},"east":{"uv":[5.25,11.75,5.5,15.0],"texture":"#2","tintindex":0},"south":{"uv":[8.0,0.0,11.75,3.25],"texture":"#2","tintindex":0},"west":{"uv":[5.5,11.75,5.75,15.0],"texture":"#2","tintindex":0},"up":{"uv":[15.5,5.0,11.75,4.75],"texture":"#2","tintindex":0},"down":{"uv":[15.5,5.0,11.75,5.25],"texture":"#2","tintindex":0}}},{"from":[14.0,0.0,14.0],"to":[16.0,4.0,16.0],"rotation":{"origin":[16.0,0.0,14.0],"x":0.0,"y":0.0,"z":0.0},"faces":{"north":{"uv":[11.75,5.25,12.25,6.25],"texture":"#2"},"east":{"uv":[7.25,11.75,7.75,12.75],"texture":"#2"},"south":{"uv":[7.75,11.75,8.25,12.75],"texture":"#2"},"west":{"uv":[8.25,11.75,8.75,12.75],"texture":"#2"},"up":{"uv":[1.75,12.75,1.25,12.25],"texture":"#2"},"down":{"uv":[12.75,1.25,12.25,1.75],"texture":"#2"}}},{"from":[14.0,0.0,1.0],"to":[16.0,4.0,3.0],"rotation":{"origin":[16.0,0.0,1.0],"x":0.0,"y":0.0,"z":0.0},"faces":{"north":{"uv":[8.75,11.75,9.25,12.75],"texture":"#2"},"east":{"uv":[9.25,11.75,9.75,12.75],"texture":"#2"},"south":{"uv":[9.75,11.75,10.25,12.75],"texture":"#2"},"west":{"uv":[10.25,11.75,10.75,12.75],"texture":"#2"},"up":{"uv":[2.25,12.75,1.75,12.25],"texture":"#2"},"down":{"uv":[12.75,1.75,12.25,2.25],"texture":"#2"}}},{"from":[14.5,1.0,3.0],"to":[15.5,4.0,14.0],"rotation":{"origin":[16.5,0.0,11.0],"x":0.0,"y":0.0,"z":0.0},"faces":{"north":{"uv":[3.25,12.25,3.5,13.0],"texture":"#2"},"east":{"uv":[5.25,9.75,8.0,10.5],"texture":"#2"},"south":{"uv":[3.5,12.25,3.75,13.0],"texture":"#2"},"west":{"uv":[8.0,9.75,10.75,10.5],"texture":"#2"},"up":{"uv":[6.0,14.5,5.75,11.75],"texture":"#2"},"down":{"uv":[6.25,11.75,6.0,14.5],"texture":"#2"}}},{"from":[14.5,6.0,3.0],"to":[15.5,9.0,14.0],"rotation":{"origin":[14.5,6.0,3.0],"x":0.0,"y":0.0,"z":0.0},"faces":{"north":{"uv":[12.5,5.25,12.75,6.0],"texture":"#2"},"east":{"uv":[10.75,9.75,13.5,10.5],"texture":"#2"},"south":{"uv":[10.75,12.5,11.0,13.25],"texture":"#2"},"west":{"uv":[10.75,10.5,13.5,11.25],"texture":"#2"},"up":{"uv":[7.0,14.5,6.75,11.75],"texture":"#2"},"down":{"uv":[7.25,11.75,7.0,14.5],"texture":"#2"}}},{"from":[14.0,6.0,1.0],"to":[16.0,9.0,3.0],"rotation":{"origin":[14.0,6.0,1.0],"x":0.0,"y":0.0,"z":0.0},"faces":{"north":{"uv":[10.75,11.75,11.25,12.5],"texture":"#2"},"east":{"uv":[11.25,11.75,11.75,12.5],"texture":"#2"},"south":{"uv":[11.75,11.75,12.25,12.5],"texture":"#2"},"west":{"uv":[12.25,0.0,12.75,0.75],"texture":"#2"},"up":{"uv":[2.75,12.75,2.25,12.25],"texture":"#2"},"down":{"uv":[12.75,2.25,12.25,2.75],"texture":"#2"}}},{"from":[14.0,9.0,0.0],"to":[17.0,11.0,15.0],"rotation":{"origin":[14.0,10.0,1.0],"x":0.0,"y":0.0,"z":0.0},"faces":{"north":{"uv":[0.5,12.25,1.25,12.75],"texture":"#2"},"east":{"uv":[11.5,8.75,15.25,9.25],"texture":"#2"},"south":{"uv":[12.25,0.75,13.0,1.25],"texture":"#2"},"west":{"uv":[11.5,9.25,15.25,9.75],"texture":"#2"},"up":{"uv":[4.5,13.5,3.75,9.75],"texture":"#2"},"down":{"uv":[5.25,9.75,4.5,13.5],"texture":"#2"}}}],"textures":{"2":"nexo:fd5e02f4-79ac-453f-a121-de3a637f14da","particle":"nexo:fd5e02f4-79ac-453f-a121-de3a637f14da"},"gui_light":"front"}