{"display":{"thirdperson_righthand":{"rotation":[0.0,-90.0,0.0],"translation":[0.0,1.25,0.0]},"thirdperson_lefthand":{"rotation":[0.0,90.0,0.0],"translation":[0.0,1.25,0.0]},"firstperson_righthand":{"rotation":[0.0,-90.0,0.0],"translation":[2.5,3.0,0.0]},"firstperson_lefthand":{"rotation":[0.0,90.0,0.0],"translation":[2.5,3.0,0.0]},"ground":{"rotation":[45.0,0.0,0.0],"translation":[0.0,2.75,0.0],"scale":[0.7,0.7,0.7]},"gui":{"rotation":[0.0,0.0,-45.0],"translation":[-1.25,-1.75,0.0],"scale":[0.93,0.93,0.93]},"head":{"scale":[0.0,0.0,0.0]},"fixed":{"rotation":[0.0,0.0,45.0],"translation":[2.0,-2.0,-0.25],"scale":[1.29,1.29,1.29]}},"elements":[{"from":[7.0,0.0,7.5],"to":[9.0,14.0,8.5],"rotation":{"origin":[7.0,0.0,7.5],"x":0.0,"y":0.0,"z":0.0},"faces":{"north":{"uv":[0.0,0.0,1.0,7.0],"texture":"#1"},"east":{"uv":[2.0,0.0,2.5,7.0],"texture":"#1"},"south":{"uv":[1.0,0.0,2.0,7.0],"texture":"#1"},"west":{"uv":[2.5,0.0,3.0,7.0],"texture":"#1"},"up":{"uv":[8.0,4.0,7.0,3.5],"texture":"#1"},"down":{"uv":[8.0,4.0,7.0,4.5],"texture":"#1"}}},{"from":[6.5,7.0,7.0],"to":[9.5,8.0,9.0],"rotation":{"origin":[6.5,2.0,6.0],"x":0.0,"y":0.0,"z":0.0},"faces":{"north":{"uv":[6.5,6.0,8.0,6.5],"texture":"#1"},"east":{"uv":[7.0,4.5,8.0,5.0],"texture":"#1"},"south":{"uv":[3.5,7.0,5.0,7.5],"texture":"#1"},"west":{"uv":[7.5,0.0,8.5,0.5],"texture":"#1"},"up":{"uv":[7.0,2.5,5.5,1.5],"texture":"#1"},"down":{"uv":[7.5,2.5,6.0,3.5],"texture":"#1"}}},{"from":[6.85,1.5,7.35],"to":[9.15,6.5,8.65],"rotation":{"origin":[7.0,1.5,7.5],"x":0.0,"y":0.0,"z":0.0},"faces":{"north":{"uv":[4.5,0.0,5.5,2.5],"texture":"#1"},"east":{"uv":[7.0,0.0,7.5,2.5],"texture":"#1"},"south":{"uv":[5.0,2.5,6.0,5.0],"texture":"#1"},"west":{"uv":[1.0,7.0,1.5,9.5],"texture":"#1"},"up":{"uv":[8.5,1.0,7.5,0.5],"texture":"#1"},"down":{"uv":[8.5,1.0,7.5,1.5],"texture":"#1"}}},{"from":[8.78806,14.80866,8.0],"to":[11.78806,18.80866,8.0],"rotation":{"origin":[10.28806,16.80866,8.0],"x":0.0,"y":0.0,"z":-45.0},"faces":{"north":{"uv":[3.0,0.0,4.5,2.0],"texture":"#1"},"east":{"uv":[0.0,0.0,0.0,2.0],"texture":"#1"},"south":{"uv":[3.0,2.0,4.5,4.0],"texture":"#1"},"west":{"uv":[0.0,0.0,0.0,2.0],"texture":"#1"},"up":{"uv":[1.5,0.0,0.0,0.0],"texture":"#1"},"down":{"uv":[1.5,0.0,0.0,0.0],"texture":"#1"}}},{"from":[6.5,14.0,7.0],"to":[9.5,17.0,9.0],"rotation":{"origin":[8.0,15.5,8.0],"x":0.0,"y":0.0,"z":0.0},"faces":{"north":{"uv":[5.0,5.0,6.5,6.5],"texture":"#1"},"east":{"uv":[6.0,3.5,7.0,5.0],"texture":"#1"},"south":{"uv":[5.5,0.0,7.0,1.5],"texture":"#1"},"west":{"uv":[5.0,6.5,6.0,8.0],"texture":"#1"},"up":{"uv":[8.0,6.0,6.5,5.0],"texture":"#1"},"down":{"uv":[7.5,6.5,6.0,7.5],"texture":"#1"}}},{"from":[5.5,14.5,7.5],"to":[6.5,16.5,8.5],"rotation":{"origin":[4.5,13.5,7.5],"x":0.0,"y":0.0,"z":0.0},"faces":{"north":{"uv":[4.5,2.5,5.0,3.5],"texture":"#1"},"east":{"uv":[7.5,1.5,8.0,2.5],"texture":"#1"},"south":{"uv":[7.5,2.5,8.0,3.5],"texture":"#1"},"west":{"uv":[3.5,7.5,4.0,8.5],"texture":"#1"},"up":{"uv":[5.0,4.0,4.5,3.5],"texture":"#1"},"down":{"uv":[8.0,6.5,7.5,7.0],"texture":"#1"}}},{"from":[5.5,11.5,7.5],"to":[6.5,12.5,8.5],"rotation":{"origin":[4.5,10.5,7.5],"x":0.0,"y":0.0,"z":0.0},"faces":{"north":{"uv":[7.0,7.5,7.5,8.0],"texture":"#1"},"east":{"uv":[7.5,7.0,8.0,7.5],"texture":"#1"},"south":{"uv":[7.5,7.5,8.0,8.0],"texture":"#1"},"west":{"uv":[8.0,1.5,8.5,2.0],"texture":"#1"},"up":{"uv":[8.5,2.5,8.0,2.0],"texture":"#1"},"down":{"uv":[8.5,2.5,8.0,3.0],"texture":"#1"}}},{"from":[3.5,11.5,7.5],"to":[5.5,17.5,8.5],"rotation":{"origin":[3.5,13.5,7.5],"x":0.0,"y":0.0,"z":0.0},"faces":{"north":{"uv":[3.0,4.0,4.0,7.0],"texture":"#1"},"east":{"uv":[0.0,7.0,0.5,10.0],"texture":"#1"},"south":{"uv":[4.0,4.0,3.0,7.0],"texture":"#1"},"west":{"uv":[0.5,7.0,1.0,10.0],"texture":"#1"},"up":{"uv":[5.0,8.0,4.0,7.5],"texture":"#1"},"down":{"uv":[7.0,7.5,6.0,8.0],"texture":"#1"}}},{"from":[2.5,12.0,7.5],"to":[3.5,17.0,8.5],"rotation":{"origin":[2.5,14.0,7.5],"x":0.0,"y":0.0,"z":0.0},"faces":{"north":{"uv":[2.5,7.0,3.0,9.5],"texture":"#1"},"east":{"uv":[2.0,7.0,2.5,9.5],"texture":"#1"},"south":{"uv":[2.5,7.0,3.0,9.5],"texture":"#1"},"west":{"uv":[3.0,7.0,3.5,9.5],"texture":"#1"},"up":{"uv":[8.5,3.5,8.0,3.0],"texture":"#1"},"down":{"uv":[8.5,3.5,8.0,4.0],"texture":"#1"}}},{"from":[9.15,6.5,8.65],"to":[6.85,1.5,7.35],"rotation":{"origin":[7.0,1.5,7.5],"x":0.0,"y":0.0,"z":0.0},"faces":{"north":{"uv":[5.0,5.0,6.0,2.5],"texture":"#1"},"east":{"uv":[1.0,9.5,1.5,7.0],"texture":"#1"},"south":{"uv":[4.5,2.5,5.5,0.0],"texture":"#1"},"west":{"uv":[7.0,2.5,7.5,0.0],"texture":"#1"},"up":{"uv":[7.5,1.0,8.5,1.5],"texture":"#1"},"down":{"uv":[7.5,1.0,8.5,0.5],"texture":"#1"}}}],"textures":{"1":"nexo:d7b986af-5554-40b1-8896-16648a908cd6","particle":"nexo:d7b986af-5554-40b1-8896-16648a908cd6"},"gui_light":"front"}