{"display":{"gui":{"rotation":[-150.0,-45.0,180.0]}},"elements":[{"from":[4.0,4.0,1.9999981],"to":[12.0,13.0,8.0],"faces":{"east":{"uv":[6.75,2.125,7.5,3.25],"texture":"#0","tintindex":0},"south":{"uv":[6.0,1.0,7.0,2.125],"texture":"#0","tintindex":0},"north":{"uv":[5.625,5.875,6.625,7.0],"texture":"#0","tintindex":0},"west":{"uv":[1.5,6.875,2.25,8.0],"texture":"#0","tintindex":0},"up":{"uv":[8.25,0.75,7.25,0.0],"texture":"#0","tintindex":0},"down":{"uv":[7.375,7.375,6.375,8.125],"texture":"#0","tintindex":0}}},{"from":[1.0,5.0,2.0249996],"to":[4.0,7.0,2.0249996],"faces":{"south":{"uv":[1.375,2.5,1.75,2.75],"texture":"#0","tintindex":0},"north":{"uv":[1.75,2.5,1.375,2.75],"texture":"#0","tintindex":0}}},{"from":[11.0,1.8320799,-2.2241573],"to":[11.0,7.83208,3.7758427],"rotation":{"origin":[11.25,0.8320799,-3.7241573],"x":22.5,"y":0.0,"z":0.0},"faces":{"east":{"uv":[15.0,2.875,15.75,3.625],"texture":"#0","tintindex":0},"south":{"uv":[0.25,0.125,0.125,0.25],"texture":"#0","tintindex":0},"north":{"uv":[0.25,0.125,0.125,0.25],"texture":"#0","tintindex":0},"west":{"uv":[15.75,2.875,15.0,3.625],"texture":"#0","tintindex":0},"up":{"uv":[0.25,0.125,0.125,0.25],"texture":"#0","tintindex":0},"down":{"uv":[0.25,0.125,0.125,0.25],"texture":"#0","tintindex":0}}},{"from":[5.0,1.8320799,-2.2241573],"to":[5.0,7.83208,3.7758427],"rotation":{"origin":[4.75,0.8320799,-3.7241573],"x":22.5,"y":0.0,"z":0.0},"faces":{"east":{"uv":[15.0,2.875,15.75,3.625],"texture":"#0","tintindex":0},"south":{"uv":[0.125,0.125,0.25,0.25],"texture":"#0","tintindex":0},"north":{"uv":[0.125,0.125,0.25,0.25],"texture":"#0","tintindex":0},"west":{"uv":[15.75,2.875,15.0,3.625],"texture":"#0","tintindex":0},"up":{"uv":[0.125,0.125,0.25,0.25],"texture":"#0","tintindex":0},"down":{"uv":[0.125,0.125,0.25,0.25],"texture":"#0","tintindex":0}}},{"from":[12.0,5.0,2.0249996],"to":[15.0,7.0,2.0249996],"faces":{"south":{"uv":[1.75,2.5,1.375,2.75],"texture":"#0","tintindex":0},"north":{"uv":[1.375,2.5,1.75,2.75],"texture":"#0","tintindex":0}}}],"textures":{"0":"modelengine:27945bc2-4a2d-4010-8d6d-d2c576951adb","particle":"#0"}}