{"display":{"gui":{"rotation":[-150.0,-45.0,180.0]}},"elements":[{"from":[6.5,-6.5,7.0],"to":[9.5,10.5,12.0],"faces":{"east":{"uv":[0.75,4.625,1.375,6.75],"texture":"#0","tintindex":0},"south":{"uv":[2.625,6.875,3.0,9.0],"texture":"#0","tintindex":0},"north":{"uv":[2.25,6.875,2.625,9.0],"texture":"#0","tintindex":0},"west":{"uv":[1.375,4.625,2.0,6.75],"texture":"#0","tintindex":0},"up":{"uv":[5.875,8.625,5.5,8.0],"texture":"#0","tintindex":0},"down":{"uv":[8.375,5.75,8.0,6.375],"texture":"#0","tintindex":0}}}],"textures":{"0":"modelengine:403b863d-f53f-4424-aa0c-b1eb89e94484","particle":"#0"}}