{"display":{"gui":{"rotation":[-150.0,-45.0,180.0]}},"elements":[{"from":[7.5,-3.0,6.0],"to":[11.5,14.0,10.0],"faces":{"east":{"uv":[6.75,2.125,6.25,4.25],"texture":"#0","tintindex":0},"south":{"uv":[0.5,6.25,0.0,8.375],"texture":"#0","tintindex":0},"north":{"uv":[3.5,6.125,3.0,8.25],"texture":"#0","tintindex":0},"west":{"uv":[4.0,6.125,3.5,8.25],"texture":"#0","tintindex":0},"up":{"uv":[1.5,8.5,2.0,8.0],"texture":"#0","tintindex":0},"down":{"uv":[8.0,5.25,8.5,5.75],"texture":"#0","tintindex":0}}},{"from":[6.5,9.0,9.5],"to":[10.5,16.0,14.5],"rotation":{"origin":[10.5,8.5,9.5],"x":-22.5,"y":0.0,"z":0.0},"faces":{"east":{"uv":[8.125,1.75,7.5,2.625],"texture":"#0","tintindex":0},"south":{"uv":[8.0,6.25,7.5,7.125],"texture":"#0","tintindex":0},"north":{"uv":[8.0,5.375,7.5,6.25],"texture":"#0","tintindex":0},"west":{"uv":[8.0,7.375,7.375,8.25],"texture":"#0","tintindex":0},"up":{"uv":[7.625,4.0,8.125,3.375],"texture":"#0","tintindex":0},"down":{"uv":[7.875,0.75,8.375,1.375],"texture":"#0","tintindex":0}}}],"textures":{"0":"modelengine:27945bc2-4a2d-4010-8d6d-d2c576951adb","particle":"#0"}}