{"display":{"gui":{"rotation":[-150.0,-45.0,180.0]}},"elements":[{"from":[6.0,-4.0,5.0],"to":[10.0,11.0,11.0],"faces":{"east":{"uv":[5.25,3.875,4.5,5.75],"texture":"#0","tintindex":0},"south":{"uv":[1.5,6.75,1.0,8.625],"texture":"#0","tintindex":0},"north":{"uv":[1.0,6.75,0.5,8.625],"texture":"#0","tintindex":0},"west":{"uv":[0.75,4.375,0.0,6.25],"texture":"#0","tintindex":0},"up":{"uv":[4.625,3.875,5.125,3.125],"texture":"#0","tintindex":0},"down":{"uv":[7.625,2.625,8.125,3.375],"texture":"#0","tintindex":0}}}],"textures":{"0":"modelengine:3b1c45ed-9272-4afc-b513-acff4a0b2ebc","particle":"#0"}}