{"display":{"gui":{"rotation":[-150.0,-45.0,180.0]}},"elements":[{"from":[5.0,4.30581,-1.097826],"to":[11.0,12.305811,10.902174],"faces":{"east":{"uv":[3.0,3.875,4.5,4.875],"texture":"#0","tintindex":0},"south":{"uv":[4.375,7.25,5.125,8.25],"texture":"#0","tintindex":0},"north":{"uv":[5.625,7.0,6.375,8.0],"texture":"#0","tintindex":0},"west":{"uv":[4.5,1.125,6.0,2.125],"texture":"#0","tintindex":0},"up":{"uv":[6.375,5.875,5.625,4.375],"texture":"#0","tintindex":0},"down":{"uv":[5.125,5.75,4.375,7.25],"texture":"#0","tintindex":0}}}],"textures":{"0":"modelengine:403b863d-f53f-4424-aa0c-b1eb89e94484","particle":"#0"}}