{"display":{"gui":{"rotation":[-150.0,-45.0,180.0]}},"elements":[{"from":[7.0,-1.000001,-7.0],"to":[15.0,9.0,8.0],"faces":{"east":{"uv":[14.125,0.0,16.0,1.25],"texture":"#0","tintindex":0},"south":{"uv":[5.25,3.125,6.25,4.375],"texture":"#0","tintindex":0},"north":{"uv":[3.0,4.875,4.0,6.125],"texture":"#0","tintindex":0},"west":{"uv":[11.875,0.0,13.75,1.25],"texture":"#0","tintindex":0},"up":{"uv":[1.0,4.375,0.0,2.5],"texture":"#0","tintindex":0},"down":{"uv":[2.0,2.75,1.0,4.625],"texture":"#0","tintindex":0}}}],"textures":{"0":"modelengine:403b863d-f53f-4424-aa0c-b1eb89e94484","particle":"#0"}}