{"display":{"gui":{"rotation":[-150.0,-45.0,180.0]}},"elements":[{"from":[3.5,8.0,8.0],"to":[12.5,11.0,8.0],"faces":{"east":{"uv":[8.5,15.875,8.375,16.0],"texture":"#0","tintindex":0},"south":{"uv":[8.875,15.125,7.75,15.5],"texture":"#0","tintindex":0},"north":{"uv":[8.875,15.125,7.75,15.5],"texture":"#0","tintindex":0},"west":{"uv":[8.5,15.875,8.375,16.0],"texture":"#0","tintindex":0},"up":{"uv":[8.375,16.0,8.5,15.875],"texture":"#0","tintindex":0},"down":{"uv":[8.375,16.0,8.5,15.875],"texture":"#0","tintindex":0}}}],"textures":{"0":"modelengine:151e84a6-f945-4422-9f14-baea4c3c26d7","particle":"#0"}}