{"display":{"gui":{"rotation":[-150.0,-45.0,180.0]}},"elements":[{"from":[2.5,2.0,8.0],"to":[13.5,8.0,8.0],"faces":{"east":{"uv":[8.375,15.875,8.5,16.0],"texture":"#0","tintindex":0},"south":{"uv":[7.625,14.25,9.0,15.0],"texture":"#0","tintindex":0},"north":{"uv":[7.625,14.25,9.0,15.0],"texture":"#0","tintindex":0},"west":{"uv":[8.375,15.875,8.5,16.0],"texture":"#0","tintindex":0},"up":{"uv":[8.375,15.875,8.5,16.0],"texture":"#0","tintindex":0},"down":{"uv":[8.375,15.875,8.5,16.0],"texture":"#0","tintindex":0}}}],"textures":{"0":"modelengine:151e84a6-f945-4422-9f14-baea4c3c26d7","particle":"#0"}}