{"display":{"gui":{"rotation":[-150.0,-45.0,180.0]}},"elements":[{"from":[7.0,7.0,2.0],"to":[9.0,9.0,14.0],"faces":{"east":{"uv":[8.5,8.625,7.0,8.875],"texture":"#0","tintindex":0},"south":{"uv":[7.75,8.875,7.5,9.125],"texture":"#0","tintindex":0},"north":{"uv":[9.125,7.25,8.875,7.5],"texture":"#0","tintindex":0},"west":{"uv":[10.125,4.125,8.625,4.375],"texture":"#0","tintindex":0},"up":{"uv":[8.5,10.125,8.75,8.625],"texture":"#0","tintindex":0},"down":{"uv":[0.0,8.75,0.25,10.25],"texture":"#0","tintindex":0}}}],"textures":{"0":"modelengine:422b0e09-f2ae-4f9e-8bde-6890244dbb0e","particle":"#0"}}