{"display":{"gui":{"rotation":[-150.0,-45.0,180.0]}},"elements":[{"from":[6.5,6.5,2.0],"to":[9.5,9.5,14.0],"faces":{"east":{"uv":[9.5,1.0,8.0,1.375],"texture":"#0","tintindex":0},"south":{"uv":[2.625,8.125,2.25,8.5],"texture":"#0","tintindex":0},"north":{"uv":[6.0,0.75,5.625,1.125],"texture":"#0","tintindex":0},"west":{"uv":[9.5,0.625,8.0,1.0],"texture":"#0","tintindex":0},"up":{"uv":[3.25,9.0,3.625,7.5],"texture":"#0","tintindex":0},"down":{"uv":[5.375,8.0,5.75,9.5],"texture":"#0","tintindex":0}}}],"textures":{"0":"modelengine:151e84a6-f945-4422-9f14-baea4c3c26d7","particle":"#0"}}