{"display":{"gui":{"rotation":[-150.0,-45.0,180.0]}},"elements":[{"from":[5.475,-9.025,4.475],"to":[10.525,8.025,11.525],"faces":{"east":{"uv":[4.375,0.0,3.5,2.125],"texture":"#0","tintindex":0},"south":{"uv":[2.75,6.0,2.125,8.125],"texture":"#0","tintindex":0},"north":{"uv":[2.125,6.0,1.5,8.125],"texture":"#0","tintindex":0},"west":{"uv":[4.125,2.875,3.25,5.0],"texture":"#0","tintindex":0},"up":{"uv":[3.625,9.25,4.25,8.375],"texture":"#0","tintindex":0},"down":{"uv":[4.25,8.375,4.875,9.25],"texture":"#0","tintindex":0}}}],"textures":{"0":"modelengine:ccaf3b84-6500-4929-af2e-f9098058bcb0","particle":"#0"}}