{"display":{"gui":{"rotation":[-150.0,-45.0,180.0]}},"elements":[{"from":[7.0,7.0,2.0],"to":[9.0,9.0,14.0],"faces":{"east":{"uv":[10.25,4.375,8.75,4.625],"texture":"#0","tintindex":0},"south":{"uv":[8.0,8.875,7.75,9.125],"texture":"#0","tintindex":0},"north":{"uv":[9.125,7.5,8.875,7.75],"texture":"#0","tintindex":0},"west":{"uv":[10.125,7.0,8.625,7.25],"texture":"#0","tintindex":0},"up":{"uv":[0.25,10.25,0.5,8.75],"texture":"#0","tintindex":0},"down":{"uv":[0.5,8.75,0.75,10.25],"texture":"#0","tintindex":0}}}],"textures":{"0":"modelengine:38cac502-4be4-46aa-8153-e0063154514c","particle":"#0"}}