{"display":{"gui":{"rotation":[-150.0,-45.0,180.0]}},"elements":[{"from":[12.5,10.0,9.5],"to":[12.5,18.0,10.5],"faces":{"east":{"uv":[3.125,10.875,3.25,11.25],"texture":"#0","tintindex":0},"south":{"uv":[3.125,10.875,3.25,11.25],"texture":"#0","tintindex":0},"north":{"uv":[3.125,10.875,3.25,11.25],"texture":"#0","tintindex":0},"west":{"uv":[3.125,10.875,3.25,11.25],"texture":"#0","tintindex":0},"up":{"uv":[3.125,10.875,3.25,11.25],"texture":"#0","tintindex":0},"down":{"uv":[3.125,10.875,3.25,11.25],"texture":"#0","tintindex":0}}},{"from":[3.5,8.0,8.0],"to":[3.5,21.0,9.0],"faces":{"east":{"uv":[3.25,10.875,3.125,11.25],"texture":"#0","tintindex":0},"south":{"uv":[3.25,10.875,3.125,11.25],"texture":"#0","tintindex":0},"north":{"uv":[3.25,10.875,3.125,11.25],"texture":"#0","tintindex":0},"west":{"uv":[3.25,10.875,3.125,11.25],"texture":"#0","tintindex":0},"up":{"uv":[3.25,10.875,3.125,11.25],"texture":"#0","tintindex":0},"down":{"uv":[3.25,10.875,3.125,11.25],"texture":"#0","tintindex":0}}},{"from":[12.5,8.0,8.0],"to":[12.5,21.0,9.0],"faces":{"east":{"uv":[3.125,10.875,3.25,11.25],"texture":"#0","tintindex":0},"south":{"uv":[3.125,10.875,3.25,11.25],"texture":"#0","tintindex":0},"north":{"uv":[3.125,10.875,3.25,11.25],"texture":"#0","tintindex":0},"west":{"uv":[3.125,10.875,3.25,11.25],"texture":"#0","tintindex":0},"up":{"uv":[3.125,10.875,3.25,11.25],"texture":"#0","tintindex":0},"down":{"uv":[3.125,10.875,3.25,11.25],"texture":"#0","tintindex":0}}},{"from":[3.5,10.0,9.5],"to":[3.5,18.0,10.5],"faces":{"east":{"uv":[3.25,10.875,3.125,11.25],"texture":"#0","tintindex":0},"south":{"uv":[3.25,10.875,3.125,11.25],"texture":"#0","tintindex":0},"north":{"uv":[3.25,10.875,3.125,11.25],"texture":"#0","tintindex":0},"west":{"uv":[3.25,10.875,3.125,11.25],"texture":"#0","tintindex":0},"up":{"uv":[3.25,10.875,3.125,11.25],"texture":"#0","tintindex":0},"down":{"uv":[3.25,10.875,3.125,11.25],"texture":"#0","tintindex":0}}}],"textures":{"0":"modelengine:ccaf3b84-6500-4929-af2e-f9098058bcb0","particle":"#0"}}