{"display":{"gui":{"rotation":[-150.0,-45.0,180.0]}},"elements":[{"from":[7.0,1.5,7.0],"to":[9.0,8.5,9.0],"faces":{"east":{"uv":[9.125,5.375,8.875,6.25],"texture":"#0","tintindex":0},"south":{"uv":[1.5,8.75,1.25,9.625],"texture":"#0","tintindex":0},"north":{"uv":[4.125,5.0,3.875,5.875],"texture":"#0","tintindex":0},"west":{"uv":[3.875,7.5,3.625,8.375],"texture":"#0","tintindex":0},"up":{"uv":[7.0,9.125,7.25,8.875],"texture":"#0","tintindex":0},"down":{"uv":[7.25,8.875,7.5,9.125],"texture":"#0","tintindex":0}}}],"textures":{"0":"modelengine:ccaf3b84-6500-4929-af2e-f9098058bcb0","particle":"#0"}}