{"display":{"gui":{"rotation":[-150.0,-45.0,180.0]}},"elements":[{"from":[5.475,-9.025,4.475],"to":[10.525,8.025,11.525],"faces":{"east":{"uv":[3.25,2.875,4.125,5.0],"texture":"#0","tintindex":0},"south":{"uv":[2.125,6.0,2.75,8.125],"texture":"#0","tintindex":0},"north":{"uv":[1.5,6.0,2.125,8.125],"texture":"#0","tintindex":0},"west":{"uv":[3.5,0.0,4.375,2.125],"texture":"#0","tintindex":0},"up":{"uv":[4.25,9.25,3.625,8.375],"texture":"#0","tintindex":0},"down":{"uv":[4.875,8.375,4.25,9.25],"texture":"#0","tintindex":0}}}],"textures":{"0":"modelengine:9566a6a1-741d-4213-ba48-c106e3fe29da","particle":"#0"}}