{"display":{"gui":{"rotation":[-150.0,-45.0,180.0]}},"elements":[{"from":[6.5,6.5,2.0],"to":[9.5,9.5,14.0],"faces":{"east":{"uv":[8.0,0.625,9.5,1.0],"texture":"#0","tintindex":0},"south":{"uv":[2.25,8.125,2.625,8.5],"texture":"#0","tintindex":0},"north":{"uv":[5.625,0.75,6.0,1.125],"texture":"#0","tintindex":0},"west":{"uv":[8.0,1.0,9.5,1.375],"texture":"#0","tintindex":0},"up":{"uv":[3.625,9.0,3.25,7.5],"texture":"#0","tintindex":0},"down":{"uv":[5.75,8.0,5.375,9.5],"texture":"#0","tintindex":0}}}],"textures":{"0":"modelengine:422b0e09-f2ae-4f9e-8bde-6890244dbb0e","particle":"#0"}}