{"display":{"gui":{"rotation":[-150.0,-45.0,180.0]}},"elements":[{"from":[7.0,7.0,2.0],"to":[9.0,9.0,14.0],"faces":{"east":{"uv":[8.625,7.0,10.125,7.25],"texture":"#0","tintindex":0},"south":{"uv":[7.75,8.875,8.0,9.125],"texture":"#0","tintindex":0},"north":{"uv":[8.875,7.5,9.125,7.75],"texture":"#0","tintindex":0},"west":{"uv":[8.75,4.375,10.25,4.625],"texture":"#0","tintindex":0},"up":{"uv":[0.5,10.25,0.25,8.75],"texture":"#0","tintindex":0},"down":{"uv":[0.75,8.75,0.5,10.25],"texture":"#0","tintindex":0}}}],"textures":{"0":"modelengine:97ef4168-e43a-4b7e-bf25-d6b1d2d09323","particle":"#0"}}