{"display":{"gui":{"rotation":[-150.0,-45.0,180.0]}},"elements":[{"from":[7.0,1.5,7.0],"to":[9.0,8.5,9.0],"faces":{"east":{"uv":[8.875,5.375,9.125,6.25],"texture":"#0","tintindex":0},"south":{"uv":[3.875,5.0,4.125,5.875],"texture":"#0","tintindex":0},"north":{"uv":[1.25,8.75,1.5,9.625],"texture":"#0","tintindex":0},"west":{"uv":[3.625,7.5,3.875,8.375],"texture":"#0","tintindex":0},"up":{"uv":[7.0,8.875,7.25,9.125],"texture":"#0","tintindex":0},"down":{"uv":[7.25,9.125,7.5,8.875],"texture":"#0","tintindex":0}}}],"textures":{"0":"modelengine:422b0e09-f2ae-4f9e-8bde-6890244dbb0e","particle":"#0"}}