{"display":{"gui":{"rotation":[-150.0,-45.0,180.0]}},"elements":[{"from":[1.3725,24.0014,6.5],"to":[14.627501,24.0014,9.5],"faces":{"east":{"uv":[3.125,13.75,3.5,14.125],"texture":"#0","rotation":180,"tintindex":0},"south":{"uv":[3.125,13.75,3.5,14.125],"texture":"#0","rotation":180,"tintindex":0},"north":{"uv":[3.125,13.75,3.5,14.125],"texture":"#0","rotation":180,"tintindex":0},"west":{"uv":[3.125,13.75,3.5,14.125],"texture":"#0","rotation":180,"tintindex":0},"up":{"uv":[3.5,13.75,3.875,14.125],"texture":"#0","rotation":180,"tintindex":0},"down":{"uv":[3.125,14.125,3.5,13.75],"texture":"#0","rotation":180,"tintindex":0}}},{"from":[24.0012,1.3727007,6.5],"to":[24.0012,14.627701,9.5],"faces":{"east":{"uv":[3.875,14.125,3.5,13.75],"texture":"#0","rotation":90,"tintindex":0},"south":{"uv":[3.125,13.75,3.5,14.125],"texture":"#0","rotation":90,"tintindex":0},"north":{"uv":[3.125,13.75,3.5,14.125],"texture":"#0","rotation":270,"tintindex":0},"west":{"uv":[3.125,13.75,3.5,14.125],"texture":"#0","rotation":90,"tintindex":0},"up":{"uv":[3.125,13.75,3.5,14.125],"texture":"#0","rotation":90,"tintindex":0},"down":{"uv":[3.125,13.75,3.5,14.125],"texture":"#0","rotation":90,"tintindex":0}}},{"from":[1.3725,-8.0,6.5],"to":[14.627501,-8.0,9.5],"faces":{"east":{"uv":[3.125,13.75,3.5,14.125],"texture":"#0","tintindex":0},"south":{"uv":[3.125,13.75,3.5,14.125],"texture":"#0","tintindex":0},"north":{"uv":[3.125,13.75,3.5,14.125],"texture":"#0","tintindex":0},"west":{"uv":[3.125,13.75,3.5,14.125],"texture":"#0","tintindex":0},"up":{"uv":[3.125,14.125,3.5,13.75],"texture":"#0","tintindex":0},"down":{"uv":[3.5,13.75,3.875,14.125],"texture":"#0","tintindex":0}}},{"from":[14.627914,-8.001413,6.5],"to":[14.627914,5.253586,9.5],"rotation":{"origin":[14.628914,-8.001413,6.5],"x":0.0,"y":0.0,"z":-45.0},"faces":{"east":{"uv":[3.5,14.125,3.875,13.75],"texture":"#0","rotation":90,"tintindex":0},"south":{"uv":[3.125,13.75,3.5,14.125],"texture":"#0","rotation":90,"tintindex":0},"north":{"uv":[3.125,13.75,3.5,14.125],"texture":"#0","rotation":270,"tintindex":0},"west":{"uv":[3.125,13.75,3.5,14.125],"texture":"#0","rotation":90,"tintindex":0},"up":{"uv":[3.125,13.75,3.5,14.125],"texture":"#0","rotation":90,"tintindex":0},"down":{"uv":[3.125,13.75,3.5,14.125],"texture":"#0","rotation":90,"tintindex":0}}},{"from":[1.3720856,10.747816,6.5],"to":[1.3720856,24.002815,9.5],"rotation":{"origin":[1.3710856,24.002815,6.5],"x":0.0,"y":0.0,"z":-45.0},"faces":{"east":{"uv":[3.125,13.75,3.5,14.125],"texture":"#0","rotation":270,"tintindex":0},"south":{"uv":[3.125,13.75,3.5,14.125],"texture":"#0","rotation":270,"tintindex":0},"north":{"uv":[3.125,13.75,3.5,14.125],"texture":"#0","rotation":90,"tintindex":0},"west":{"uv":[3.5,14.125,3.875,13.75],"texture":"#0","rotation":270,"tintindex":0},"up":{"uv":[3.125,13.75,3.5,14.125],"texture":"#0","rotation":270,"tintindex":0},"down":{"uv":[3.125,13.75,3.5,14.125],"texture":"#0","rotation":270,"tintindex":0}}},{"from":[14.627501,24.0014,6.5],"to":[27.8825,24.0014,9.5],"rotation":{"origin":[14.627501,24.0004,6.5],"x":0.0,"y":0.0,"z":-45.0},"faces":{"east":{"uv":[3.125,13.75,3.5,14.125],"texture":"#0","rotation":180,"tintindex":0},"south":{"uv":[3.125,13.75,3.5,14.125],"texture":"#0","rotation":180,"tintindex":0},"north":{"uv":[3.125,13.75,3.5,14.125],"texture":"#0","rotation":180,"tintindex":0},"west":{"uv":[3.125,13.75,3.5,14.125],"texture":"#0","rotation":180,"tintindex":0},"up":{"uv":[3.5,13.75,3.875,14.125],"texture":"#0","rotation":180,"tintindex":0},"down":{"uv":[3.125,14.125,3.5,13.75],"texture":"#0","rotation":180,"tintindex":0}}},{"from":[-8.0012,1.3737001,6.5],"to":[-8.0012,14.6287,9.5],"faces":{"east":{"uv":[3.125,13.75,3.5,14.125],"texture":"#0","rotation":270,"tintindex":0},"south":{"uv":[3.125,13.75,3.5,14.125],"texture":"#0","rotation":270,"tintindex":0},"north":{"uv":[3.125,13.75,3.5,14.125],"texture":"#0","rotation":90,"tintindex":0},"west":{"uv":[3.5,14.125,3.875,13.75],"texture":"#0","rotation":270,"tintindex":0},"up":{"uv":[3.125,13.75,3.5,14.125],"texture":"#0","rotation":270,"tintindex":0},"down":{"uv":[3.125,13.75,3.5,14.125],"texture":"#0","rotation":270,"tintindex":0}}},{"from":[-11.8825,-8.0,6.5],"to":[1.3725,-8.0,9.5],"rotation":{"origin":[1.3725,-7.9989996,6.5],"x":0.0,"y":0.0,"z":-45.0},"faces":{"east":{"uv":[3.125,13.75,3.5,14.125],"texture":"#0","tintindex":0},"south":{"uv":[3.125,13.75,3.5,14.125],"texture":"#0","tintindex":0},"north":{"uv":[3.125,13.75,3.5,14.125],"texture":"#0","tintindex":0},"west":{"uv":[3.125,13.75,3.5,14.125],"texture":"#0","tintindex":0},"up":{"uv":[3.125,14.125,3.5,13.75],"texture":"#0","tintindex":0},"down":{"uv":[3.5,13.75,3.875,14.125],"texture":"#0","tintindex":0}}}],"textures":{"0":"modelengine:422b0e09-f2ae-4f9e-8bde-6890244dbb0e","particle":"#0"}}