{"display":{"gui":{"rotation":[-150.0,-45.0,180.0]}},"elements":[{"from":[7.25,8.0,18.0],"to":[8.75,8.0,30.5],"faces":{"up":{"uv":[0.875,14.75,4.0,15.125],"texture":"#0","rotation":90,"tintindex":0},"down":{"uv":[4.0,14.75,0.875,15.125],"texture":"#0","rotation":90,"tintindex":0}}},{"from":[8.0,7.25,18.0],"to":[8.0,8.75,30.5],"faces":{"east":{"uv":[4.0,14.75,0.875,15.125],"texture":"#0","tintindex":0},"west":{"uv":[0.875,14.75,4.0,15.125],"texture":"#0","tintindex":0}}}],"textures":{"0":"modelengine:97ef4168-e43a-4b7e-bf25-d6b1d2d09323","particle":"#0"}}