{"display":{"gui":{"rotation":[-150.0,-45.0,180.0]}},"elements":[{"from":[4.0,7.0,5.5],"to":[12.0,19.0,10.5],"faces":{"east":{"uv":[7.25,5.0,7.875,6.5],"texture":"#0","tintindex":0},"south":{"uv":[3.875,5.875,4.875,7.375],"texture":"#0","tintindex":0},"north":{"uv":[5.375,5.5,6.375,7.0],"texture":"#0","tintindex":0},"west":{"uv":[7.375,0.0,8.0,1.5],"texture":"#0","tintindex":0},"up":{"uv":[8.875,8.0,7.875,7.375],"texture":"#0","tintindex":0},"down":{"uv":[9.0,0.0,8.0,0.625],"texture":"#0","tintindex":0}}},{"from":[1.0,7.0,8.0],"to":[4.0,13.0,8.0],"rotation":{"origin":[4.0,13.0,8.0],"x":0.0,"y":0.0,"z":22.5},"faces":{"south":{"uv":[9.25,3.125,8.875,3.875],"texture":"#0","tintindex":0},"north":{"uv":[8.875,3.125,9.25,3.875],"texture":"#0","tintindex":0}}},{"from":[7.0,7.0,10.5],"to":[9.0,19.0,12.5],"faces":{"east":{"uv":[6.25,8.625,6.5,10.125],"texture":"#0","tintindex":0},"south":{"uv":[6.5,8.625,6.75,10.125],"texture":"#0","tintindex":0},"north":{"uv":[6.0,8.625,6.25,10.125],"texture":"#0","tintindex":0},"west":{"uv":[6.75,8.625,7.0,10.125],"texture":"#0","tintindex":0},"up":{"uv":[7.25,2.75,7.0,2.5],"texture":"#0","tintindex":0},"down":{"uv":[9.125,3.875,8.875,4.125],"texture":"#0","tintindex":0}}},{"from":[12.0,7.0,8.0],"to":[15.0,13.0,8.0],"rotation":{"origin":[12.0,13.0,8.0],"x":0.0,"y":0.0,"z":-22.5},"faces":{"south":{"uv":[8.875,3.125,9.25,3.875],"texture":"#0","tintindex":0},"north":{"uv":[9.25,3.125,8.875,3.875],"texture":"#0","tintindex":0}}}],"textures":{"0":"modelengine:38cac502-4be4-46aa-8153-e0063154514c","particle":"#0"}}