{"display":{"gui":{"rotation":[-150.0,-45.0,180.0]}},"elements":[{"from":[-5.0,8.0,8.0],"to":[21.0,11.0,8.0],"faces":{"east":{"uv":[15.875,15.875,16.0,16.0],"texture":"#0","tintindex":0},"south":{"uv":[11.25,4.75,14.5,5.125],"texture":"#0","tintindex":0},"north":{"uv":[11.25,4.75,14.5,5.125],"texture":"#0","tintindex":0},"west":{"uv":[15.875,15.875,16.0,16.0],"texture":"#0","tintindex":0},"up":{"uv":[15.875,15.875,16.0,16.0],"texture":"#0","tintindex":0},"down":{"uv":[15.875,15.875,16.0,16.0],"texture":"#0","tintindex":0}}}],"textures":{"0":"modelengine:97ef4168-e43a-4b7e-bf25-d6b1d2d09323","particle":"#0"}}