{"display":{"gui":{"rotation":[-150.0,-45.0,180.0]}},"elements":[{"from":[4.0,8.0,8.0],"to":[4.0,22.0,18.0],"faces":{"east":{"uv":[13.0,9.0,11.75,7.25],"texture":"#0","tintindex":0},"south":{"uv":[15.875,16.0,16.0,15.875],"texture":"#0","tintindex":0},"north":{"uv":[15.875,16.0,16.0,15.875],"texture":"#0","tintindex":0},"west":{"uv":[11.75,9.0,13.0,7.25],"texture":"#0","tintindex":0},"up":{"uv":[15.875,15.875,16.0,16.0],"texture":"#0","tintindex":0},"down":{"uv":[15.875,15.875,16.0,16.0],"texture":"#0","tintindex":0}}},{"from":[12.0,8.0,8.0],"to":[12.0,22.0,18.0],"faces":{"east":{"uv":[13.0,9.0,11.75,7.25],"texture":"#0","tintindex":0},"south":{"uv":[15.875,16.0,16.0,15.875],"texture":"#0","tintindex":0},"north":{"uv":[15.875,16.0,16.0,15.875],"texture":"#0","tintindex":0},"west":{"uv":[11.75,9.0,13.0,7.25],"texture":"#0","tintindex":0},"up":{"uv":[15.875,15.875,16.0,16.0],"texture":"#0","tintindex":0},"down":{"uv":[15.875,15.875,16.0,16.0],"texture":"#0","tintindex":0}}},{"from":[4.0,8.0,8.0],"to":[12.0,22.0,8.0],"faces":{"east":{"uv":[15.875,16.0,16.0,15.875],"texture":"#0","tintindex":0},"south":{"uv":[12.875,16.0,11.875,14.25],"texture":"#0","tintindex":0},"north":{"uv":[12.875,16.0,11.875,14.25],"texture":"#0","tintindex":0},"west":{"uv":[15.875,16.0,16.0,15.875],"texture":"#0","tintindex":0},"up":{"uv":[15.875,15.875,16.0,16.0],"texture":"#0","tintindex":0},"down":{"uv":[15.875,15.875,16.0,16.0],"texture":"#0","tintindex":0}}}],"textures":{"0":"modelengine:38cac502-4be4-46aa-8153-e0063154514c","particle":"#0"}}