{"display":{"gui":{"rotation":[-150.0,-45.0,180.0]}},"elements":[{"from":[6.25,6.5,5.5],"to":[9.75,8.0,8.0],"faces":{"east":{"uv":[7.0,5.25,7.5,5.75],"texture":"#0","tintindex":0},"south":{"uv":[7.0,4.75,7.75,5.25],"texture":"#0","tintindex":0},"north":{"uv":[7.0,4.75,7.75,5.25],"texture":"#0","tintindex":0},"west":{"uv":[7.0,5.25,7.5,5.75],"texture":"#0","tintindex":0},"up":{"uv":[7.75,2.75,7.0,2.25],"texture":"#0","tintindex":0},"down":{"uv":[7.75,2.75,7.0,3.25],"texture":"#0","tintindex":0}}}],"textures":{"0":"modelengine:61c45a33-01e6-462a-a1a7-acb79fad985c","particle":"#0"}}