{"display":{"gui":{"rotation":[-150.0,-45.0,180.0]}},"elements":[{"from":[7.0,-4.0,7.0],"to":[9.0,8.0,9.0],"faces":{"east":{"uv":[7.0,5.0,6.5,8.0],"texture":"#0","tintindex":0},"south":{"uv":[7.0,2.0,6.5,5.0],"texture":"#0","tintindex":0},"north":{"uv":[6.5,5.0,6.0,8.0],"texture":"#0","tintindex":0},"west":{"uv":[6.0,6.0,5.5,9.0],"texture":"#0","tintindex":0},"up":{"uv":[7.0,4.25,7.5,3.75],"texture":"#0","tintindex":0},"down":{"uv":[7.0,4.25,7.5,4.75],"texture":"#0","tintindex":0}}}],"textures":{"0":"modelengine:1bf94a64-d0fa-4ff0-b561-dddb91033c27","particle":"#0"}}