{"display":{"gui":{"rotation":[-150.0,-45.0,180.0]}},"elements":[{"from":[7.0,-4.0,7.0],"to":[9.0,8.0,9.0],"faces":{"east":{"uv":[5.5,6.0,6.0,9.0],"texture":"#0","tintindex":0},"south":{"uv":[6.5,2.0,7.0,5.0],"texture":"#0","tintindex":0},"north":{"uv":[6.0,5.0,6.5,8.0],"texture":"#0","tintindex":0},"west":{"uv":[6.5,5.0,7.0,8.0],"texture":"#0","tintindex":0},"up":{"uv":[7.5,4.25,7.0,3.75],"texture":"#0","tintindex":0},"down":{"uv":[7.5,4.25,7.0,4.75],"texture":"#0","tintindex":0}}}],"textures":{"0":"modelengine:0dd0fa4c-3e8a-41eb-a0cc-125ad7812ae8","particle":"#0"}}