{"display":{"gui":{"rotation":[-150.0,-45.0,180.0]}},"elements":[{"from":[8.0,-3.0,7.0],"to":[10.0,9.0,9.0],"faces":{"east":{"uv":[4.0,6.0,4.5,9.0],"texture":"#0","tintindex":0},"south":{"uv":[4.5,6.0,5.0,9.0],"texture":"#0","tintindex":0},"north":{"uv":[6.0,2.0,6.5,5.0],"texture":"#0","tintindex":0},"west":{"uv":[5.0,6.0,5.5,9.0],"texture":"#0","tintindex":0},"up":{"uv":[2.0,7.5,1.5,7.0],"texture":"#0","tintindex":0},"down":{"uv":[7.5,3.25,7.0,3.75],"texture":"#0","tintindex":0}}}],"textures":{"0":"modelengine:ab8d89f1-df90-417d-a05c-8cb64db3ffe4","particle":"#0"}}