{"display":{"gui":{"rotation":[-150.0,-45.0,180.0]}},"elements":[{"from":[4.0,8.0,6.0],"to":[12.0,20.0,10.0],"faces":{"east":{"uv":[2.0,5.0,3.0,8.0],"texture":"#0","tintindex":0},"south":{"uv":[2.0,0.0,4.0,3.0],"texture":"#0","tintindex":0},"north":{"uv":[0.0,0.0,2.0,3.0],"texture":"#0","tintindex":0},"west":{"uv":[3.0,5.0,4.0,8.0],"texture":"#0","tintindex":0},"up":{"uv":[8.0,1.0,6.0,0.0],"texture":"#0","tintindex":0},"down":{"uv":[8.0,1.0,6.0,2.0],"texture":"#0","tintindex":0}}}],"textures":{"0":"modelengine:0dd0fa4c-3e8a-41eb-a0cc-125ad7812ae8","particle":"#0"}}