{"display":{"gui":{"rotation":[-150.0,-45.0,180.0]}},"elements":[{"from":[4.0,8.0,4.0],"to":[12.0,16.0,12.0],"faces":{"east":{"uv":[2.0,3.0,4.0,5.0],"texture":"#0","tintindex":0},"south":{"uv":[4.0,0.0,6.0,2.0],"texture":"#0","tintindex":0},"north":{"uv":[0.0,3.0,2.0,5.0],"texture":"#0","tintindex":0},"west":{"uv":[4.0,2.0,6.0,4.0],"texture":"#0","tintindex":0},"up":{"uv":[6.0,6.0,4.0,4.0],"texture":"#0","tintindex":0},"down":{"uv":[2.0,5.0,0.0,7.0],"texture":"#0","tintindex":0}}}],"textures":{"0":"modelengine:e5002fc3-d1c0-460e-9cf4-0079c4c7f459","particle":"#0"}}