{"display":{"gui":{"rotation":[-150.0,-45.0,180.0]}},"elements":[{"from":[8.0,-0.5,6.5],"to":[8.0,16.5,9.5],"faces":{"east":{"uv":[9.625,0.0,10.0,2.125],"texture":"#0","tintindex":0},"west":{"uv":[9.625,0.0,10.0,2.125],"texture":"#0","tintindex":0}}},{"from":[6.5,-0.5,8.0],"to":[9.5,16.5,8.0],"faces":{"south":{"uv":[9.625,0.0,10.0,2.125],"texture":"#0","tintindex":0},"north":{"uv":[9.625,0.0,10.0,2.125],"texture":"#0","tintindex":0}}}],"textures":{"0":"modelengine:ba842234-e268-40ab-90d9-310d9a8b3926","particle":"#0"}}