{"display":{"gui":{"rotation":[-150.0,-45.0,180.0]}},"elements":[{"from":[9.6,9.6,9.6],"to":[6.4,6.4,6.4],"faces":{"east":{"uv":[7.5,6.625,7.75,6.875],"texture":"#0","tintindex":0},"south":{"uv":[7.5,6.875,7.75,7.125],"texture":"#0","tintindex":0},"north":{"uv":[7.5,6.375,7.75,6.625],"texture":"#0","tintindex":0},"west":{"uv":[7.5,7.125,7.75,7.375],"texture":"#0","tintindex":0},"up":{"uv":[7.875,1.0,7.625,0.75],"texture":"#0","tintindex":0},"down":{"uv":[7.875,1.0,7.625,1.25],"texture":"#0","tintindex":0}}},{"from":[9.45,9.45,9.45],"to":[6.55,6.55,6.55],"faces":{"east":{"uv":[7.625,1.5,7.875,1.75],"texture":"#0","tintindex":0},"south":{"uv":[1.75,7.625,2.0,7.875],"texture":"#0","tintindex":0},"north":{"uv":[1.5,7.625,1.75,7.875],"texture":"#0","tintindex":0},"west":{"uv":[7.625,2.25,7.875,2.5],"texture":"#0","tintindex":0},"up":{"uv":[7.875,2.75,7.625,2.5],"texture":"#0","tintindex":0},"down":{"uv":[7.875,2.75,7.625,3.0],"texture":"#0","tintindex":0}}}],"textures":{"0":"modelengine:d06827b2-f9bb-4ff8-8b9b-0d78a82e6c16","particle":"#0"}}