{"display":{"gui":{"rotation":[-150.0,-45.0,180.0]}},"elements":[{"from":[6.5,-0.5,8.0],"to":[9.5,16.5,8.0],"faces":{"south":{"uv":[9.625,0.0,10.0,2.125],"texture":"#0","tintindex":0},"north":{"uv":[9.625,0.0,10.0,2.125],"texture":"#0","tintindex":0}}},{"from":[8.0,-0.5,6.5],"to":[8.0,16.5,9.5],"faces":{"east":{"uv":[9.625,0.0,10.0,2.125],"texture":"#0","tintindex":0},"west":{"uv":[9.625,0.0,10.0,2.125],"texture":"#0","tintindex":0}}}],"textures":{"0":"modelengine:5d0259d6-7f38-42f4-85d4-0973e8a47811","particle":"#0"}}