{"display":{"gui":{"rotation":[-150.0,-45.0,180.0]}},"elements":[{"from":[-12.6256695,9.909225,6.0],"to":[5.3743305,24.909225,6.0],"rotation":{"origin":[-2.6256695,18.909225,5.0],"x":0.0,"y":0.0,"z":-45.0},"faces":{"south":{"uv":[16.0,0.0,13.75,1.875],"texture":"#0","tintindex":0},"north":{"uv":[13.75,0.0,16.0,1.875],"texture":"#0","tintindex":0}}},{"from":[-4.0,14.0,5.0],"to":[4.0,16.0,7.0],"rotation":{"origin":[4.0,14.0,5.0],"x":0.0,"y":0.0,"z":-22.5},"faces":{"east":{"uv":[7.5,0.25,7.75,0.5],"texture":"#0","tintindex":0},"south":{"uv":[7.0,3.625,8.0,3.875],"texture":"#0","tintindex":0},"north":{"uv":[7.0,3.375,8.0,3.625],"texture":"#0","tintindex":0},"west":{"uv":[7.5,0.5,7.75,0.75],"texture":"#0","tintindex":0},"up":{"uv":[8.0,4.125,7.0,3.875],"texture":"#0","tintindex":0},"down":{"uv":[8.0,4.125,7.0,4.375],"texture":"#0","tintindex":0}}},{"from":[12.0,14.0,5.0],"to":[20.0,16.0,7.0],"rotation":{"origin":[12.0,14.0,5.0],"x":0.0,"y":0.0,"z":22.5},"faces":{"east":{"uv":[7.75,0.5,7.5,0.75],"texture":"#0","tintindex":0},"south":{"uv":[8.0,3.625,7.0,3.875],"texture":"#0","tintindex":0},"north":{"uv":[8.0,3.375,7.0,3.625],"texture":"#0","tintindex":0},"west":{"uv":[7.75,0.25,7.5,0.5],"texture":"#0","tintindex":0},"up":{"uv":[7.0,4.125,8.0,3.875],"texture":"#0","tintindex":0},"down":{"uv":[7.0,4.125,8.0,4.375],"texture":"#0","tintindex":0}}},{"from":[10.6256695,9.909225,6.0],"to":[28.62567,24.909225,6.0],"rotation":{"origin":[18.62567,18.909225,5.0],"x":0.0,"y":0.0,"z":45.0},"faces":{"south":{"uv":[13.75,0.0,16.0,1.875],"texture":"#0","tintindex":0},"north":{"uv":[16.0,0.0,13.75,1.875],"texture":"#0","tintindex":0}}},{"from":[4.0,8.0,4.0],"to":[12.0,17.0,12.0],"faces":{"east":{"uv":[5.25,3.625,6.25,4.75],"texture":"#0","tintindex":0},"south":{"uv":[5.375,0.0,6.375,1.125],"texture":"#0","tintindex":0},"north":{"uv":[5.25,2.5,6.25,3.625],"texture":"#0","tintindex":0},"west":{"uv":[5.375,1.125,6.375,2.25],"texture":"#0","tintindex":0},"up":{"uv":[6.625,5.75,5.625,4.75],"texture":"#0","tintindex":0},"down":{"uv":[6.625,5.75,5.625,6.75],"texture":"#0","tintindex":0}}}],"textures":{"0":"modelengine:d06827b2-f9bb-4ff8-8b9b-0d78a82e6c16","particle":"#0"}}