{"display":{"gui":{"rotation":[-150.0,-45.0,180.0]}},"elements":[{"from":[6.5,-0.5,6.5],"to":[9.5,0.5,9.5],"faces":{"east":{"uv":[7.625,7.5,8.0,7.625],"texture":"#0","tintindex":0},"south":{"uv":[0.0,7.75,0.375,7.875],"texture":"#0","tintindex":0},"north":{"uv":[7.625,7.375,8.0,7.5],"texture":"#0","tintindex":0},"west":{"uv":[7.75,0.0,8.125,0.125],"texture":"#0","tintindex":0},"up":{"uv":[7.5,5.75,7.125,5.375],"texture":"#0","tintindex":0},"down":{"uv":[7.5,5.75,7.125,6.125],"texture":"#0","tintindex":0}}},{"from":[6.5,4.5,6.5],"to":[9.5,5.5,9.5],"faces":{"east":{"uv":[7.625,3.125,8.0,3.25],"texture":"#0","tintindex":0},"south":{"uv":[7.625,3.25,8.0,3.375],"texture":"#0","tintindex":0},"north":{"uv":[7.625,3.0,8.0,3.125],"texture":"#0","tintindex":0},"west":{"uv":[7.375,7.625,7.75,7.75],"texture":"#0","tintindex":0},"up":{"uv":[4.0,5.0,3.625,4.625],"texture":"#0","tintindex":0},"down":{"uv":[7.5,5.0,7.125,5.375],"texture":"#0","tintindex":0}}},{"from":[6.5,5.5,8.0],"to":[9.5,7.5,8.0],"faces":{"south":{"uv":[1.75,3.75,2.125,4.0],"texture":"#0","tintindex":0},"north":{"uv":[2.125,3.75,1.75,4.0],"texture":"#0","tintindex":0}}},{"from":[9.5,0.0,8.0],"to":[10.5,5.0,8.0],"faces":{"south":{"uv":[7.375,6.75,7.5,7.375],"texture":"#0","tintindex":0},"north":{"uv":[7.375,6.75,7.5,7.375],"texture":"#0","tintindex":0}}},{"from":[5.5,0.0,8.0],"to":[6.5,5.0,8.0],"faces":{"south":{"uv":[7.25,7.125,7.375,7.75],"texture":"#0","tintindex":0},"north":{"uv":[7.25,7.125,7.375,7.75],"texture":"#0","tintindex":0}}}],"textures":{"0":"modelengine:318f15a7-87f4-4dfa-9e71-67f7ddfdc69f","particle":"#0"}}