{"display":{"gui":{"rotation":[-150.0,-45.0,180.0]}},"elements":[{"from":[7.0,-10.0,6.0],"to":[9.0,8.0,10.0],"faces":{"east":{"uv":[3.625,5.5,3.125,7.75],"texture":"#0","tintindex":0},"south":{"uv":[1.5,6.5,1.25,8.75],"texture":"#0","tintindex":0},"north":{"uv":[6.625,0.0,6.375,2.25],"texture":"#0","tintindex":0},"west":{"uv":[3.125,5.5,2.625,7.75],"texture":"#0","tintindex":0},"up":{"uv":[7.125,6.625,7.375,6.125],"texture":"#0","tintindex":0},"down":{"uv":[7.125,6.625,7.375,7.125],"texture":"#0","tintindex":0}}}],"textures":{"0":"modelengine:ba842234-e268-40ab-90d9-310d9a8b3926","particle":"#0"}}