{"display":{"gui":{"rotation":[-150.0,-45.0,180.0]}},"elements":[{"from":[7.0,-6.0,7.0],"to":[9.0,8.0,9.0],"faces":{"east":{"uv":[7.125,6.25,6.875,8.0],"texture":"#0","tintindex":0},"south":{"uv":[7.125,4.5,6.875,6.25],"texture":"#0","tintindex":0},"north":{"uv":[6.625,6.75,6.375,8.5],"texture":"#0","tintindex":0},"west":{"uv":[7.125,0.0,6.875,1.75],"texture":"#0","tintindex":0},"up":{"uv":[7.375,7.625,7.625,7.375],"texture":"#0","tintindex":0},"down":{"uv":[7.5,0.0,7.75,0.25],"texture":"#0","tintindex":0}}}],"textures":{"0":"modelengine:c47d9cd4-46e1-4634-b3c7-4cd4fdeb0b21","particle":"#0"}}