{"display":{"gui":{"rotation":[-150.0,-45.0,180.0]}},"elements":[{"from":[7.5,-12.0,8.0],"to":[8.5,8.0,12.0],"faces":{"east":{"uv":[5.625,5.0,5.125,7.5],"texture":"#0","tintindex":0},"south":{"uv":[2.5,7.0,2.375,9.5],"texture":"#0","tintindex":0},"north":{"uv":[2.375,7.0,2.25,9.5],"texture":"#0","tintindex":0},"west":{"uv":[5.125,5.0,4.625,7.5],"texture":"#0","tintindex":0},"up":{"uv":[7.5,1.25,7.625,0.75],"texture":"#0","tintindex":0},"down":{"uv":[7.5,2.25,7.625,2.75],"texture":"#0","tintindex":0}}}],"textures":{"0":"modelengine:c47d9cd4-46e1-4634-b3c7-4cd4fdeb0b21","particle":"#0"}}