{"display":{"gui":{"rotation":[-150.0,-45.0,180.0]}},"elements":[{"from":[7.0,-6.0,6.0],"to":[9.0,8.0,8.0],"faces":{"east":{"uv":[6.875,6.25,6.625,8.0],"texture":"#0","tintindex":0},"south":{"uv":[6.875,4.5,6.625,6.25],"texture":"#0","tintindex":0},"north":{"uv":[4.625,6.5,4.375,8.25],"texture":"#0","tintindex":0},"west":{"uv":[6.875,0.0,6.625,1.75],"texture":"#0","tintindex":0},"up":{"uv":[5.625,2.5,5.875,2.25],"texture":"#0","tintindex":0},"down":{"uv":[5.875,2.25,6.125,2.5],"texture":"#0","tintindex":0}}}],"textures":{"0":"modelengine:d06827b2-f9bb-4ff8-8b9b-0d78a82e6c16","particle":"#0"}}