{"display":{"gui":{"rotation":[-150.0,-45.0,180.0]}},"elements":[{"from":[6.5,5.5,5.5],"to":[9.5,10.5,10.5],"rotation":{"origin":[8.0,8.0,8.0],"x":0.0,"y":0.0,"z":45.0},"faces":{"east":{"uv":[1.5,7.0,2.125,7.625],"texture":"#0","tintindex":0},"south":{"uv":[7.125,0.0,7.5,0.625],"texture":"#0","tintindex":0},"north":{"uv":[3.625,4.0,4.0,4.625],"texture":"#0","tintindex":0},"west":{"uv":[7.0,2.75,7.625,3.375],"texture":"#0","tintindex":0},"up":{"uv":[7.5,1.25,7.125,0.625],"texture":"#0","tintindex":0},"down":{"uv":[7.5,4.375,7.125,5.0],"texture":"#0","tintindex":0}}}],"textures":{"0":"modelengine:ba842234-e268-40ab-90d9-310d9a8b3926","particle":"#0"}}