{"display":{"gui":{"rotation":[-150.0,-45.0,180.0]}},"elements":[{"from":[7.0,-6.0,7.0],"to":[9.0,8.0,9.0],"faces":{"east":{"uv":[6.875,0.0,7.125,1.75],"texture":"#0","tintindex":0},"south":{"uv":[6.875,4.5,7.125,6.25],"texture":"#0","tintindex":0},"north":{"uv":[6.375,6.75,6.625,8.5],"texture":"#0","tintindex":0},"west":{"uv":[6.875,6.25,7.125,8.0],"texture":"#0","tintindex":0},"up":{"uv":[7.625,7.625,7.375,7.375],"texture":"#0","tintindex":0},"down":{"uv":[7.75,0.0,7.5,0.25],"texture":"#0","tintindex":0}}}],"textures":{"0":"modelengine:318f15a7-87f4-4dfa-9e71-67f7ddfdc69f","particle":"#0"}}