{"display":{"gui":{"rotation":[-150.0,-45.0,180.0]}},"elements":[{"from":[7.99,-5.01,6.99],"to":[10.01,9.01,9.01],"faces":{"east":{"uv":[6.375,6.75,6.125,8.5],"texture":"#0","tintindex":0},"south":{"uv":[6.125,6.75,5.875,8.5],"texture":"#0","tintindex":0},"north":{"uv":[7.0,2.75,6.75,4.5],"texture":"#0","tintindex":0},"west":{"uv":[5.875,6.75,5.625,8.5],"texture":"#0","tintindex":0},"up":{"uv":[7.125,1.75,7.375,1.5],"texture":"#0","tintindex":0},"down":{"uv":[7.375,1.5,7.625,1.75],"texture":"#0","tintindex":0}}}],"textures":{"0":"modelengine:ba842234-e268-40ab-90d9-310d9a8b3926","particle":"#0"}}