{"display":{"gui":{"rotation":[-150.0,-45.0,180.0]}},"elements":[{"from":[7.0,-6.0,8.0],"to":[9.0,8.0,10.0],"faces":{"east":{"uv":[3.625,6.5,3.875,8.25],"texture":"#0","tintindex":0},"south":{"uv":[3.875,6.5,4.125,8.25],"texture":"#0","tintindex":0},"north":{"uv":[6.5,2.75,6.75,4.5],"texture":"#0","tintindex":0},"west":{"uv":[4.125,6.5,4.375,8.25],"texture":"#0","tintindex":0},"up":{"uv":[5.5,5.0,5.25,4.75],"texture":"#0","tintindex":0},"down":{"uv":[5.625,2.25,5.375,2.5],"texture":"#0","tintindex":0}}}],"textures":{"0":"modelengine:ef74e93a-3259-4f42-b048-0a6361defabc","particle":"#0"}}