{"display":{"gui":{"rotation":[-150.0,-45.0,180.0]}},"elements":[{"from":[4.675,0.0010066032,7.0],"to":[11.302,0.0010066032,9.0],"faces":{"east":{"uv":[4.375,11.375,4.625,11.625],"texture":"#0","rotation":180,"tintindex":0},"south":{"uv":[4.375,11.375,4.625,11.625],"texture":"#0","rotation":180,"tintindex":0},"north":{"uv":[4.375,11.375,4.625,11.625],"texture":"#0","rotation":180,"tintindex":0},"west":{"uv":[4.375,11.375,4.625,11.625],"texture":"#0","rotation":180,"tintindex":0},"up":{"uv":[4.375,11.375,4.625,11.625],"texture":"#0","rotation":180,"tintindex":0},"down":{"uv":[4.125,11.375,4.375,11.625],"texture":"#0","rotation":180,"tintindex":0}}},{"from":[15.987997,4.687003,7.0],"to":[15.987997,11.314003,9.0],"faces":{"east":{"uv":[4.125,11.375,4.375,11.625],"texture":"#0","rotation":90,"tintindex":0},"south":{"uv":[4.375,11.375,4.625,11.625],"texture":"#0","rotation":90,"tintindex":0},"north":{"uv":[4.375,11.375,4.625,11.625],"texture":"#0","rotation":270,"tintindex":0},"west":{"uv":[4.375,11.375,4.625,11.625],"texture":"#0","rotation":90,"tintindex":0},"up":{"uv":[4.375,11.375,4.625,11.625],"texture":"#0","rotation":90,"tintindex":0},"down":{"uv":[4.375,11.375,4.625,11.625],"texture":"#0","rotation":90,"tintindex":0}}},{"from":[15.987703,11.314711,7.0],"to":[15.987703,17.941711,9.0],"rotation":{"origin":[15.988704,11.314711,9.0],"x":0.0,"y":0.0,"z":45.0},"faces":{"east":{"uv":[4.125,11.375,4.375,11.625],"texture":"#0","rotation":90,"tintindex":0},"south":{"uv":[4.375,11.375,4.625,11.625],"texture":"#0","rotation":90,"tintindex":0},"north":{"uv":[4.375,11.375,4.625,11.625],"texture":"#0","rotation":270,"tintindex":0},"west":{"uv":[4.375,11.375,4.625,11.625],"texture":"#0","rotation":90,"tintindex":0},"up":{"uv":[4.375,11.375,4.625,11.625],"texture":"#0","rotation":90,"tintindex":0},"down":{"uv":[4.375,11.375,4.625,11.625],"texture":"#0","rotation":90,"tintindex":0}}},{"from":[11.303414,0.0015926361,7.0],"to":[17.930414,0.0015926361,9.0],"rotation":{"origin":[11.303414,5.927086E-4,9.0],"x":0.0,"y":0.0,"z":45.0},"faces":{"east":{"uv":[4.375,11.375,4.625,11.625],"texture":"#0","rotation":180,"tintindex":0},"south":{"uv":[4.375,11.375,4.625,11.625],"texture":"#0","rotation":180,"tintindex":0},"north":{"uv":[4.375,11.375,4.625,11.625],"texture":"#0","rotation":180,"tintindex":0},"west":{"uv":[4.375,11.375,4.625,11.625],"texture":"#0","rotation":180,"tintindex":0},"up":{"uv":[4.375,11.375,4.625,11.625],"texture":"#0","rotation":180,"tintindex":0},"down":{"uv":[4.125,11.375,4.375,11.625],"texture":"#0","rotation":180,"tintindex":0}}},{"from":[-1.9519997,16.0,7.0],"to":[4.675,16.0,9.0],"rotation":{"origin":[4.675,16.001,9.0],"x":0.0,"y":0.0,"z":45.0},"faces":{"east":{"uv":[4.375,11.375,4.625,11.625],"texture":"#0","tintindex":0},"south":{"uv":[4.375,11.375,4.625,11.625],"texture":"#0","tintindex":0},"north":{"uv":[4.375,11.375,4.625,11.625],"texture":"#0","tintindex":0},"west":{"uv":[4.375,11.375,4.625,11.625],"texture":"#0","tintindex":0},"up":{"uv":[4.125,11.375,4.375,11.625],"texture":"#0","tintindex":0},"down":{"uv":[4.375,11.375,4.625,11.625],"texture":"#0","tintindex":0}}},{"from":[4.675,16.0,7.0],"to":[11.302,16.0,9.0],"faces":{"east":{"uv":[4.375,11.375,4.625,11.625],"texture":"#0","tintindex":0},"south":{"uv":[4.375,11.375,4.625,11.625],"texture":"#0","tintindex":0},"north":{"uv":[4.375,11.375,4.625,11.625],"texture":"#0","tintindex":0},"west":{"uv":[4.375,11.375,4.625,11.625],"texture":"#0","tintindex":0},"up":{"uv":[4.125,11.375,4.375,11.625],"texture":"#0","tintindex":0},"down":{"uv":[4.375,11.375,4.625,11.625],"texture":"#0","tintindex":0}}},{"from":[-0.011410713,-1.9404106,7.0],"to":[-0.011410713,4.6865892,9.0],"rotation":{"origin":[-0.012411118,4.6865892,9.0],"x":0.0,"y":0.0,"z":45.0},"faces":{"east":{"uv":[4.375,11.375,4.625,11.625],"texture":"#0","rotation":270,"tintindex":0},"south":{"uv":[4.375,11.375,4.625,11.625],"texture":"#0","rotation":270,"tintindex":0},"north":{"uv":[4.375,11.375,4.625,11.625],"texture":"#0","rotation":90,"tintindex":0},"west":{"uv":[4.125,11.375,4.375,11.625],"texture":"#0","rotation":270,"tintindex":0},"up":{"uv":[4.375,11.375,4.625,11.625],"texture":"#0","rotation":270,"tintindex":0},"down":{"uv":[4.375,11.375,4.625,11.625],"texture":"#0","rotation":270,"tintindex":0}}},{"from":[-0.011997223,4.6880035,7.0],"to":[-0.011997223,11.315003,9.0],"faces":{"east":{"uv":[4.375,11.375,4.625,11.625],"texture":"#0","rotation":270,"tintindex":0},"south":{"uv":[4.375,11.375,4.625,11.625],"texture":"#0","rotation":270,"tintindex":0},"north":{"uv":[4.375,11.375,4.625,11.625],"texture":"#0","rotation":90,"tintindex":0},"west":{"uv":[4.125,11.375,4.375,11.625],"texture":"#0","rotation":270,"tintindex":0},"up":{"uv":[4.375,11.375,4.625,11.625],"texture":"#0","rotation":270,"tintindex":0},"down":{"uv":[4.375,11.375,4.625,11.625],"texture":"#0","rotation":270,"tintindex":0}}}],"textures":{"0":"modelengine:ef74e93a-3259-4f42-b048-0a6361defabc","particle":"#0"}}