{"display":{"gui":{"rotation":[-150.0,-45.0,180.0]}},"elements":[{"from":[4.0,8.0,6.0],"to":[12.0,20.0,10.0],"faces":{"east":{"uv":[0.0,6.25,0.5,7.75],"texture":"#0","tintindex":0},"south":{"uv":[3.625,5.0,4.625,6.5],"texture":"#0","tintindex":0},"north":{"uv":[2.625,4.0,3.625,5.5],"texture":"#0","tintindex":0},"west":{"uv":[0.5,6.25,1.0,7.75],"texture":"#0","tintindex":0},"up":{"uv":[2.5,7.0,1.5,6.5],"texture":"#0","tintindex":0},"down":{"uv":[7.5,2.25,6.5,2.75],"texture":"#0","tintindex":0}}}],"textures":{"0":"modelengine:318f15a7-87f4-4dfa-9e71-67f7ddfdc69f","particle":"#0"}}