{"display":{"gui":{"rotation":[-150.0,-45.0,180.0]}},"elements":[{"from":[4.2000003,2.449997,3.6],"to":[8.0,4.8499985,5.0],"rotation":{"origin":[6.4,6.449997,4.2],"x":0.0,"y":22.5,"z":0.0},"faces":{"east":{"uv":[1.5625,7.6875,1.625,7.8125],"texture":"#0","tintindex":0},"south":{"uv":[8.25,2.8125,8.5,2.9375],"texture":"#0","tintindex":0},"north":{"uv":[2.75,8.25,3.0,8.375],"texture":"#0","tintindex":0},"west":{"uv":[4.625,7.6875,4.6875,7.8125],"texture":"#0","tintindex":0},"up":{"uv":[6.375,3.625,6.125,3.5625],"texture":"#0","tintindex":0},"down":{"uv":[8.1875,6.4375,7.9375,6.5],"texture":"#0","tintindex":0}}},{"from":[4.8,2.6499977,5.0],"to":[12.0,11.849998,12.200001],"faces":{"east":{"uv":[4.625,3.0,5.0625,3.5625],"texture":"#0","tintindex":0},"south":{"uv":[4.6875,0.4375,5.125,1.0],"texture":"#0","tintindex":0},"north":{"uv":[4.625,1.9375,5.0625,2.5],"texture":"#0","tintindex":0},"west":{"uv":[4.6875,1.0,5.125,1.5625],"texture":"#0","tintindex":0},"up":{"uv":[5.1875,2.9375,4.75,2.5],"texture":"#0","tintindex":0},"down":{"uv":[5.4375,0.0,5.0,0.4375],"texture":"#0","tintindex":0}}},{"from":[3.821229,2.2499962,6.433129],"to":[6.821229,4.649994,12.633129],"faces":{"east":{"uv":[7.6875,1.5,8.0625,1.625],"texture":"#0","tintindex":0},"south":{"uv":[8.375,3.6875,8.5625,3.8125],"texture":"#0","tintindex":0},"north":{"uv":[3.625,8.375,3.8125,8.5],"texture":"#0","tintindex":0},"west":{"uv":[7.6875,1.625,8.0625,1.75],"texture":"#0","tintindex":0},"up":{"uv":[1.25,7.5,1.0625,7.125],"texture":"#0","tintindex":0},"down":{"uv":[6.0625,7.1875,5.875,7.5625],"texture":"#0","tintindex":0}}},{"from":[9.978771,2.2499962,6.433129],"to":[12.978771,4.649994,12.633129],"faces":{"east":{"uv":[7.6875,2.0,8.0625,2.125],"texture":"#0","tintindex":0},"south":{"uv":[4.0,8.375,4.1875,8.5],"texture":"#0","tintindex":0},"north":{"uv":[3.8125,8.375,4.0,8.5],"texture":"#0","tintindex":0},"west":{"uv":[7.6875,2.125,8.0625,2.25],"texture":"#0","tintindex":0},"up":{"uv":[1.4375,7.625,1.25,7.25],"texture":"#0","tintindex":0},"down":{"uv":[2.1875,7.25,2.0,7.625],"texture":"#0","tintindex":0}}},{"from":[8.8,2.449997,3.6],"to":[12.6,4.8499985,5.0],"rotation":{"origin":[10.4,6.449997,4.2],"x":0.0,"y":-22.5,"z":0.0},"faces":{"east":{"uv":[8.0625,5.6875,8.125,5.8125],"texture":"#0","tintindex":0},"south":{"uv":[3.0,8.25,3.25,8.375],"texture":"#0","tintindex":0},"north":{"uv":[8.25,2.9375,8.5,3.0625],"texture":"#0","tintindex":0},"west":{"uv":[7.6875,8.0625,7.75,8.1875],"texture":"#0","tintindex":0},"up":{"uv":[8.875,7.625,8.625,7.5625],"texture":"#0","tintindex":0},"down":{"uv":[0.375,8.6875,0.125,8.75],"texture":"#0","tintindex":0}}},{"from":[8.8,5.25,3.6],"to":[13.6,7.649994,5.0],"rotation":{"origin":[10.4,6.449997,4.2],"x":0.0,"y":-22.5,"z":0.0},"faces":{"east":{"uv":[7.9375,5.875,8.0,6.0],"texture":"#0","tintindex":0},"south":{"uv":[7.9375,3.375,8.25,3.5],"texture":"#0","tintindex":0},"north":{"uv":[7.9375,2.8125,8.25,2.9375],"texture":"#0","tintindex":0},"west":{"uv":[8.0625,4.4375,8.125,4.5625],"texture":"#0","tintindex":0},"up":{"uv":[5.5,2.9375,5.1875,2.875],"texture":"#0","tintindex":0},"down":{"uv":[5.75,0.375,5.4375,0.4375],"texture":"#0","tintindex":0}}},{"from":[3.821229,5.25,7.433129],"to":[7.6212287,7.649994,13.033129],"faces":{"east":{"uv":[7.6875,1.25,8.0625,1.375],"texture":"#0","tintindex":0},"south":{"uv":[8.25,2.3125,8.5,2.4375],"texture":"#0","tintindex":0},"north":{"uv":[8.25,2.1875,8.5,2.3125],"texture":"#0","tintindex":0},"west":{"uv":[7.6875,1.375,8.0625,1.5],"texture":"#0","tintindex":0},"up":{"uv":[2.25,7.0,2.0,6.625],"texture":"#0","tintindex":0},"down":{"uv":[2.5,6.625,2.25,7.0],"texture":"#0","tintindex":0}}},{"from":[9.178771,5.25,7.433129],"to":[12.978771,7.649994,13.033129],"faces":{"east":{"uv":[7.6875,1.75,8.0625,1.875],"texture":"#0","tintindex":0},"south":{"uv":[8.25,2.5625,8.5,2.6875],"texture":"#0","tintindex":0},"north":{"uv":[8.25,2.4375,8.5,2.5625],"texture":"#0","tintindex":0},"west":{"uv":[7.6875,1.875,8.0625,2.0],"texture":"#0","tintindex":0},"up":{"uv":[6.875,3.25,6.625,2.875],"texture":"#0","tintindex":0},"down":{"uv":[4.0,6.625,3.75,7.0],"texture":"#0","tintindex":0}}},{"from":[3.2000003,5.25,3.6],"to":[8.0,7.649994,5.0],"rotation":{"origin":[6.4,6.449997,4.2],"x":0.0,"y":22.5,"z":0.0},"faces":{"east":{"uv":[1.25,7.125,1.3125,7.25],"texture":"#0","tintindex":0},"south":{"uv":[7.9375,1.125,8.25,1.25],"texture":"#0","tintindex":0},"north":{"uv":[7.9375,1.0,8.25,1.125],"texture":"#0","tintindex":0},"west":{"uv":[7.5625,2.8125,7.625,2.9375],"texture":"#0","tintindex":0},"up":{"uv":[4.625,1.25,4.3125,1.1875],"texture":"#0","tintindex":0},"down":{"uv":[5.0625,2.9375,4.75,3.0],"texture":"#0","tintindex":0}}}],"textures":{"0":"modelengine:4d6e07eb-38a8-4dbb-bf37-a3584f874643","particle":"#0"}}