{"display":{"gui":{"rotation":[-150.0,-45.0,180.0]}},"elements":[{"from":[4.8,3.8499985,7.2000003],"to":[7.2,8.650002,8.8],"faces":{"east":{"uv":[3.75,6.3125,3.875,6.625],"texture":"#0","tintindex":0},"south":{"uv":[6.6875,5.0625,6.8125,5.375],"texture":"#0","tintindex":0},"north":{"uv":[3.0,5.75,3.125,6.0625],"texture":"#0","tintindex":0},"west":{"uv":[7.9375,0.6875,8.0625,1.0],"texture":"#0","tintindex":0},"up":{"uv":[5.0625,6.8125,4.9375,6.6875],"texture":"#0","tintindex":0},"down":{"uv":[5.5625,6.75,5.4375,6.875],"texture":"#0","tintindex":0}}},{"from":[3.6,-6.549999,8.0],"to":[12.4,6.25,8.0],"faces":{"south":{"uv":[3.3125,3.4375,3.875,4.25],"texture":"#0","tintindex":0},"north":{"uv":[3.875,3.4375,3.3125,4.25],"texture":"#0","tintindex":0}}},{"from":[8.8,3.8499985,7.2000003],"to":[11.2,8.650002,8.8],"faces":{"east":{"uv":[7.9375,2.5,8.0625,2.8125],"texture":"#0","tintindex":0},"south":{"uv":[7.9375,4.25,8.0625,4.5625],"texture":"#0","tintindex":0},"north":{"uv":[1.4375,7.9375,1.5625,8.25],"texture":"#0","tintindex":0},"west":{"uv":[4.9375,7.9375,5.0625,8.25],"texture":"#0","tintindex":0},"up":{"uv":[7.5,0.75,7.375,0.625],"texture":"#0","tintindex":0},"down":{"uv":[7.5,6.9375,7.375,7.0625],"texture":"#0","tintindex":0}}}],"textures":{"0":"modelengine:4d6e07eb-38a8-4dbb-bf37-a3584f874643","particle":"#0"}}