{"display":{"gui":{"rotation":[-150.0,-45.0,180.0]}},"elements":[{"from":[4.2,16.25,3.0],"to":[6.4,17.050003,3.8000002],"rotation":{"origin":[6.4,14.050003,4.8],"x":0.0,"y":22.5,"z":0.0},"faces":{"east":{"uv":[8.25,7.0625,8.3125,7.125],"texture":"#0","tintindex":0},"south":{"uv":[7.375,4.9375,7.5,5.0],"texture":"#0","tintindex":0},"north":{"uv":[7.375,1.5,7.5,1.5625],"texture":"#0","tintindex":0},"west":{"uv":[8.3125,4.5625,8.375,4.625],"texture":"#0","tintindex":0},"up":{"uv":[7.6875,7.5,7.5625,7.4375],"texture":"#0","tintindex":0},"down":{"uv":[7.875,6.5,7.75,6.5625],"texture":"#0","tintindex":0}}},{"from":[2.4,13.25,5.6],"to":[4.0,19.650002,6.4],"rotation":{"origin":[3.6,14.050003,5.2],"x":0.0,"y":45.0,"z":0.0},"faces":{"east":{"uv":[1.4375,5.125,1.5,5.5],"texture":"#0","tintindex":0},"south":{"uv":[6.1875,7.625,6.3125,8.0],"texture":"#0","tintindex":0},"north":{"uv":[4.125,6.1875,4.25,6.5625],"texture":"#0","tintindex":0},"west":{"uv":[5.625,5.75,5.6875,6.125],"texture":"#0","tintindex":0},"up":{"uv":[3.75,8.875,3.625,8.8125],"texture":"#0","tintindex":0},"down":{"uv":[3.875,8.8125,3.75,8.875],"texture":"#0","tintindex":0}}},{"from":[4.0,12.849998,6.2],"to":[5.6,19.050003,8.8],"rotation":{"origin":[3.6,14.050003,5.2],"x":22.5,"y":0.0,"z":0.0},"faces":{"east":{"uv":[7.3125,0.75,7.5,1.125],"texture":"#0","tintindex":0},"south":{"uv":[4.125,7.6875,4.25,8.0625],"texture":"#0","tintindex":0},"north":{"uv":[4.0,7.6875,4.125,8.0625],"texture":"#0","tintindex":0},"west":{"uv":[7.3125,1.125,7.5,1.5],"texture":"#0","tintindex":0},"up":{"uv":[8.5625,8.625,8.4375,8.4375],"texture":"#0","tintindex":0},"down":{"uv":[0.125,8.5,0.0,8.6875],"texture":"#0","tintindex":0}}},{"from":[6.2,10.849998,4.0],"to":[9.8,16.449997,7.8],"faces":{"east":{"uv":[3.125,6.6875,3.375,7.0625],"texture":"#0","tintindex":0},"south":{"uv":[3.375,6.6875,3.625,7.0625],"texture":"#0","tintindex":0},"north":{"uv":[2.875,6.6875,3.125,7.0625],"texture":"#0","tintindex":0},"west":{"uv":[6.6875,3.5625,6.9375,3.9375],"texture":"#0","tintindex":0},"up":{"uv":[6.6875,7.5625,6.4375,7.3125],"texture":"#0","tintindex":0},"down":{"uv":[7.5625,7.25,7.3125,7.5],"texture":"#0","tintindex":0}}},{"from":[4.2,12.25,3.0],"to":[8.8,16.25,3.8000002],"rotation":{"origin":[6.4,14.050003,4.8],"x":0.0,"y":22.5,"z":0.0},"faces":{"east":{"uv":[5.1875,5.9375,5.25,6.1875],"texture":"#0","tintindex":0},"south":{"uv":[7.0,5.0,7.3125,5.25],"texture":"#0","tintindex":0},"north":{"uv":[7.0,2.4375,7.3125,2.6875],"texture":"#0","tintindex":0},"west":{"uv":[4.4375,6.5625,4.5,6.8125],"texture":"#0","tintindex":0},"up":{"uv":[6.375,1.4375,6.0625,1.375],"texture":"#0","tintindex":0},"down":{"uv":[8.0,5.8125,7.6875,5.875],"texture":"#0","tintindex":0}}},{"from":[5.4,9.25,4.0],"to":[8.4,12.650002,4.8],"rotation":{"origin":[6.4,14.050003,4.8],"x":0.0,"y":45.0,"z":0.0},"faces":{"east":{"uv":[6.625,8.75,6.6875,8.9375],"texture":"#0","tintindex":0},"south":{"uv":[8.0625,3.875,8.25,4.0625],"texture":"#0","tintindex":0},"north":{"uv":[3.875,8.0625,4.0625,8.25],"texture":"#0","tintindex":0},"west":{"uv":[8.75,7.0625,8.8125,7.25],"texture":"#0","tintindex":0},"up":{"uv":[8.25,3.375,8.0625,3.3125],"texture":"#0","tintindex":0},"down":{"uv":[8.25,4.0625,8.0625,4.125],"texture":"#0","tintindex":0}}},{"from":[7.6,21.650002,5.0],"to":[8.4,23.650002,6.0],"rotation":{"origin":[9.2,22.050003,4.8],"x":22.5,"y":0.0,"z":0.0},"faces":{"east":{"uv":[1.9375,8.8125,2.0,8.9375],"texture":"#0","tintindex":0},"south":{"uv":[2.0,8.8125,2.0625,8.9375],"texture":"#0","tintindex":0},"north":{"uv":[3.1875,8.5625,3.25,8.6875],"texture":"#0","tintindex":0},"west":{"uv":[8.8125,2.25,8.875,2.375],"texture":"#0","tintindex":0},"up":{"uv":[7.6875,0.625,7.625,0.5625],"texture":"#0","tintindex":0},"down":{"uv":[1.4375,7.625,1.375,7.6875],"texture":"#0","tintindex":0}}},{"from":[3.8000002,19.25,7.8],"to":[5.0,21.25,9.0],"rotation":{"origin":[4.4,19.650002,8.0],"x":22.5,"y":0.0,"z":0.0},"faces":{"east":{"uv":[8.8125,2.375,8.875,2.5],"texture":"#0","tintindex":0},"south":{"uv":[8.8125,2.5,8.875,2.625],"texture":"#0","tintindex":0},"north":{"uv":[2.3125,8.8125,2.375,8.9375],"texture":"#0","tintindex":0},"west":{"uv":[2.6875,8.8125,2.75,8.9375],"texture":"#0","tintindex":0},"up":{"uv":[5.4375,7.6875,5.375,7.625],"texture":"#0","tintindex":0},"down":{"uv":[7.8125,3.625,7.75,3.6875],"texture":"#0","tintindex":0}}},{"from":[4.6,11.449997,9.4],"to":[6.0,14.849998,10.8],"faces":{"east":{"uv":[7.1875,8.75,7.25,8.9375],"texture":"#0","tintindex":0},"south":{"uv":[7.25,8.75,7.3125,8.9375],"texture":"#0","tintindex":0},"north":{"uv":[7.125,8.75,7.1875,8.9375],"texture":"#0","tintindex":0},"west":{"uv":[8.75,7.25,8.8125,7.4375],"texture":"#0","tintindex":0},"up":{"uv":[8.5,0.9375,8.4375,0.875],"texture":"#0","tintindex":0},"down":{"uv":[3.125,8.5,3.0625,8.5625],"texture":"#0","tintindex":0}}},{"from":[3.6,16.449997,7.2],"to":[6.0,19.25,9.6],"faces":{"east":{"uv":[2.125,8.4375,2.25,8.625],"texture":"#0","tintindex":0},"south":{"uv":[4.625,8.4375,4.75,8.625],"texture":"#0","tintindex":0},"north":{"uv":[8.4375,0.6875,8.5625,0.875],"texture":"#0","tintindex":0},"west":{"uv":[8.4375,4.75,8.5625,4.9375],"texture":"#0","tintindex":0},"up":{"uv":[8.8125,0.625,8.6875,0.5],"texture":"#0","tintindex":0},"down":{"uv":[8.8125,0.625,8.6875,0.75],"texture":"#0","tintindex":0}}},{"from":[10.4,12.849998,6.2],"to":[12.0,19.050003,8.8],"rotation":{"origin":[12.4,14.050003,5.2],"x":22.5,"y":0.0,"z":0.0},"faces":{"east":{"uv":[2.1875,7.25,2.375,7.625],"texture":"#0","tintindex":0},"south":{"uv":[2.5625,7.6875,2.6875,8.0625],"texture":"#0","tintindex":0},"north":{"uv":[0.5,7.6875,0.625,8.0625],"texture":"#0","tintindex":0},"west":{"uv":[2.375,7.25,2.5625,7.625],"texture":"#0","tintindex":0},"up":{"uv":[7.6875,8.625,7.5625,8.4375],"texture":"#0","tintindex":0},"down":{"uv":[8.1875,8.4375,8.0625,8.625],"texture":"#0","tintindex":0}}},{"from":[7.6,6.6500015,4.0],"to":[9.2,9.25,4.8],"rotation":{"origin":[9.6,14.050003,4.8],"x":0.0,"y":-45.0,"z":0.0},"faces":{"east":{"uv":[6.375,8.75,6.4375,8.9375],"texture":"#0","tintindex":0},"south":{"uv":[6.4375,8.4375,6.5625,8.625],"texture":"#0","tintindex":0},"north":{"uv":[8.4375,6.0625,8.5625,6.25],"texture":"#0","tintindex":0},"west":{"uv":[6.4375,8.75,6.5,8.9375],"texture":"#0","tintindex":0},"up":{"uv":[8.4375,7.25,8.3125,7.1875],"texture":"#0","tintindex":0},"down":{"uv":[8.5625,6.25,8.4375,6.3125],"texture":"#0","tintindex":0}}},{"from":[5.6,14.25,9.4],"to":[7.2,18.25,11.2],"faces":{"east":{"uv":[6.625,0.6875,6.75,0.9375],"texture":"#0","tintindex":0},"south":{"uv":[7.4375,3.9375,7.5625,4.1875],"texture":"#0","tintindex":0},"north":{"uv":[6.625,0.0,6.75,0.25],"texture":"#0","tintindex":0},"west":{"uv":[0.625,8.125,0.75,8.375],"texture":"#0","tintindex":0},"up":{"uv":[8.8125,1.9375,8.6875,1.8125],"texture":"#0","tintindex":0},"down":{"uv":[2.0625,8.6875,1.9375,8.8125],"texture":"#0","tintindex":0}}},{"from":[7.4,10.650002,10.8],"to":[8.6,14.050003,12.0],"rotation":{"origin":[3.6,12.449997,11.6],"x":-22.5,"y":0.0,"z":0.0},"faces":{"east":{"uv":[7.625,8.75,7.6875,8.9375],"texture":"#0","tintindex":0},"south":{"uv":[8.75,7.75,8.8125,7.9375],"texture":"#0","tintindex":0},"north":{"uv":[7.5625,8.75,7.625,8.9375],"texture":"#0","tintindex":0},"west":{"uv":[7.8125,8.75,7.875,8.9375],"texture":"#0","tintindex":0},"up":{"uv":[6.1875,8.625,6.125,8.5625],"texture":"#0","tintindex":0},"down":{"uv":[8.75,4.5,8.6875,4.5625],"texture":"#0","tintindex":0}}},{"from":[7.2,19.050003,4.2],"to":[8.8,21.650002,5.8],"rotation":{"origin":[9.2,20.449997,4.8],"x":22.5,"y":0.0,"z":0.0},"faces":{"east":{"uv":[8.375,4.5625,8.5,4.75],"texture":"#0","tintindex":0},"south":{"uv":[7.3125,8.375,7.4375,8.5625],"texture":"#0","tintindex":0},"north":{"uv":[8.375,4.1875,8.5,4.375],"texture":"#0","tintindex":0},"west":{"uv":[8.4375,0.5,8.5625,0.6875],"texture":"#0","tintindex":0},"up":{"uv":[8.8125,0.375,8.6875,0.25],"texture":"#0","tintindex":0},"down":{"uv":[0.5,8.6875,0.375,8.8125],"texture":"#0","tintindex":0}}},{"from":[10.0,11.449997,9.4],"to":[11.4,14.849998,10.8],"faces":{"east":{"uv":[7.375,8.75,7.4375,8.9375],"texture":"#0","tintindex":0},"south":{"uv":[7.4375,8.75,7.5,8.9375],"texture":"#0","tintindex":0},"north":{"uv":[7.3125,8.75,7.375,8.9375],"texture":"#0","tintindex":0},"west":{"uv":[7.5,8.75,7.5625,8.9375],"texture":"#0","tintindex":0},"up":{"uv":[5.125,8.5625,5.0625,8.5],"texture":"#0","tintindex":0},"down":{"uv":[8.5625,7.625,8.5,7.6875],"texture":"#0","tintindex":0}}},{"from":[8.8,14.25,9.4],"to":[10.4,18.25,11.2],"faces":{"east":{"uv":[2.125,8.1875,2.25,8.4375],"texture":"#0","tintindex":0},"south":{"uv":[4.625,8.1875,4.75,8.4375],"texture":"#0","tintindex":0},"north":{"uv":[0.9375,8.125,1.0625,8.375],"texture":"#0","tintindex":0},"west":{"uv":[1.6875,8.25,1.8125,8.5],"texture":"#0","tintindex":0},"up":{"uv":[2.375,8.8125,2.25,8.6875],"texture":"#0","tintindex":0},"down":{"uv":[8.8125,2.5625,8.6875,2.6875],"texture":"#0","tintindex":0}}},{"from":[6.8,15.650002,3.8000002],"to":[9.2,19.650002,6.4],"faces":{"east":{"uv":[7.125,7.625,7.3125,7.875],"texture":"#0","tintindex":0},"south":{"uv":[4.6875,6.4375,4.8125,6.6875],"texture":"#0","tintindex":0},"north":{"uv":[2.875,6.4375,3.0,6.6875],"texture":"#0","tintindex":0},"west":{"uv":[1.375,7.6875,1.5625,7.9375],"texture":"#0","tintindex":0},"up":{"uv":[3.25,8.5625,3.125,8.375],"texture":"#0","tintindex":0},"down":{"uv":[4.3125,8.375,4.1875,8.5625],"texture":"#0","tintindex":0}}},{"from":[10.2,11.650002,2.6],"to":[11.8,18.25,3.6],"rotation":{"origin":[6.8,14.050003,4.8],"x":0.0,"y":-22.5,"z":0.0},"faces":{"east":{"uv":[6.25,8.3125,6.3125,8.75],"texture":"#0","tintindex":0},"south":{"uv":[6.4375,7.5625,6.5625,8.0],"texture":"#0","tintindex":0},"north":{"uv":[5.125,7.4375,5.25,7.875],"texture":"#0","tintindex":0},"west":{"uv":[7.125,8.3125,7.1875,8.75],"texture":"#0","tintindex":0},"up":{"uv":[3.375,8.875,3.25,8.8125],"texture":"#0","tintindex":0},"down":{"uv":[8.9375,3.25,8.8125,3.3125],"texture":"#0","tintindex":0}}},{"from":[7.2,12.25,3.0],"to":[11.8,16.25,3.8000002],"rotation":{"origin":[9.6,14.050003,4.8],"x":0.0,"y":-22.5,"z":0.0},"faces":{"east":{"uv":[6.75,1.9375,6.8125,2.1875],"texture":"#0","tintindex":0},"south":{"uv":[7.0,5.5,7.3125,5.75],"texture":"#0","tintindex":0},"north":{"uv":[7.0,5.25,7.3125,5.5],"texture":"#0","tintindex":0},"west":{"uv":[0.125,7.0,0.1875,7.25],"texture":"#0","tintindex":0},"up":{"uv":[8.0625,0.4375,7.75,0.375],"texture":"#0","tintindex":0},"down":{"uv":[8.25,2.9375,7.9375,3.0],"texture":"#0","tintindex":0}}},{"from":[9.6,16.25,3.0],"to":[11.8,17.050003,3.8000002],"rotation":{"origin":[9.6,14.050003,4.8],"x":0.0,"y":-22.5,"z":0.0},"faces":{"east":{"uv":[8.375,4.75,8.4375,4.8125],"texture":"#0","tintindex":0},"south":{"uv":[1.5625,8.1875,1.6875,8.25],"texture":"#0","tintindex":0},"north":{"uv":[7.875,6.625,8.0,6.6875],"texture":"#0","tintindex":0},"west":{"uv":[7.4375,8.375,7.5,8.4375],"texture":"#0","tintindex":0},"up":{"uv":[8.375,1.25,8.25,1.1875],"texture":"#0","tintindex":0},"down":{"uv":[8.375,3.5625,8.25,3.625],"texture":"#0","tintindex":0}}},{"from":[7.2,12.849998,9.4],"to":[8.8,19.050003,12.0],"faces":{"east":{"uv":[5.25,7.25,5.4375,7.625],"texture":"#0","tintindex":0},"south":{"uv":[3.875,7.6875,4.0,8.0625],"texture":"#0","tintindex":0},"north":{"uv":[3.75,7.6875,3.875,8.0625],"texture":"#0","tintindex":0},"west":{"uv":[7.125,7.25,7.3125,7.625],"texture":"#0","tintindex":0},"up":{"uv":[8.3125,8.625,8.1875,8.4375],"texture":"#0","tintindex":0},"down":{"uv":[8.4375,8.4375,8.3125,8.625],"texture":"#0","tintindex":0}}},{"from":[11.0,19.25,7.8],"to":[12.2,21.25,9.0],"rotation":{"origin":[11.6,19.650002,8.0],"x":22.5,"y":0.0,"z":0.0},"faces":{"east":{"uv":[2.9375,8.8125,3.0,8.9375],"texture":"#0","tintindex":0},"south":{"uv":[3.0,8.8125,3.0625,8.9375],"texture":"#0","tintindex":0},"north":{"uv":[2.75,8.8125,2.8125,8.9375],"texture":"#0","tintindex":0},"west":{"uv":[3.1875,8.8125,3.25,8.9375],"texture":"#0","tintindex":0},"up":{"uv":[1.75,7.875,1.6875,7.8125],"texture":"#0","tintindex":0},"down":{"uv":[7.875,3.875,7.8125,3.9375],"texture":"#0","tintindex":0}}},{"from":[4.4,13.650002,4.8],"to":[11.6,18.050003,10.0],"faces":{"east":{"uv":[7.0,2.1875,7.3125,2.4375],"texture":"#0","tintindex":0},"south":{"uv":[6.125,4.3125,6.5625,4.5625],"texture":"#0","tintindex":0},"north":{"uv":[5.3125,4.5625,5.75,4.8125],"texture":"#0","tintindex":0},"west":{"uv":[2.3125,7.0,2.625,7.25],"texture":"#0","tintindex":0},"up":{"uv":[5.9375,2.25,5.5,1.9375],"texture":"#0","tintindex":0},"down":{"uv":[2.4375,5.5,2.0,5.8125],"texture":"#0","tintindex":0}}},{"from":[7.6,9.25,4.0],"to":[10.6,12.650002,4.8],"rotation":{"origin":[9.6,14.050003,4.8],"x":0.0,"y":-45.0,"z":0.0},"faces":{"east":{"uv":[8.75,6.25,8.8125,6.4375],"texture":"#0","tintindex":0},"south":{"uv":[3.6875,8.0625,3.875,8.25],"texture":"#0","tintindex":0},"north":{"uv":[3.5,8.0625,3.6875,8.25],"texture":"#0","tintindex":0},"west":{"uv":[6.3125,8.75,6.375,8.9375],"texture":"#0","tintindex":0},"up":{"uv":[4.6875,7.0625,4.5,7.0],"texture":"#0","tintindex":0},"down":{"uv":[8.25,2.1875,8.0625,2.25],"texture":"#0","tintindex":0}}},{"from":[10.0,16.449997,7.2],"to":[12.4,19.25,9.6],"faces":{"east":{"uv":[5.6875,8.4375,5.8125,8.625],"texture":"#0","tintindex":0},"south":{"uv":[5.8125,8.4375,5.9375,8.625],"texture":"#0","tintindex":0},"north":{"uv":[5.5625,8.4375,5.6875,8.625],"texture":"#0","tintindex":0},"west":{"uv":[5.9375,8.4375,6.0625,8.625],"texture":"#0","tintindex":0},"up":{"uv":[8.8125,0.875,8.6875,0.75],"texture":"#0","tintindex":0},"down":{"uv":[1.8125,8.6875,1.6875,8.8125],"texture":"#0","tintindex":0}}},{"from":[6.8,6.6500015,4.0],"to":[8.4,9.25,4.8],"rotation":{"origin":[6.4,14.050003,4.8],"x":0.0,"y":45.0,"z":0.0},"faces":{"east":{"uv":[6.5,8.75,6.5625,8.9375],"texture":"#0","tintindex":0},"south":{"uv":[7.4375,8.4375,7.5625,8.625],"texture":"#0","tintindex":0},"north":{"uv":[6.5625,8.4375,6.6875,8.625],"texture":"#0","tintindex":0},"west":{"uv":[6.5625,8.75,6.625,8.9375],"texture":"#0","tintindex":0},"up":{"uv":[8.9375,2.6875,8.8125,2.625],"texture":"#0","tintindex":0},"down":{"uv":[8.9375,3.1875,8.8125,3.25],"texture":"#0","tintindex":0}}},{"from":[7.4,20.050003,10.4],"to":[8.6,21.25,11.6],"rotation":{"origin":[11.6,19.650002,8.0],"x":22.5,"y":0.0,"z":0.0},"faces":{"east":{"uv":[8.125,4.625,8.1875,4.6875],"texture":"#0","tintindex":0},"south":{"uv":[8.1875,0.9375,8.25,1.0],"texture":"#0","tintindex":0},"north":{"uv":[7.875,4.25,7.9375,4.3125],"texture":"#0","tintindex":0},"west":{"uv":[8.1875,3.8125,8.25,3.875],"texture":"#0","tintindex":0},"up":{"uv":[8.25,6.5,8.1875,6.4375],"texture":"#0","tintindex":0},"down":{"uv":[8.3125,6.5625,8.25,6.625],"texture":"#0","tintindex":0}}},{"from":[4.2,11.650002,2.6],"to":[5.8,18.25,3.6],"rotation":{"origin":[9.2,14.050003,4.8],"x":0.0,"y":22.5,"z":0.0},"faces":{"east":{"uv":[7.1875,8.3125,7.25,8.75],"texture":"#0","tintindex":0},"south":{"uv":[0.0,7.625,0.125,8.0625],"texture":"#0","tintindex":0},"north":{"uv":[6.5625,7.5625,6.6875,8.0],"texture":"#0","tintindex":0},"west":{"uv":[7.25,8.3125,7.3125,8.75],"texture":"#0","tintindex":0},"up":{"uv":[4.125,8.875,4.0,8.8125],"texture":"#0","tintindex":0},"down":{"uv":[8.9375,4.0,8.8125,4.0625],"texture":"#0","tintindex":0}}},{"from":[12.0,13.25,5.6],"to":[13.6,19.650002,6.4],"rotation":{"origin":[12.4,14.050003,5.2],"x":0.0,"y":-45.0,"z":0.0},"faces":{"east":{"uv":[3.8125,2.5625,3.875,2.9375],"texture":"#0","tintindex":0},"south":{"uv":[2.3125,5.8125,2.4375,6.1875],"texture":"#0","tintindex":0},"north":{"uv":[1.375,5.8125,1.5,6.1875],"texture":"#0","tintindex":0},"west":{"uv":[4.625,1.1875,4.6875,1.5625],"texture":"#0","tintindex":0},"up":{"uv":[3.5,8.875,3.375,8.8125],"texture":"#0","tintindex":0},"down":{"uv":[3.625,8.8125,3.5,8.875],"texture":"#0","tintindex":0}}}],"textures":{"0":"modelengine:4d6e07eb-38a8-4dbb-bf37-a3584f874643","particle":"#0"}}