{"display":{"gui":{"rotation":[-150.0,-45.0,180.0]}},"elements":[{"from":[5.0,6.772879,10.472591],"to":[8.6,9.292879,11.552591],"faces":{"east":{"uv":[10.0625,0.9375,10.125,1.125],"texture":"#1","tintindex":0},"south":{"uv":[5.6875,12.0,5.9375,12.1875],"texture":"#1","tintindex":0},"north":{"uv":[5.4375,12.0,5.6875,12.1875],"texture":"#1","tintindex":0},"west":{"uv":[10.0625,1.125,10.125,1.3125],"texture":"#1","tintindex":0},"up":{"uv":[8.5,7.0,8.25,6.9375],"texture":"#1","tintindex":0},"down":{"uv":[4.4375,8.75,4.1875,8.8125],"texture":"#1","tintindex":0}}},{"from":[3.38,1.0128794,5.9725914],"to":[10.4,3.8928795,12.812592],"faces":{"east":{"uv":[8.0625,11.625,8.5,11.8125],"texture":"#1","tintindex":0},"south":{"uv":[11.625,8.0625,12.0625,8.25],"texture":"#1","tintindex":0},"north":{"uv":[11.625,7.6875,12.0625,7.875],"texture":"#1","tintindex":0},"west":{"uv":[11.625,8.625,12.0625,8.8125],"texture":"#1","tintindex":0},"up":{"uv":[8.625,10.6875,8.1875,10.25],"texture":"#1","tintindex":0},"down":{"uv":[4.125,10.3125,3.6875,10.75],"texture":"#1","tintindex":0}}},{"from":[3.92,1.0128794,6.6925926],"to":[9.68,6.772879,12.452593],"faces":{"east":{"uv":[1.8125,11.25,2.1875,11.625],"texture":"#1","tintindex":0},"south":{"uv":[2.1875,11.25,2.5625,11.625],"texture":"#1","tintindex":0},"north":{"uv":[11.25,1.5,11.625,1.875],"texture":"#1","tintindex":0},"west":{"uv":[11.25,4.0,11.625,4.375],"texture":"#1","tintindex":0},"up":{"uv":[4.625,11.625,4.25,11.25],"texture":"#1","tintindex":0},"down":{"uv":[11.625,4.375,11.25,4.75],"texture":"#1","tintindex":0}}},{"from":[4.46,1.0128794,3.8125916],"to":[9.32,5.692879,7.2325916],"rotation":{"origin":[-4.0,-0.42712116,6.6925926],"x":22.5,"y":0.0,"z":0.0},"faces":{"east":{"uv":[11.875,9.5625,12.0625,9.875],"texture":"#1","tintindex":0},"south":{"uv":[9.25,11.5625,9.5625,11.875],"texture":"#1","tintindex":0},"north":{"uv":[11.5625,8.3125,11.875,8.625],"texture":"#1","tintindex":0},"west":{"uv":[11.875,9.875,12.0625,10.1875],"texture":"#1","tintindex":0},"up":{"uv":[12.1875,9.375,11.875,9.1875],"texture":"#1","tintindex":0},"down":{"uv":[12.1875,10.1875,11.875,10.375],"texture":"#1","tintindex":0}}},{"from":[5.7200003,6.772879,7.5925922],"to":[7.88,9.292879,11.912592],"faces":{"east":{"uv":[4.1875,12.0,4.4375,12.1875],"texture":"#1","tintindex":0},"south":{"uv":[12.0625,10.5625,12.1875,10.75],"texture":"#1","tintindex":0},"north":{"uv":[10.5,12.0625,10.625,12.25],"texture":"#1","tintindex":0},"west":{"uv":[4.4375,12.0,4.6875,12.1875],"texture":"#1","tintindex":0},"up":{"uv":[7.6875,11.6875,7.5625,11.4375],"texture":"#1","tintindex":0},"down":{"uv":[2.5625,11.625,2.4375,11.875],"texture":"#1","tintindex":0}}},{"from":[5.0,6.772879,8.132591],"to":[8.6,9.292879,9.212591],"faces":{"east":{"uv":[10.0,0.375,10.0625,0.5625],"texture":"#1","tintindex":0},"south":{"uv":[12.0,4.0,12.25,4.1875],"texture":"#1","tintindex":0},"north":{"uv":[12.0,3.8125,12.25,4.0],"texture":"#1","tintindex":0},"west":{"uv":[10.0,0.5625,10.0625,0.75],"texture":"#1","tintindex":0},"up":{"uv":[4.0,8.0625,3.75,8.0],"texture":"#1","tintindex":0},"down":{"uv":[8.25,6.9375,8.0,7.0],"texture":"#1","tintindex":0}}}],"textures":{"1":"modelengine:0facf9b8-a393-414a-b808-f4f06966fc55","particle":"#1"}}