{"display":{"gui":{"rotation":[-150.0,-45.0,180.0]}},"elements":[{"from":[7.04,-4.2199993,6.459999],"to":[11.36,8.02,10.780001],"faces":{"east":{"uv":[7.8125,10.3125,8.0625,11.0625],"texture":"#1","tintindex":0},"south":{"uv":[1.0,10.375,1.25,11.125],"texture":"#1","tintindex":0},"north":{"uv":[6.625,10.25,6.875,11.0],"texture":"#1","tintindex":0},"west":{"uv":[4.125,10.375,4.375,11.125],"texture":"#1","tintindex":0},"up":{"uv":[11.875,12.0625,11.625,11.8125],"texture":"#1","tintindex":0},"down":{"uv":[0.25,11.875,0.0,12.125],"texture":"#1","tintindex":0}}},{"from":[5.42,-4.58,5.379999],"to":[8.74,7.66,9.42],"rotation":{"origin":[9.2,-0.6199999,9.34],"x":0.0,"y":-45.0,"z":0.0},"faces":{"east":{"uv":[10.375,6.5625,10.625,7.3125],"texture":"#1","tintindex":0},"south":{"uv":[5.0625,11.1875,5.25,11.9375],"texture":"#1","tintindex":0},"north":{"uv":[4.875,11.1875,5.0625,11.9375],"texture":"#1","tintindex":0},"west":{"uv":[6.875,10.375,7.125,11.125],"texture":"#1","tintindex":0},"up":{"uv":[9.8125,12.1875,9.625,11.9375],"texture":"#1","tintindex":0},"down":{"uv":[10.0,11.9375,9.8125,12.1875],"texture":"#1","tintindex":0}}}],"textures":{"1":"modelengine:0facf9b8-a393-414a-b808-f4f06966fc55","particle":"#1"}}