{"display":{"gui":{"rotation":[-150.0,-45.0,180.0]}},"elements":[{"from":[1.6700001,-9.359999,-2.7000008],"to":[8.43,7.200001,3.7799997],"rotation":{"origin":[16.1,21.600002,11.519999],"x":-22.5,"y":0.0,"z":0.0},"faces":{"east":{"uv":[1.3125,8.75,1.6875,9.8125],"texture":"#1","tintindex":0},"south":{"uv":[0.0,8.0625,0.4375,9.125],"texture":"#1","tintindex":0},"north":{"uv":[2.8125,7.3125,3.25,8.375],"texture":"#1","tintindex":0},"west":{"uv":[1.6875,8.75,2.0625,9.8125],"texture":"#1","tintindex":0},"up":{"uv":[1.0,11.1875,0.5625,10.8125],"texture":"#1","tintindex":0},"down":{"uv":[11.25,1.5,10.8125,1.875],"texture":"#1","tintindex":0}}},{"from":[2.42,0.5400009,15.84],"to":[9.8,14.580002,22.319998],"rotation":{"origin":[16.1,21.600002,11.519999],"x":0.0,"y":-45.0,"z":0.0},"faces":{"east":{"uv":[9.375,6.625,9.75,7.5],"texture":"#1","tintindex":0},"south":{"uv":[5.5625,8.75,6.0,9.625],"texture":"#1","tintindex":0},"north":{"uv":[3.75,8.75,4.1875,9.625],"texture":"#1","tintindex":0},"west":{"uv":[8.3125,9.375,8.6875,10.25],"texture":"#1","tintindex":0},"up":{"uv":[11.25,4.4375,10.8125,4.0625],"texture":"#1","tintindex":0},"down":{"uv":[11.25,4.4375,10.8125,4.8125],"texture":"#1","tintindex":0}}},{"from":[2.96,-4.6799984,0.539999],"to":[10.16,7.200001,7.5599995],"rotation":{"origin":[16.1,21.600002,11.519999],"x":-22.5,"y":0.0,"z":0.0},"faces":{"east":{"uv":[9.3125,3.0625,9.75,3.8125],"texture":"#1","tintindex":0},"south":{"uv":[9.3125,3.8125,9.75,4.5625],"texture":"#1","tintindex":0},"north":{"uv":[9.3125,2.3125,9.75,3.0625],"texture":"#1","tintindex":0},"west":{"uv":[9.375,5.875,9.8125,6.625],"texture":"#1","tintindex":0},"up":{"uv":[10.75,6.0625,10.3125,5.625],"texture":"#1","tintindex":0},"down":{"uv":[9.375,10.3125,8.9375,10.75],"texture":"#1","tintindex":0}}},{"from":[3.8600006,-0.7199993,-3.7800007],"to":[8.18,13.68,10.08],"rotation":{"origin":[16.1,21.600002,11.519999],"x":-22.5,"y":0.0,"z":0.0},"faces":{"east":{"uv":[6.5,2.6875,7.375,3.5625],"texture":"#1","tintindex":0},"south":{"uv":[9.9375,4.5625,10.1875,5.4375],"texture":"#1","tintindex":0},"north":{"uv":[0.75,9.9375,1.0,10.8125],"texture":"#1","tintindex":0},"west":{"uv":[6.5,3.5625,7.375,4.4375],"texture":"#1","tintindex":0},"up":{"uv":[5.125,10.8125,4.875,9.9375],"texture":"#1","tintindex":0},"down":{"uv":[5.375,9.9375,5.125,10.8125],"texture":"#1","tintindex":0}}}],"textures":{"1":"modelengine:0facf9b8-a393-414a-b808-f4f06966fc55","particle":"#1"}}