{"display":{"gui":{"rotation":[-150.0,-45.0,180.0]}},"elements":[{"from":[5.84,-4.5199986,5.9400005],"to":[10.16,7.720001,10.26],"faces":{"east":{"uv":[8.625,10.5,8.875,11.25],"texture":"#1","tintindex":0},"south":{"uv":[2.75,10.625,3.0,11.375],"texture":"#1","tintindex":0},"north":{"uv":[4.625,10.5,4.875,11.25],"texture":"#1","tintindex":0},"west":{"uv":[10.625,6.5625,10.875,7.3125],"texture":"#1","tintindex":0},"up":{"uv":[3.4375,12.125,3.1875,11.875],"texture":"#1","tintindex":0},"down":{"uv":[3.6875,11.875,3.4375,12.125],"texture":"#1","tintindex":0}}},{"from":[8.54,-4.879999,5.220001],"to":[11.42,7.3600006,8.460001],"rotation":{"origin":[8.0,-0.9199991,8.82],"x":0.0,"y":45.0,"z":0.0},"faces":{"east":{"uv":[2.75,11.375,2.9375,12.125],"texture":"#1","tintindex":0},"south":{"uv":[10.875,11.375,11.0625,12.125],"texture":"#1","tintindex":0},"north":{"uv":[8.625,11.25,8.8125,12.0],"texture":"#1","tintindex":0},"west":{"uv":[11.4375,2.8125,11.625,3.5625],"texture":"#1","tintindex":0},"up":{"uv":[9.1875,12.25,9.0,12.0625],"texture":"#1","tintindex":0},"down":{"uv":[9.375,12.0625,9.1875,12.25],"texture":"#1","tintindex":0}}}],"textures":{"1":"modelengine:0facf9b8-a393-414a-b808-f4f06966fc55","particle":"#1"}}