{"display":{"gui":{"rotation":[-150.0,-45.0,180.0]}},"elements":[{"from":[5.8,-0.55000305,5.6],"to":[8.4,9.25,10.4],"faces":{"east":{"uv":[4.875,3.5625,5.1875,4.1875],"texture":"#0","tintindex":0},"south":{"uv":[3.1875,6.0625,3.375,6.6875],"texture":"#0","tintindex":0},"north":{"uv":[3.0,6.0625,3.1875,6.6875],"texture":"#0","tintindex":0},"west":{"uv":[3.125,5.0,3.4375,5.625],"texture":"#0","tintindex":0},"up":{"uv":[7.75,4.25,7.5625,3.9375],"texture":"#0","tintindex":0},"down":{"uv":[5.75,7.5625,5.5625,7.875],"texture":"#0","tintindex":0}}},{"from":[6.6000004,1.0499992,6.4],"to":[9.6,9.049995,9.4],"rotation":{"origin":[9.4,3.449997,6.6],"x":0.0,"y":0.0,"z":-22.5},"faces":{"east":{"uv":[0.1875,6.75,0.375,7.25],"texture":"#0","tintindex":0},"south":{"uv":[0.375,6.75,0.5625,7.25],"texture":"#0","tintindex":0},"north":{"uv":[5.875,6.6875,6.0625,7.1875],"texture":"#0","tintindex":0},"west":{"uv":[6.75,0.375,6.9375,0.875],"texture":"#0","tintindex":0},"up":{"uv":[8.3125,6.4375,8.125,6.25],"texture":"#0","tintindex":0},"down":{"uv":[8.3125,6.625,8.125,6.8125],"texture":"#0","tintindex":0}}},{"from":[4.2,5.25,6.4],"to":[7.0,8.25,9.4],"rotation":{"origin":[4.6000004,7.25,8.2],"x":0.0,"y":0.0,"z":-22.5},"faces":{"east":{"uv":[5.5625,8.125,5.75,8.3125],"texture":"#0","tintindex":0},"south":{"uv":[8.125,5.6875,8.3125,5.875],"texture":"#0","tintindex":0},"north":{"uv":[8.125,5.3125,8.3125,5.5],"texture":"#0","tintindex":0},"west":{"uv":[5.875,8.125,6.0625,8.3125],"texture":"#0","tintindex":0},"up":{"uv":[8.3125,6.0625,8.125,5.875],"texture":"#0","tintindex":0},"down":{"uv":[8.3125,6.0625,8.125,6.25],"texture":"#0","tintindex":0}}},{"from":[3.3999996,-0.3500023,6.8],"to":[6.8,1.8499985,8.8],"rotation":{"origin":[6.3999996,1.25,8.2],"x":0.0,"y":0.0,"z":-45.0},"faces":{"east":{"uv":[8.6875,8.4375,8.8125,8.5625],"texture":"#0","tintindex":0},"south":{"uv":[8.5625,5.125,8.75,5.25],"texture":"#0","tintindex":0},"north":{"uv":[5.0625,8.5625,5.25,8.6875],"texture":"#0","tintindex":0},"west":{"uv":[8.5625,8.6875,8.6875,8.8125],"texture":"#0","tintindex":0},"up":{"uv":[8.75,5.375,8.5625,5.25],"texture":"#0","tintindex":0},"down":{"uv":[8.75,5.375,8.5625,5.5],"texture":"#0","tintindex":0}}},{"from":[5.8,-1.1500015,5.0],"to":[8.4,9.25,6.8],"rotation":{"origin":[6.2,4.25,6.6],"x":0.0,"y":0.0,"z":22.5},"faces":{"east":{"uv":[4.8125,7.0625,4.9375,7.6875],"texture":"#0","tintindex":0},"south":{"uv":[3.5625,6.0625,3.75,6.6875],"texture":"#0","tintindex":0},"north":{"uv":[3.375,6.0625,3.5625,6.6875],"texture":"#0","tintindex":0},"west":{"uv":[5.4375,7.0625,5.5625,7.6875],"texture":"#0","tintindex":0},"up":{"uv":[8.75,5.625,8.5625,5.5],"texture":"#0","tintindex":0},"down":{"uv":[8.75,5.625,8.5625,5.75],"texture":"#0","tintindex":0}}},{"from":[1.7999992,1.0499992,7.2],"to":[3.6000004,2.449997,8.4],"rotation":{"origin":[6.3999996,1.25,8.2],"x":0.0,"y":0.0,"z":-22.5},"faces":{"east":{"uv":[8.875,1.0625,8.9375,1.125],"texture":"#0","tintindex":0},"south":{"uv":[8.8125,6.875,8.9375,6.9375],"texture":"#0","tintindex":0},"north":{"uv":[8.8125,6.8125,8.9375,6.875],"texture":"#0","tintindex":0},"west":{"uv":[8.875,1.125,8.9375,1.1875],"texture":"#0","tintindex":0},"up":{"uv":[7.0625,8.875,6.9375,8.8125],"texture":"#0","tintindex":0},"down":{"uv":[8.9375,6.9375,8.8125,7.0],"texture":"#0","tintindex":0}}},{"from":[4.8,1.25,6.6],"to":[6.0,8.849998,9.0],"faces":{"east":{"uv":[4.875,4.1875,5.0,4.6875],"texture":"#0","tintindex":0},"south":{"uv":[7.875,8.25,7.9375,8.75],"texture":"#0","tintindex":0},"north":{"uv":[7.8125,8.25,7.875,8.75],"texture":"#0","tintindex":0},"west":{"uv":[1.625,7.3125,1.75,7.8125],"texture":"#0","tintindex":0},"up":{"uv":[8.875,7.125,8.8125,7.0],"texture":"#0","tintindex":0},"down":{"uv":[8.875,7.125,8.8125,7.25],"texture":"#0","tintindex":0}}},{"from":[0.0,7.0499954,7.2],"to":[1.7999992,8.449997,8.4],"rotation":{"origin":[4.6000004,7.25,8.2],"x":0.0,"y":0.0,"z":-22.5},"faces":{"east":{"uv":[1.0,8.875,1.0625,8.9375],"texture":"#0","tintindex":0},"south":{"uv":[8.8125,6.6875,8.9375,6.75],"texture":"#0","tintindex":0},"north":{"uv":[6.6875,8.8125,6.8125,8.875],"texture":"#0","tintindex":0},"west":{"uv":[1.0625,8.875,1.125,8.9375],"texture":"#0","tintindex":0},"up":{"uv":[8.9375,6.8125,8.8125,6.75],"texture":"#0","tintindex":0},"down":{"uv":[6.9375,8.8125,6.8125,8.875],"texture":"#0","tintindex":0}}},{"from":[7.3999996,-2.550003,6.2],"to":[10.4,5.449997,9.6],"faces":{"east":{"uv":[0.75,6.75,0.9375,7.25],"texture":"#0","tintindex":0},"south":{"uv":[1.3125,6.75,1.5,7.25],"texture":"#0","tintindex":0},"north":{"uv":[0.5625,6.75,0.75,7.25],"texture":"#0","tintindex":0},"west":{"uv":[6.75,4.5625,6.9375,5.0625],"texture":"#0","tintindex":0},"up":{"uv":[7.3125,8.3125,7.125,8.125],"texture":"#0","tintindex":0},"down":{"uv":[8.25,8.125,8.0625,8.3125],"texture":"#0","tintindex":0}}},{"from":[1.6000004,5.6499977,6.8],"to":[5.0,7.8499985,8.8],"rotation":{"origin":[4.6000004,7.25,8.2],"x":0.0,"y":0.0,"z":-45.0},"faces":{"east":{"uv":[7.9375,8.6875,8.0625,8.8125],"texture":"#0","tintindex":0},"south":{"uv":[8.5625,4.75,8.75,4.875],"texture":"#0","tintindex":0},"north":{"uv":[8.5625,3.6875,8.75,3.8125],"texture":"#0","tintindex":0},"west":{"uv":[8.6875,8.3125,8.8125,8.4375],"texture":"#0","tintindex":0},"up":{"uv":[8.75,5.0,8.5625,4.875],"texture":"#0","tintindex":0},"down":{"uv":[8.75,5.0,8.5625,5.125],"texture":"#0","tintindex":0}}}],"textures":{"0":"modelengine:4d6e07eb-38a8-4dbb-bf37-a3584f874643","particle":"#0"}}