{"display":{"gui":{"rotation":[-150.0,-45.0,180.0]}},"elements":[{"from":[6.4,-7.3500004,2.4],"to":[8.4,-5.950001,5.3999996],"rotation":{"origin":[8.0,-6.950001,9.8],"x":0.0,"y":0.0,"z":22.5},"faces":{"east":{"uv":[8.0625,7.625,8.25,7.6875],"texture":"#0","tintindex":0},"south":{"uv":[8.8125,5.75,8.9375,5.8125],"texture":"#0","tintindex":0},"north":{"uv":[5.75,8.8125,5.875,8.875],"texture":"#0","tintindex":0},"west":{"uv":[8.125,5.5,8.3125,5.5625],"texture":"#0","tintindex":0},"up":{"uv":[8.625,4.0,8.5,3.8125],"texture":"#0","tintindex":0},"down":{"uv":[4.0,8.5,3.875,8.6875],"texture":"#0","tintindex":0}}},{"from":[6.0,-8.950001,1.2000003],"to":[10.8,-6.75,7.4],"faces":{"east":{"uv":[7.6875,5.6875,8.0625,5.8125],"texture":"#0","tintindex":0},"south":{"uv":[8.0,5.5625,8.3125,5.6875],"texture":"#0","tintindex":0},"north":{"uv":[7.9375,3.5,8.25,3.625],"texture":"#0","tintindex":0},"west":{"uv":[7.6875,6.9375,8.0625,7.0625],"texture":"#0","tintindex":0},"up":{"uv":[1.375,6.1875,1.0625,5.8125],"texture":"#0","tintindex":0},"down":{"uv":[2.3125,5.8125,2.0,6.1875],"texture":"#0","tintindex":0}}},{"from":[6.8,2.8499985,11.4],"to":[9.8,8.049999,13.200001],"faces":{"east":{"uv":[6.1875,8.0,6.3125,8.3125],"texture":"#0","tintindex":0},"south":{"uv":[7.5,6.9375,7.6875,7.25],"texture":"#0","tintindex":0},"north":{"uv":[7.5,5.5625,7.6875,5.875],"texture":"#0","tintindex":0},"west":{"uv":[6.4375,8.0,6.5625,8.3125],"texture":"#0","tintindex":0},"up":{"uv":[8.6875,2.6875,8.5,2.5625],"texture":"#0","tintindex":0},"down":{"uv":[8.6875,3.1875,8.5,3.3125],"texture":"#0","tintindex":0}}},{"from":[5.4,-9.15,6.8],"to":[6.6000004,-3.3499985,8.6],"rotation":{"origin":[8.0,-6.950001,8.8],"x":22.5,"y":0.0,"z":0.0},"faces":{"east":{"uv":[7.6875,4.9375,7.8125,5.3125],"texture":"#0","tintindex":0},"south":{"uv":[1.25,8.375,1.3125,8.75],"texture":"#0","tintindex":0},"north":{"uv":[4.1875,5.8125,4.25,6.1875],"texture":"#0","tintindex":0},"west":{"uv":[7.6875,5.3125,7.8125,5.6875],"texture":"#0","tintindex":0},"up":{"uv":[4.75,8.9375,4.6875,8.8125],"texture":"#0","tintindex":0},"down":{"uv":[5.625,8.8125,5.5625,8.9375],"texture":"#0","tintindex":0}}},{"from":[12.4,-0.15000153,5.6],"to":[14.4,3.0499992,7.6],"rotation":{"origin":[17.6,7.8499985,8.8],"x":0.0,"y":0.0,"z":-45.0},"faces":{"east":{"uv":[3.5,8.5,3.625,8.6875],"texture":"#0","tintindex":0},"south":{"uv":[3.625,8.5,3.75,8.6875],"texture":"#0","tintindex":0},"north":{"uv":[3.375,8.5,3.5,8.6875],"texture":"#0","tintindex":0},"west":{"uv":[3.75,8.5,3.875,8.6875],"texture":"#0","tintindex":0},"up":{"uv":[8.8125,5.875,8.6875,5.75],"texture":"#0","tintindex":0},"down":{"uv":[5.9375,8.6875,5.8125,8.8125],"texture":"#0","tintindex":0}}},{"from":[5.0,-9.15,9.4],"to":[6.6000004,-4.1500015,11.2],"faces":{"east":{"uv":[8.0,6.625,8.125,6.9375],"texture":"#0","tintindex":0},"south":{"uv":[0.0,8.0625,0.125,8.375],"texture":"#0","tintindex":0},"north":{"uv":[6.5625,8.0,6.6875,8.3125],"texture":"#0","tintindex":0},"west":{"uv":[0.125,8.0625,0.25,8.375],"texture":"#0","tintindex":0},"up":{"uv":[8.8125,6.0,8.6875,5.875],"texture":"#0","tintindex":0},"down":{"uv":[8.8125,6.0,8.6875,6.125],"texture":"#0","tintindex":0}}},{"from":[7.2000003,-8.549999,-0.8000002],"to":[10.200001,-6.75,2.8000002],"rotation":{"origin":[8.8,-7.950001,0.19999981],"x":22.5,"y":0.0,"z":0.0},"faces":{"east":{"uv":[3.875,8.25,4.125,8.375],"texture":"#0","tintindex":0},"south":{"uv":[8.5,4.25,8.6875,4.375],"texture":"#0","tintindex":0},"north":{"uv":[8.5,4.125,8.6875,4.25],"texture":"#0","tintindex":0},"west":{"uv":[8.25,3.9375,8.5,4.0625],"texture":"#0","tintindex":0},"up":{"uv":[7.125,7.9375,6.9375,7.6875],"texture":"#0","tintindex":0},"down":{"uv":[7.875,7.4375,7.6875,7.6875],"texture":"#0","tintindex":0}}},{"from":[9.8,-9.15,6.8],"to":[11.0,-4.75,8.6],"rotation":{"origin":[8.0,-6.950001,8.8],"x":22.5,"y":0.0,"z":0.0},"faces":{"east":{"uv":[3.375,8.25,3.5,8.5],"texture":"#0","tintindex":0},"south":{"uv":[7.75,8.5625,7.8125,8.8125],"texture":"#0","tintindex":0},"north":{"uv":[7.5625,0.0,7.625,0.25],"texture":"#0","tintindex":0},"west":{"uv":[3.5,8.25,3.625,8.5],"texture":"#0","tintindex":0},"up":{"uv":[5.6875,8.9375,5.625,8.8125],"texture":"#0","tintindex":0},"down":{"uv":[5.75,8.8125,5.6875,8.9375],"texture":"#0","tintindex":0}}},{"from":[6.2000003,-4.950001,6.6],"to":[10.6,9.450001,11.6],"faces":{"east":{"uv":[3.875,4.5625,4.1875,5.4375],"texture":"#0","tintindex":0},"south":{"uv":[4.75,4.75,5.0,5.625],"texture":"#0","tintindex":0},"north":{"uv":[4.5,4.75,4.75,5.625],"texture":"#0","tintindex":0},"west":{"uv":[4.1875,4.5625,4.5,5.4375],"texture":"#0","tintindex":0},"up":{"uv":[4.0,7.3125,3.75,7.0],"texture":"#0","tintindex":0},"down":{"uv":[7.25,5.75,7.0,6.0625],"texture":"#0","tintindex":0}}},{"from":[6.6000004,-9.15,5.3999996],"to":[10.0,-4.75,12.200001],"faces":{"east":{"uv":[6.125,4.5625,6.5625,4.8125],"texture":"#0","tintindex":0},"south":{"uv":[4.9375,7.6875,5.125,7.9375],"texture":"#0","tintindex":0},"north":{"uv":[7.6875,2.25,7.875,2.5],"texture":"#0","tintindex":0},"west":{"uv":[6.1875,0.0,6.625,0.25],"texture":"#0","tintindex":0},"up":{"uv":[4.3125,7.3125,4.125,6.875],"texture":"#0","tintindex":0},"down":{"uv":[4.5,6.875,4.3125,7.3125],"texture":"#0","tintindex":0}}},{"from":[5.4,-2.75,7.2],"to":[6.2000003,7.8499985,10.4],"faces":{"east":{"uv":[2.4375,5.5,2.625,6.1875],"texture":"#0","tintindex":0},"south":{"uv":[0.75,7.75,0.8125,8.4375],"texture":"#0","tintindex":0},"north":{"uv":[2.6875,7.6875,2.75,8.375],"texture":"#0","tintindex":0},"west":{"uv":[5.6875,5.4375,5.875,6.125],"texture":"#0","tintindex":0},"up":{"uv":[8.4375,8.9375,8.375,8.75],"texture":"#0","tintindex":0},"down":{"uv":[8.5,8.75,8.4375,8.9375],"texture":"#0","tintindex":0}}},{"from":[7.0,-8.85,9.2],"to":[10.6,-5.25,13.4],"rotation":{"origin":[12.8,-7.450001,12.8],"x":-22.5,"y":0.0,"z":0.0},"faces":{"east":{"uv":[2.75,7.375,3.0,7.625],"texture":"#0","tintindex":0},"south":{"uv":[7.375,2.9375,7.625,3.1875],"texture":"#0","tintindex":0},"north":{"uv":[7.375,0.375,7.625,0.625],"texture":"#0","tintindex":0},"west":{"uv":[3.0,7.375,3.25,7.625],"texture":"#0","tintindex":0},"up":{"uv":[7.625,3.4375,7.375,3.1875],"texture":"#0","tintindex":0},"down":{"uv":[3.5,7.375,3.25,7.625],"texture":"#0","tintindex":0}}},{"from":[7.0,5.8499985,4.6000004],"to":[9.6,11.450001,6.6],"faces":{"east":{"uv":[4.5,7.6875,4.625,8.0625],"texture":"#0","tintindex":0},"south":{"uv":[4.9375,7.3125,5.125,7.6875],"texture":"#0","tintindex":0},"north":{"uv":[4.5,7.3125,4.6875,7.6875],"texture":"#0","tintindex":0},"west":{"uv":[4.8125,7.6875,4.9375,8.0625],"texture":"#0","tintindex":0},"up":{"uv":[8.5625,6.9375,8.375,6.8125],"texture":"#0","tintindex":0},"down":{"uv":[8.625,7.1875,8.4375,7.3125],"texture":"#0","tintindex":0}}},{"from":[8.6,-2.9500008,5.3999996],"to":[9.8,5.25,6.6],"faces":{"east":{"uv":[6.125,8.0625,6.1875,8.5625],"texture":"#0","tintindex":0},"south":{"uv":[7.75,8.0625,7.8125,8.5625],"texture":"#0","tintindex":0},"north":{"uv":[1.6875,6.5,1.75,7.0],"texture":"#0","tintindex":0},"west":{"uv":[6.6875,8.1875,6.75,8.6875],"texture":"#0","tintindex":0},"up":{"uv":[8.9375,0.5625,8.875,0.5],"texture":"#0","tintindex":0},"down":{"uv":[0.625,8.875,0.5625,8.9375],"texture":"#0","tintindex":0}}},{"from":[7.6000004,-6.75,1.6000004],"to":[10.200001,-5.1499996,5.3999996],"rotation":{"origin":[8.0,-6.950001,9.8],"x":0.0,"y":0.0,"z":-22.5},"faces":{"east":{"uv":[3.625,8.25,3.875,8.375],"texture":"#0","tintindex":0},"south":{"uv":[8.5,4.0,8.6875,4.125],"texture":"#0","tintindex":0},"north":{"uv":[4.0,8.5,4.1875,8.625],"texture":"#0","tintindex":0},"west":{"uv":[8.25,3.8125,8.5,3.9375],"texture":"#0","tintindex":0},"up":{"uv":[5.5625,7.9375,5.375,7.6875],"texture":"#0","tintindex":0},"down":{"uv":[6.9375,7.6875,6.75,7.9375],"texture":"#0","tintindex":0}}},{"from":[4.6000004,6.450001,5.6],"to":[6.6000004,9.650002,7.4],"rotation":{"origin":[8.0,7.8499985,8.8],"x":0.0,"y":0.0,"z":45.0},"faces":{"east":{"uv":[2.9375,8.5,3.0625,8.6875],"texture":"#0","tintindex":0},"south":{"uv":[8.5,3.0,8.625,3.1875],"texture":"#0","tintindex":0},"north":{"uv":[8.5,2.8125,8.625,3.0],"texture":"#0","tintindex":0},"west":{"uv":[3.25,8.5,3.375,8.6875],"texture":"#0","tintindex":0},"up":{"uv":[5.6875,8.8125,5.5625,8.6875],"texture":"#0","tintindex":0},"down":{"uv":[5.8125,8.6875,5.6875,8.8125],"texture":"#0","tintindex":0}}},{"from":[6.6000004,0.049999237,12.0],"to":[10.0,5.450001,13.6],"rotation":{"origin":[12.8,4.6500015,8.8],"x":22.5,"y":0.0,"z":0.0},"faces":{"east":{"uv":[8.0,5.8125,8.125,6.125],"texture":"#0","tintindex":0},"south":{"uv":[7.5,5.25,7.6875,5.5625],"texture":"#0","tintindex":0},"north":{"uv":[7.5,4.9375,7.6875,5.25],"texture":"#0","tintindex":0},"west":{"uv":[8.0,6.125,8.125,6.4375],"texture":"#0","tintindex":0},"up":{"uv":[8.6875,0.375,8.5,0.25],"texture":"#0","tintindex":0},"down":{"uv":[8.6875,1.8125,8.5,1.9375],"texture":"#0","tintindex":0}}},{"from":[6.6000004,-2.9500008,5.3999996],"to":[7.8,5.25,6.6],"faces":{"east":{"uv":[2.5,8.25,2.5625,8.75],"texture":"#0","tintindex":0},"south":{"uv":[2.5625,8.25,2.625,8.75],"texture":"#0","tintindex":0},"north":{"uv":[0.875,8.25,0.9375,8.75],"texture":"#0","tintindex":0},"west":{"uv":[2.625,8.25,2.6875,8.75],"texture":"#0","tintindex":0},"up":{"uv":[8.9375,0.625,8.875,0.5625],"texture":"#0","tintindex":0},"down":{"uv":[0.6875,8.875,0.625,8.9375],"texture":"#0","tintindex":0}}},{"from":[6.8,1.4500008,7.0],"to":[8.6,8.650002,11.0],"rotation":{"origin":[4.8,2.25,8.8],"x":0.0,"y":0.0,"z":22.5},"faces":{"east":{"uv":[1.0625,6.1875,1.3125,6.625],"texture":"#0","tintindex":0},"south":{"uv":[1.25,7.625,1.375,8.0625],"texture":"#0","tintindex":0},"north":{"uv":[7.625,0.0,7.75,0.4375],"texture":"#0","tintindex":0},"west":{"uv":[2.0,6.1875,2.25,6.625],"texture":"#0","tintindex":0},"up":{"uv":[3.375,8.5,3.25,8.25],"texture":"#0","tintindex":0},"down":{"uv":[8.375,3.3125,8.25,3.5625],"texture":"#0","tintindex":0}}}],"textures":{"0":"modelengine:4d6e07eb-38a8-4dbb-bf37-a3584f874643","particle":"#0"}}