{"display":{"gui":{"rotation":[-150.0,-45.0,180.0]}},"elements":[{"from":[3.4000006,-2.75,6.2],"to":[5.200001,7.050003,9.0],"faces":{"east":{"uv":[5.875,5.4375,6.0625,6.0625],"texture":"#0","tintindex":0},"south":{"uv":[0.0,7.0,0.125,7.625],"texture":"#0","tintindex":0},"north":{"uv":[5.125,6.8125,5.25,7.4375],"texture":"#0","tintindex":0},"west":{"uv":[5.9375,4.3125,6.125,4.9375],"texture":"#0","tintindex":0},"up":{"uv":[4.3125,8.75,4.1875,8.5625],"texture":"#0","tintindex":0},"down":{"uv":[8.6875,4.375,8.5625,4.5625],"texture":"#0","tintindex":0}}},{"from":[5.4000006,5.8499985,4.2],"to":[7.0,12.449997,5.6],"rotation":{"origin":[6.4000006,7.6500015,7.8],"x":0.0,"y":0.0,"z":45.0},"faces":{"east":{"uv":[0.5,8.375,0.5625,8.8125],"texture":"#0","tintindex":0},"south":{"uv":[2.875,7.625,3.0,8.0625],"texture":"#0","tintindex":0},"north":{"uv":[7.625,2.8125,7.75,3.25],"texture":"#0","tintindex":0},"west":{"uv":[8.375,0.5,8.4375,0.9375],"texture":"#0","tintindex":0},"up":{"uv":[8.9375,6.375,8.8125,6.3125],"texture":"#0","tintindex":0},"down":{"uv":[8.9375,6.375,8.8125,6.4375],"texture":"#0","tintindex":0}}},{"from":[7.4000006,7.050003,4.2],"to":[9.0,13.650002,5.6],"rotation":{"origin":[6.4000006,7.6500015,7.8],"x":0.0,"y":0.0,"z":22.5},"faces":{"east":{"uv":[0.5625,8.375,0.625,8.8125],"texture":"#0","tintindex":0},"south":{"uv":[3.125,7.625,3.25,8.0625],"texture":"#0","tintindex":0},"north":{"uv":[3.0,7.625,3.125,8.0625],"texture":"#0","tintindex":0},"west":{"uv":[0.625,8.375,0.6875,8.8125],"texture":"#0","tintindex":0},"up":{"uv":[8.9375,6.625,8.8125,6.5625],"texture":"#0","tintindex":0},"down":{"uv":[8.9375,6.625,8.8125,6.6875],"texture":"#0","tintindex":0}}},{"from":[8.6,0.44999695,6.4],"to":[10.200001,7.449997,8.6],"faces":{"east":{"uv":[2.3125,7.625,2.4375,8.0625],"texture":"#0","tintindex":0},"south":{"uv":[2.4375,7.625,2.5625,8.0625],"texture":"#0","tintindex":0},"north":{"uv":[2.1875,7.625,2.3125,8.0625],"texture":"#0","tintindex":0},"west":{"uv":[2.75,7.625,2.875,8.0625],"texture":"#0","tintindex":0},"up":{"uv":[8.8125,7.0625,8.6875,6.9375],"texture":"#0","tintindex":0},"down":{"uv":[8.8125,7.625,8.6875,7.75],"texture":"#0","tintindex":0}}},{"from":[2.8000002,9.050003,5.8],"to":[8.400001,11.050003,10.8],"rotation":{"origin":[6.4000006,7.6500015,7.8],"x":0.0,"y":0.0,"z":22.5},"faces":{"east":{"uv":[8.0,7.8125,8.3125,7.9375],"texture":"#0","tintindex":0},"south":{"uv":[7.8125,4.8125,8.1875,4.9375],"texture":"#0","tintindex":0},"north":{"uv":[7.8125,4.6875,8.1875,4.8125],"texture":"#0","tintindex":0},"west":{"uv":[8.0625,0.0,8.375,0.125],"texture":"#0","tintindex":0},"up":{"uv":[6.3125,2.25,5.9375,1.9375],"texture":"#0","tintindex":0},"down":{"uv":[5.1875,5.9375,4.8125,6.25],"texture":"#0","tintindex":0}}},{"from":[5.200001,-4.3499985,5.6],"to":[8.6,7.050003,9.4],"faces":{"east":{"uv":[5.0,4.8125,5.25,5.5],"texture":"#0","tintindex":0},"south":{"uv":[5.25,5.75,5.4375,6.4375],"texture":"#0","tintindex":0},"north":{"uv":[5.75,4.5625,5.9375,5.25],"texture":"#0","tintindex":0},"west":{"uv":[0.0,5.125,0.25,5.8125],"texture":"#0","tintindex":0},"up":{"uv":[0.5,8.0625,0.3125,7.8125],"texture":"#0","tintindex":0},"down":{"uv":[1.25,7.8125,1.0625,8.0625],"texture":"#0","tintindex":0}}},{"from":[4.0,5.8499985,4.8],"to":[11.400001,10.050003,10.0],"rotation":{"origin":[6.4000006,7.6500015,7.8],"x":0.0,"y":0.0,"z":22.5},"faces":{"east":{"uv":[7.0625,3.0,7.375,3.25],"texture":"#0","tintindex":0},"south":{"uv":[6.375,0.9375,6.8125,1.1875],"texture":"#0","tintindex":0},"north":{"uv":[6.3125,4.8125,6.75,5.0625],"texture":"#0","tintindex":0},"west":{"uv":[4.5,7.0625,4.8125,7.3125],"texture":"#0","tintindex":0},"up":{"uv":[6.0625,1.4375,5.625,1.125],"texture":"#0","tintindex":0},"down":{"uv":[5.25,5.625,4.8125,5.9375],"texture":"#0","tintindex":0}}},{"from":[3.2000008,-1.550003,9.4],"to":[5.8,7.050003,10.4],"rotation":{"origin":[6.4000006,7.6500015,7.8],"x":0.0,"y":0.0,"z":22.5},"faces":{"east":{"uv":[5.0625,7.9375,5.125,8.5],"texture":"#0","tintindex":0},"south":{"uv":[5.0625,6.25,5.25,6.8125],"texture":"#0","tintindex":0},"north":{"uv":[1.3125,6.1875,1.5,6.75],"texture":"#0","tintindex":0},"west":{"uv":[5.5,7.9375,5.5625,8.5],"texture":"#0","tintindex":0},"up":{"uv":[8.9375,1.0625,8.75,1.0],"texture":"#0","tintindex":0},"down":{"uv":[8.9375,3.9375,8.75,4.0],"texture":"#0","tintindex":0}}},{"from":[0.39999962,6.449997,10.0],"to":[6.6000004,8.050003,11.4],"rotation":{"origin":[6.4000006,7.6500015,7.8],"x":0.0,"y":0.0,"z":-22.5},"faces":{"east":{"uv":[6.1875,8.8125,6.25,8.9375],"texture":"#0","tintindex":0},"south":{"uv":[7.8125,3.75,8.1875,3.875],"texture":"#0","tintindex":0},"north":{"uv":[7.8125,3.625,8.1875,3.75],"texture":"#0","tintindex":0},"west":{"uv":[8.8125,6.4375,8.875,6.5625],"texture":"#0","tintindex":0},"up":{"uv":[6.1875,0.375,5.8125,0.3125],"texture":"#0","tintindex":0},"down":{"uv":[7.0,3.375,6.625,3.4375],"texture":"#0","tintindex":0}}},{"from":[3.2000008,-1.550003,4.6],"to":[5.8,7.050003,5.6],"rotation":{"origin":[6.4000006,7.6500015,7.8],"x":0.0,"y":0.0,"z":22.5},"faces":{"east":{"uv":[1.3125,8.0625,1.375,8.625],"texture":"#0","tintindex":0},"south":{"uv":[6.25,6.375,6.4375,6.9375],"texture":"#0","tintindex":0},"north":{"uv":[6.0625,6.375,6.25,6.9375],"texture":"#0","tintindex":0},"west":{"uv":[4.8125,8.0625,4.875,8.625],"texture":"#0","tintindex":0},"up":{"uv":[8.9375,5.6875,8.75,5.625],"texture":"#0","tintindex":0},"down":{"uv":[8.9375,5.6875,8.75,5.75],"texture":"#0","tintindex":0}}}],"textures":{"0":"modelengine:4d6e07eb-38a8-4dbb-bf37-a3584f874643","particle":"#0"}}