{"display":{"gui":{"rotation":[-150.0,-45.0,180.0]}},"elements":[{"from":[9.0,5.25,6.4],"to":[11.8,8.25,9.4],"rotation":{"origin":[11.4,7.25,8.2],"x":0.0,"y":0.0,"z":22.5},"faces":{"east":{"uv":[8.1875,1.25,8.375,1.4375],"texture":"#0","tintindex":0},"south":{"uv":[8.1875,1.4375,8.375,1.625],"texture":"#0","tintindex":0},"north":{"uv":[8.1875,0.75,8.375,0.9375],"texture":"#0","tintindex":0},"west":{"uv":[8.1875,1.625,8.375,1.8125],"texture":"#0","tintindex":0},"up":{"uv":[8.375,2.0,8.1875,1.8125],"texture":"#0","tintindex":0},"down":{"uv":[2.125,8.1875,1.9375,8.375],"texture":"#0","tintindex":0}}},{"from":[12.4,1.0499992,7.2],"to":[14.200001,2.449997,8.4],"rotation":{"origin":[9.6,1.25,8.2],"x":0.0,"y":0.0,"z":22.5},"faces":{"east":{"uv":[2.125,8.875,2.1875,8.9375],"texture":"#0","tintindex":0},"south":{"uv":[8.8125,8.3125,8.9375,8.375],"texture":"#0","tintindex":0},"north":{"uv":[8.8125,8.25,8.9375,8.3125],"texture":"#0","tintindex":0},"west":{"uv":[8.875,2.125,8.9375,2.1875],"texture":"#0","tintindex":0},"up":{"uv":[8.9375,8.4375,8.8125,8.375],"texture":"#0","tintindex":0},"down":{"uv":[8.9375,8.4375,8.8125,8.5],"texture":"#0","tintindex":0}}},{"from":[6.3999996,1.0499992,6.4],"to":[9.4,9.049995,9.4],"rotation":{"origin":[6.6000004,3.449997,6.6],"x":0.0,"y":0.0,"z":22.5},"faces":{"east":{"uv":[6.75,6.0625,6.9375,6.5625],"texture":"#0","tintindex":0},"south":{"uv":[6.8125,0.875,7.0,1.375],"texture":"#0","tintindex":0},"north":{"uv":[5.25,6.75,5.4375,7.25],"texture":"#0","tintindex":0},"west":{"uv":[6.8125,1.9375,7.0,2.4375],"texture":"#0","tintindex":0},"up":{"uv":[8.375,2.1875,8.1875,2.0],"texture":"#0","tintindex":0},"down":{"uv":[8.375,3.625,8.1875,3.8125],"texture":"#0","tintindex":0}}},{"from":[7.6000004,-0.55000305,5.6],"to":[10.2,9.25,10.4],"faces":{"east":{"uv":[3.4375,5.0,3.75,5.625],"texture":"#0","tintindex":0},"south":{"uv":[0.375,6.125,0.5625,6.75],"texture":"#0","tintindex":0},"north":{"uv":[0.1875,6.125,0.375,6.75],"texture":"#0","tintindex":0},"west":{"uv":[5.0,4.1875,5.3125,4.8125],"texture":"#0","tintindex":0},"up":{"uv":[6.0625,7.875,5.875,7.5625],"texture":"#0","tintindex":0},"down":{"uv":[7.75,6.25,7.5625,6.5625],"texture":"#0","tintindex":0}}},{"from":[10.0,1.25,6.6],"to":[11.2,8.849998,9.0],"faces":{"east":{"uv":[4.6875,7.3125,4.8125,7.8125],"texture":"#0","tintindex":0},"south":{"uv":[6.1875,8.3125,6.25,8.8125],"texture":"#0","tintindex":0},"north":{"uv":[0.8125,8.3125,0.875,8.8125],"texture":"#0","tintindex":0},"west":{"uv":[6.3125,7.375,6.4375,7.875],"texture":"#0","tintindex":0},"up":{"uv":[8.875,8.625,8.8125,8.5],"texture":"#0","tintindex":0},"down":{"uv":[8.625,8.8125,8.5625,8.9375],"texture":"#0","tintindex":0}}},{"from":[14.200001,7.0499954,7.2],"to":[16.0,8.449997,8.4],"rotation":{"origin":[11.4,7.25,8.2],"x":0.0,"y":0.0,"z":22.5},"faces":{"east":{"uv":[2.0625,8.875,2.125,8.9375],"texture":"#0","tintindex":0},"south":{"uv":[8.8125,8.0625,8.9375,8.125],"texture":"#0","tintindex":0},"north":{"uv":[8.8125,8.0,8.9375,8.0625],"texture":"#0","tintindex":0},"west":{"uv":[8.875,2.0625,8.9375,2.125],"texture":"#0","tintindex":0},"up":{"uv":[8.9375,8.1875,8.8125,8.125],"texture":"#0","tintindex":0},"down":{"uv":[8.9375,8.1875,8.8125,8.25],"texture":"#0","tintindex":0}}},{"from":[9.2,-0.3500023,6.8],"to":[12.6,1.8499985,8.8],"rotation":{"origin":[9.6,1.25,8.2],"x":0.0,"y":0.0,"z":45.0},"faces":{"east":{"uv":[8.75,3.4375,8.875,3.5625],"texture":"#0","tintindex":0},"south":{"uv":[8.625,1.5625,8.8125,1.6875],"texture":"#0","tintindex":0},"north":{"uv":[8.625,1.4375,8.8125,1.5625],"texture":"#0","tintindex":0},"west":{"uv":[8.75,3.5625,8.875,3.6875],"texture":"#0","tintindex":0},"up":{"uv":[8.8125,1.8125,8.625,1.6875],"texture":"#0","tintindex":0},"down":{"uv":[8.8125,2.1875,8.625,2.3125],"texture":"#0","tintindex":0}}},{"from":[5.6000004,-2.550003,6.2],"to":[8.6,5.449997,9.6],"faces":{"east":{"uv":[6.8125,5.0625,7.0,5.5625],"texture":"#0","tintindex":0},"south":{"uv":[6.8125,5.5625,7.0,6.0625],"texture":"#0","tintindex":0},"north":{"uv":[4.9375,6.8125,5.125,7.3125],"texture":"#0","tintindex":0},"west":{"uv":[6.875,2.6875,7.0625,3.1875],"texture":"#0","tintindex":0},"up":{"uv":[8.375,4.8125,8.1875,4.625],"texture":"#0","tintindex":0},"down":{"uv":[7.5,8.1875,7.3125,8.375],"texture":"#0","tintindex":0}}},{"from":[11.0,5.6499977,6.8],"to":[14.4,7.8499985,8.8],"rotation":{"origin":[11.4,7.25,8.2],"x":0.0,"y":0.0,"z":45.0},"faces":{"east":{"uv":[8.75,3.0625,8.875,3.1875],"texture":"#0","tintindex":0},"south":{"uv":[8.625,1.0625,8.8125,1.1875],"texture":"#0","tintindex":0},"north":{"uv":[8.625,0.375,8.8125,0.5],"texture":"#0","tintindex":0},"west":{"uv":[8.75,3.3125,8.875,3.4375],"texture":"#0","tintindex":0},"up":{"uv":[8.8125,1.3125,8.625,1.1875],"texture":"#0","tintindex":0},"down":{"uv":[8.8125,1.3125,8.625,1.4375],"texture":"#0","tintindex":0}}},{"from":[7.6000004,-1.1500015,5.0],"to":[10.2,9.25,6.8],"rotation":{"origin":[9.8,4.25,6.6],"x":0.0,"y":0.0,"z":-22.5},"faces":{"east":{"uv":[7.0,7.0625,7.125,7.6875],"texture":"#0","tintindex":0},"south":{"uv":[0.75,6.125,0.9375,6.75],"texture":"#0","tintindex":0},"north":{"uv":[0.5625,6.125,0.75,6.75],"texture":"#0","tintindex":0},"west":{"uv":[0.9375,7.125,1.0625,7.75],"texture":"#0","tintindex":0},"up":{"uv":[8.8125,2.4375,8.625,2.3125],"texture":"#0","tintindex":0},"down":{"uv":[8.8125,2.4375,8.625,2.5625],"texture":"#0","tintindex":0}}}],"textures":{"0":"modelengine:4d6e07eb-38a8-4dbb-bf37-a3584f874643","particle":"#0"}}