{"display":{"gui":{"rotation":[-150.0,-45.0,180.0]}},"elements":[{"from":[6.2000003,-0.15000153,4.2],"to":[9.8,6.25,6.4],"rotation":{"origin":[7.8,3.4500008,5.2],"x":-22.5,"y":0.0,"z":0.0},"faces":{"east":{"uv":[7.6875,7.6875,7.8125,8.0625],"texture":"#0","tintindex":0},"south":{"uv":[6.75,0.0,7.0,0.375],"texture":"#0","tintindex":0},"north":{"uv":[6.6875,6.6875,6.9375,7.0625],"texture":"#0","tintindex":0},"west":{"uv":[7.75,0.0,7.875,0.375],"texture":"#0","tintindex":0},"up":{"uv":[8.5,4.1875,8.25,4.0625],"texture":"#0","tintindex":0},"down":{"uv":[4.375,8.25,4.125,8.375],"texture":"#0","tintindex":0}}},{"from":[8.6,0.45000076,7.0],"to":[12.400001,7.25,12.4],"faces":{"east":{"uv":[3.4375,5.625,3.75,6.0625],"texture":"#0","tintindex":0},"south":{"uv":[3.875,6.1875,4.125,6.625],"texture":"#0","tintindex":0},"north":{"uv":[2.25,6.1875,2.5,6.625],"texture":"#0","tintindex":0},"west":{"uv":[4.5,5.625,4.8125,6.0625],"texture":"#0","tintindex":0},"up":{"uv":[7.3125,3.0,7.0625,2.6875],"texture":"#0","tintindex":0},"down":{"uv":[3.125,7.0625,2.875,7.375],"texture":"#0","tintindex":0}}},{"from":[6.0,4.450001,8.6],"to":[14.0,9.450001,14.0],"rotation":{"origin":[7.2000003,5.25,11.4],"x":0.0,"y":0.0,"z":22.5},"faces":{"east":{"uv":[6.5625,4.25,6.875,4.5625],"texture":"#0","tintindex":0},"south":{"uv":[5.25,5.125,5.75,5.4375],"texture":"#0","tintindex":0},"north":{"uv":[5.25,4.8125,5.75,5.125],"texture":"#0","tintindex":0},"west":{"uv":[5.5625,6.5625,5.875,6.875],"texture":"#0","tintindex":0},"up":{"uv":[5.8125,4.25,5.3125,3.9375],"texture":"#0","tintindex":0},"down":{"uv":[5.8125,4.25,5.3125,4.5625],"texture":"#0","tintindex":0}}},{"from":[7.0,5.25,3.4],"to":[9.0,7.8499985,5.0],"faces":{"east":{"uv":[6.75,8.5,6.875,8.6875],"texture":"#0","tintindex":0},"south":{"uv":[6.875,8.5,7.0,8.6875],"texture":"#0","tintindex":0},"north":{"uv":[8.5,4.5625,8.625,4.75],"texture":"#0","tintindex":0},"west":{"uv":[7.0,8.5,7.125,8.6875],"texture":"#0","tintindex":0},"up":{"uv":[8.8125,6.25,8.6875,6.125],"texture":"#0","tintindex":0},"down":{"uv":[8.8125,6.4375,8.6875,6.5625],"texture":"#0","tintindex":0}}},{"from":[5.2000003,-2.9500008,5.6],"to":[11.0,9.450001,11.2],"faces":{"east":{"uv":[0.75,4.375,1.125,5.125],"texture":"#0","tintindex":0},"south":{"uv":[1.125,4.375,1.5,5.125],"texture":"#0","tintindex":0},"north":{"uv":[0.375,4.375,0.75,5.125],"texture":"#0","tintindex":0},"west":{"uv":[4.5,4.0,4.875,4.75],"texture":"#0","tintindex":0},"up":{"uv":[5.8125,0.375,5.4375,0.0],"texture":"#0","tintindex":0},"down":{"uv":[4.25,5.4375,3.875,5.8125],"texture":"#0","tintindex":0}}}],"textures":{"0":"modelengine:4d6e07eb-38a8-4dbb-bf37-a3584f874643","particle":"#0"}}