{"display":{"gui":{"rotation":[-150.0,-45.0,180.0]}},"elements":[{"from":[8.0,3.0302544,7.5897484],"to":[8.0,11.670254,23.429749],"faces":{"east":{"uv":[7.375,0.0,8.375,0.5625],"texture":"#1","tintindex":0},"west":{"uv":[5.625,7.5,6.625,8.0625],"texture":"#1","tintindex":0}}},{"from":[4.8873553,7.5576096,7.5897484],"to":[13.527355,7.5576096,23.429749],"faces":{"up":{"uv":[7.375,0.0,8.375,0.5625],"texture":"#1","rotation":270,"tintindex":0},"down":{"uv":[5.625,7.5,6.625,8.0625],"texture":"#1","rotation":270,"tintindex":0}}}],"textures":{"1":"modelengine:0facf9b8-a393-414a-b808-f4f06966fc55","particle":"#1"}}