{"display":{"gui":{"rotation":[-150.0,-45.0,180.0]}},"elements":[{"from":[3.6799998,8.139999,7.9856606],"to":[12.32,8.139999,23.825657],"faces":{"up":{"uv":[0.5625,7.625,1.5625,8.1875],"texture":"#1","rotation":270,"tintindex":0},"down":{"uv":[7.625,0.5625,8.625,1.125],"texture":"#1","rotation":270,"tintindex":0}}},{"from":[8.0,3.475235,7.9856606],"to":[8.0,12.115234,23.825657],"faces":{"east":{"uv":[0.5625,7.625,1.5625,8.1875],"texture":"#1","tintindex":0},"west":{"uv":[7.625,0.5625,8.625,1.125],"texture":"#1","tintindex":0}}}],"textures":{"1":"modelengine:0facf9b8-a393-414a-b808-f4f06966fc55","particle":"#1"}}